latitude,longitude,traffic_volume_vehicles_per_hour,average_speed_kmh,historical_accidents_12mo,hour_of_day,day_of_week,rainfall_mm,visibility_m,road_width_m,curve_severity,poor_lighting,road_surface_code,road_type_code,observed_at,location_name,day_period,weather_condition,road_surface,road_type,synthetic_future_accident_observed
24.807,93.9368,404,58.9,11,6,0,0.1,8116,8.0,1,0,0,0,2025-08-18T06:55:00+05:30,Kangla Fort area (synthetic demo),early_morning,clear,paved,arterial,0
24.807,93.9368,379,51.8,11,6,0,0.2,8690,8.0,1,0,0,0,2025-09-08T06:49:00+05:30,Kangla Fort area (synthetic demo),early_morning,clear,paved,arterial,0
24.807,93.9368,287,12.6,11,6,0,0.0,4661,8.0,1,0,0,0,2025-02-24T05:52:00+05:30,Kangla Fort area (synthetic demo),early_morning,clear,paved,arterial,0
24.807,93.9368,322,31.9,11,6,0,0.2,7254,8.0,1,0,0,0,2025-04-28T05:59:00+05:30,Kangla Fort area (synthetic demo),early_morning,clear,paved,arterial,0
24.807,93.9368,314,36.2,11,6,0,5.4,3288,8.0,1,0,0,0,2025-02-10T06:34:00+05:30,Kangla Fort area (synthetic demo),early_morning,rain,paved,arterial,0
24.807,93.9368,337,16.8,11,6,0,21.5,702,8.0,1,0,0,0,2025-11-17T05:23:00+05:30,Kangla Fort area (synthetic demo),early_morning,rain,paved,arterial,1
24.807,93.9368,341,60.6,11,5,0,30.8,3985,8.0,1,0,0,0,2025-08-18T06:56:00+05:30,Kangla Fort area (synthetic demo),early_morning,rain,paved,arterial,0
24.807,93.9368,277,23.9,11,4,0,21.0,4425,8.0,1,0,0,0,2025-08-18T06:51:00+05:30,Kangla Fort area (synthetic demo),early_morning,rain,paved,arterial,0
24.807,93.9368,359,36.9,11,5,0,1.4,1171,8.0,1,0,0,0,2025-10-27T04:45:00+05:30,Kangla Fort area (synthetic demo),early_morning,fog,paved,arterial,0
24.807,93.9368,366,49.9,11,6,0,1.3,349,8.0,1,0,0,0,2025-10-13T06:29:00+05:30,Kangla Fort area (synthetic demo),early_morning,fog,paved,arterial,0
24.807,93.9368,369,54.7,11,5,0,0.6,730,8.0,1,0,0,0,2025-09-08T06:32:00+05:30,Kangla Fort area (synthetic demo),early_morning,fog,paved,arterial,0
24.807,93.9368,363,43.7,11,5,0,0.4,650,8.0,1,0,0,0,2025-01-06T04:09:00+05:30,Kangla Fort area (synthetic demo),early_morning,fog,paved,arterial,0
24.807,93.9368,680,39.1,11,12,0,0.5,6948,8.0,1,0,0,0,2025-03-31T12:44:00+05:30,Kangla Fort area (synthetic demo),daytime,clear,paved,arterial,0
24.807,93.9368,798,17.2,11,13,0,0.3,4275,8.0,1,0,0,0,2025-05-12T12:29:00+05:30,Kangla Fort area (synthetic demo),daytime,clear,paved,arterial,0
24.807,93.9368,778,37.4,11,11,0,0.5,6120,8.0,1,0,0,0,2025-07-21T11:27:00+05:30,Kangla Fort area (synthetic demo),daytime,clear,paved,arterial,0
24.807,93.9368,782,19.8,11,11,0,0.5,7032,8.0,1,0,0,0,2025-02-17T11:47:00+05:30,Kangla Fort area (synthetic demo),daytime,clear,paved,arterial,0
24.807,93.9368,602,18.4,11,11,0,17.4,4977,8.0,1,0,0,0,2025-02-10T13:50:00+05:30,Kangla Fort area (synthetic demo),daytime,rain,paved,arterial,0
24.807,93.9368,590,28.6,11,13,0,33.6,5976,8.0,1,0,0,0,2025-12-08T13:22:00+05:30,Kangla Fort area (synthetic demo),daytime,rain,paved,arterial,0
24.807,93.9368,697,37.1,11,11,0,32.6,4530,8.0,1,0,0,0,2025-11-10T13:08:00+05:30,Kangla Fort area (synthetic demo),daytime,rain,paved,arterial,0
24.807,93.9368,730,61.6,11,13,0,31.0,4634,8.0,1,0,0,0,2025-05-12T11:26:00+05:30,Kangla Fort area (synthetic demo),daytime,rain,paved,arterial,0
24.807,93.9368,601,12.7,11,11,0,0.6,1754,8.0,1,0,0,0,2025-03-10T13:51:00+05:30,Kangla Fort area (synthetic demo),daytime,fog,paved,arterial,0
24.807,93.9368,758,13.4,11,13,0,0.1,810,8.0,1,0,0,0,2025-10-20T12:59:00+05:30,Kangla Fort area (synthetic demo),daytime,fog,paved,arterial,0
24.807,93.9368,807,42.3,11,11,0,1.0,1021,8.0,1,0,0,0,2025-05-26T11:31:00+05:30,Kangla Fort area (synthetic demo),daytime,fog,paved,arterial,0
24.807,93.9368,711,48.0,11,11,0,0.8,988,8.0,1,0,0,0,2025-10-06T12:29:00+05:30,Kangla Fort area (synthetic demo),daytime,fog,paved,arterial,0
24.807,93.9368,967,56.5,11,18,0,0.0,9302,8.0,1,0,0,0,2025-03-24T17:41:00+05:30,Kangla Fort area (synthetic demo),evening_peak,clear,paved,arterial,0
24.807,93.9368,768,46.2,11,17,0,0.3,7963,8.0,1,0,0,0,2025-11-17T19:56:00+05:30,Kangla Fort area (synthetic demo),evening_peak,clear,paved,arterial,0
24.807,93.9368,831,26.5,11,19,0,0.3,5128,8.0,1,0,0,0,2025-03-17T19:54:00+05:30,Kangla Fort area (synthetic demo),evening_peak,clear,paved,arterial,0
24.807,93.9368,860,38.4,11,18,0,0.0,6497,8.0,1,0,0,0,2025-03-24T18:11:00+05:30,Kangla Fort area (synthetic demo),evening_peak,clear,paved,arterial,0
24.807,93.9368,960,39.8,11,18,0,8.7,4754,8.0,1,0,0,0,2025-08-04T18:07:00+05:30,Kangla Fort area (synthetic demo),evening_peak,rain,paved,arterial,0
24.807,93.9368,933,29.5,11,19,0,30.1,2395,8.0,1,0,0,0,2025-01-06T17:56:00+05:30,Kangla Fort area (synthetic demo),evening_peak,rain,paved,arterial,1
24.807,93.9368,1082,30.6,11,19,0,30.2,5991,8.0,1,0,0,0,2025-03-24T17:22:00+05:30,Kangla Fort area (synthetic demo),evening_peak,rain,paved,arterial,0
24.807,93.9368,971,42.1,11,17,0,20.2,1398,8.0,1,0,0,0,2025-10-06T19:17:00+05:30,Kangla Fort area (synthetic demo),evening_peak,rain,paved,arterial,1
24.807,93.9368,1057,17.1,11,18,0,0.8,1472,8.0,1,0,0,0,2025-09-08T17:06:00+05:30,Kangla Fort area (synthetic demo),evening_peak,fog,paved,arterial,0
24.807,93.9368,830,45.4,11,19,0,1.0,1654,8.0,1,0,0,0,2025-06-09T19:51:00+05:30,Kangla Fort area (synthetic demo),evening_peak,fog,paved,arterial,0
24.807,93.9368,859,15.3,11,18,0,0.9,230,8.0,1,0,0,0,2025-05-12T18:10:00+05:30,Kangla Fort area (synthetic demo),evening_peak,fog,paved,arterial,1
24.807,93.9368,797,13.2,11,17,0,1.4,626,8.0,1,0,0,0,2025-07-07T17:03:00+05:30,Kangla Fort area (synthetic demo),evening_peak,fog,paved,arterial,0
24.807,93.9368,282,44.6,11,23,0,0.3,6869,8.0,1,0,0,0,2025-07-28T00:40:00+05:30,Kangla Fort area (synthetic demo),night,clear,paved,arterial,0
24.807,93.9368,253,38.6,11,23,0,0.1,7790,8.0,1,0,0,0,2025-11-03T22:43:00+05:30,Kangla Fort area (synthetic demo),night,clear,paved,arterial,0
24.807,93.9368,215,48.9,11,23,0,0.5,6918,8.0,1,0,0,0,2025-11-17T23:56:00+05:30,Kangla Fort area (synthetic demo),night,clear,paved,arterial,0
24.807,93.9368,309,40.7,11,23,0,0.4,5002,8.0,1,0,0,0,2025-07-07T23:37:00+05:30,Kangla Fort area (synthetic demo),night,clear,paved,arterial,0
24.807,93.9368,226,30.8,11,0,0,4.8,1422,8.0,1,0,0,0,2025-02-24T22:02:00+05:30,Kangla Fort area (synthetic demo),night,rain,paved,arterial,1
24.807,93.9368,253,53.2,11,0,0,12.7,3979,8.0,1,0,0,0,2025-06-09T23:24:00+05:30,Kangla Fort area (synthetic demo),night,rain,paved,arterial,0
24.807,93.9368,272,59.1,11,22,0,7.0,4947,8.0,1,0,0,0,2025-11-17T00:43:00+05:30,Kangla Fort area (synthetic demo),night,rain,paved,arterial,0
24.807,93.9368,313,43.5,11,22,0,3.5,4933,8.0,1,0,0,0,2025-04-28T23:08:00+05:30,Kangla Fort area (synthetic demo),night,rain,paved,arterial,0
24.807,93.9368,268,51.4,11,22,0,1.0,1787,8.0,1,0,0,0,2025-04-28T23:40:00+05:30,Kangla Fort area (synthetic demo),night,fog,paved,arterial,1
24.807,93.9368,305,61.1,11,23,0,0.0,597,8.0,1,0,0,0,2025-04-14T00:32:00+05:30,Kangla Fort area (synthetic demo),night,fog,paved,arterial,1
24.807,93.9368,234,31.0,11,0,0,0.5,1718,8.0,1,0,0,0,2025-05-05T23:55:00+05:30,Kangla Fort area (synthetic demo),night,fog,paved,arterial,0
24.807,93.9368,280,20.2,11,22,0,1.2,1715,8.0,1,0,0,0,2025-05-19T22:10:00+05:30,Kangla Fort area (synthetic demo),night,fog,paved,arterial,1
24.807,93.9368,279,21.1,11,5,1,0.4,8286,8.0,1,0,0,0,2025-11-11T05:50:00+05:30,Kangla Fort area (synthetic demo),early_morning,clear,paved,arterial,0
24.807,93.9368,410,13.0,11,4,1,0.4,5130,8.0,1,0,0,0,2025-11-18T06:06:00+05:30,Kangla Fort area (synthetic demo),early_morning,clear,paved,arterial,0
24.807,93.9368,326,63.0,11,6,1,0.3,6512,8.0,1,0,0,0,2025-09-16T04:25:00+05:30,Kangla Fort area (synthetic demo),early_morning,clear,paved,arterial,0
24.807,93.9368,374,29.7,11,5,1,0.3,8167,8.0,1,0,0,0,2025-02-18T04:09:00+05:30,Kangla Fort area (synthetic demo),early_morning,clear,paved,arterial,0
24.807,93.9368,397,27.7,11,5,1,26.6,5925,8.0,1,0,0,0,2025-12-23T04:10:00+05:30,Kangla Fort area (synthetic demo),early_morning,rain,paved,arterial,0
24.807,93.9368,390,46.3,11,5,1,34.1,2045,8.0,1,0,0,0,2025-12-02T06:00:00+05:30,Kangla Fort area (synthetic demo),early_morning,rain,paved,arterial,0
24.807,93.9368,278,28.7,11,4,1,27.7,4902,8.0,1,0,0,0,2025-03-18T06:33:00+05:30,Kangla Fort area (synthetic demo),early_morning,rain,paved,arterial,0
24.807,93.9368,379,56.6,11,4,1,31.4,4718,8.0,1,0,0,0,2025-10-28T06:41:00+05:30,Kangla Fort area (synthetic demo),early_morning,rain,paved,arterial,0
24.807,93.9368,291,64.2,11,5,1,0.3,415,8.0,1,0,0,0,2025-09-30T06:15:00+05:30,Kangla Fort area (synthetic demo),early_morning,fog,paved,arterial,0
24.807,93.9368,315,18.2,11,5,1,1.3,249,8.0,1,0,0,0,2025-06-24T05:39:00+05:30,Kangla Fort area (synthetic demo),early_morning,fog,paved,arterial,0
24.807,93.9368,385,60.6,11,5,1,0.2,1162,8.0,1,0,0,0,2025-04-22T05:43:00+05:30,Kangla Fort area (synthetic demo),early_morning,fog,paved,arterial,0
24.807,93.9368,316,51.9,11,4,1,1.2,279,8.0,1,0,0,0,2025-12-30T05:49:00+05:30,Kangla Fort area (synthetic demo),early_morning,fog,paved,arterial,0
24.807,93.9368,793,46.8,11,12,1,0.2,8600,8.0,1,0,0,0,2025-06-03T12:58:00+05:30,Kangla Fort area (synthetic demo),daytime,clear,paved,arterial,0
24.807,93.9368,643,53.7,11,12,1,0.1,7792,8.0,1,0,0,0,2025-04-15T13:58:00+05:30,Kangla Fort area (synthetic demo),daytime,clear,paved,arterial,0
24.807,93.9368,702,51.0,11,12,1,0.3,5743,8.0,1,0,0,0,2025-03-11T12:47:00+05:30,Kangla Fort area (synthetic demo),daytime,clear,paved,arterial,0
24.807,93.9368,587,45.2,11,11,1,0.4,6621,8.0,1,0,0,0,2025-05-06T12:16:00+05:30,Kangla Fort area (synthetic demo),daytime,clear,paved,arterial,0
24.807,93.9368,673,33.3,11,11,1,7.6,1509,8.0,1,0,0,0,2025-05-06T12:36:00+05:30,Kangla Fort area (synthetic demo),daytime,rain,paved,arterial,0
24.807,93.9368,757,38.2,11,13,1,13.5,3855,8.0,1,0,0,0,2025-06-03T11:43:00+05:30,Kangla Fort area (synthetic demo),daytime,rain,paved,arterial,0
24.807,93.9368,605,30.7,11,12,1,33.5,5969,8.0,1,0,0,0,2025-12-09T13:33:00+05:30,Kangla Fort area (synthetic demo),daytime,rain,paved,arterial,0
24.807,93.9368,739,18.9,11,13,1,15.8,1916,8.0,1,0,0,0,2025-01-07T12:35:00+05:30,Kangla Fort area (synthetic demo),daytime,rain,paved,arterial,0
24.807,93.9368,790,30.0,11,11,1,0.6,1693,8.0,1,0,0,0,2025-12-30T12:54:00+05:30,Kangla Fort area (synthetic demo),daytime,fog,paved,arterial,0
24.807,93.9368,761,53.9,11,13,1,1.0,1453,8.0,1,0,0,0,2025-05-06T12:01:00+05:30,Kangla Fort area (synthetic demo),daytime,fog,paved,arterial,0
24.807,93.9368,695,12.6,11,11,1,0.9,261,8.0,1,0,0,0,2025-09-09T13:12:00+05:30,Kangla Fort area (synthetic demo),daytime,fog,paved,arterial,0
24.807,93.9368,594,28.4,11,13,1,1.5,1049,8.0,1,0,0,0,2025-04-08T13:43:00+05:30,Kangla Fort area (synthetic demo),daytime,fog,paved,arterial,0
24.807,93.9368,771,61.8,11,17,1,0.3,8825,8.0,1,0,0,0,2025-09-09T17:06:00+05:30,Kangla Fort area (synthetic demo),evening_peak,clear,paved,arterial,0
24.807,93.9368,890,30.4,11,19,1,0.4,5895,8.0,1,0,0,0,2025-08-05T19:42:00+05:30,Kangla Fort area (synthetic demo),evening_peak,clear,paved,arterial,0
24.807,93.9368,946,13.2,11,18,1,0.2,6679,8.0,1,0,0,0,2025-04-29T17:41:00+05:30,Kangla Fort area (synthetic demo),evening_peak,clear,paved,arterial,0
24.807,93.9368,1080,33.2,11,17,1,0.4,5628,8.0,1,0,0,0,2025-06-17T18:32:00+05:30,Kangla Fort area (synthetic demo),evening_peak,clear,paved,arterial,0
24.807,93.9368,1011,48.1,11,18,1,29.1,1028,8.0,1,0,0,0,2025-11-25T19:41:00+05:30,Kangla Fort area (synthetic demo),evening_peak,rain,paved,arterial,1
24.807,93.9368,946,47.0,11,18,1,22.7,4674,8.0,1,0,0,0,2025-08-26T19:20:00+05:30,Kangla Fort area (synthetic demo),evening_peak,rain,paved,arterial,0
24.807,93.9368,961,58.0,11,19,1,34.6,1928,8.0,1,0,0,0,2025-12-09T18:55:00+05:30,Kangla Fort area (synthetic demo),evening_peak,rain,paved,arterial,1
24.807,93.9368,840,38.9,11,19,1,22.5,2259,8.0,1,0,0,0,2025-01-14T18:15:00+05:30,Kangla Fort area (synthetic demo),evening_peak,rain,paved,arterial,0
24.807,93.9368,812,48.0,11,18,1,0.3,654,8.0,1,0,0,0,2025-12-16T19:31:00+05:30,Kangla Fort area (synthetic demo),evening_peak,fog,paved,arterial,0
24.807,93.9368,832,44.2,11,19,1,1.0,1190,8.0,1,0,0,0,2025-10-07T19:34:00+05:30,Kangla Fort area (synthetic demo),evening_peak,fog,paved,arterial,0
24.807,93.9368,783,47.3,11,17,1,1.1,368,8.0,1,0,0,0,2025-12-30T19:36:00+05:30,Kangla Fort area (synthetic demo),evening_peak,fog,paved,arterial,0
24.807,93.9368,1126,48.7,11,17,1,0.4,1778,8.0,1,0,0,0,2025-03-25T17:17:00+05:30,Kangla Fort area (synthetic demo),evening_peak,fog,paved,arterial,0
24.807,93.9368,281,38.0,11,0,1,0.1,4439,8.0,1,1,0,0,2025-11-04T22:26:00+05:30,Kangla Fort area (synthetic demo),night,clear,paved,arterial,1
24.807,93.9368,285,33.6,11,23,1,0.2,8215,8.0,1,0,0,0,2025-09-02T22:29:00+05:30,Kangla Fort area (synthetic demo),night,clear,paved,arterial,0
24.807,93.9368,303,49.0,11,23,1,0.3,7857,8.0,1,0,0,0,2025-02-18T23:37:00+05:30,Kangla Fort area (synthetic demo),night,clear,paved,arterial,0
24.807,93.9368,259,56.2,11,22,1,0.0,8122,8.0,1,0,0,0,2025-02-11T23:42:00+05:30,Kangla Fort area (synthetic demo),night,clear,paved,arterial,0
24.807,93.9368,258,34.4,11,23,1,24.2,4551,8.0,1,0,0,0,2025-03-18T00:55:00+05:30,Kangla Fort area (synthetic demo),night,rain,paved,arterial,0
24.807,93.9368,223,59.5,11,0,1,34.0,5655,8.0,1,1,0,0,2025-09-09T00:30:00+05:30,Kangla Fort area (synthetic demo),night,rain,paved,arterial,1
24.807,93.9368,225,22.8,11,23,1,27.2,3399,8.0,1,1,0,0,2025-10-07T00:10:00+05:30,Kangla Fort area (synthetic demo),night,rain,paved,arterial,1
24.807,93.9368,310,53.8,11,23,1,33.3,4005,8.0,1,0,0,0,2025-03-11T00:57:00+05:30,Kangla Fort area (synthetic demo),night,rain,paved,arterial,1
24.807,93.9368,318,17.7,11,22,1,0.6,1076,8.0,1,0,0,0,2025-05-06T23:31:00+05:30,Kangla Fort area (synthetic demo),night,fog,paved,arterial,1
24.807,93.9368,312,47.5,11,23,1,1.5,1033,8.0,1,0,0,0,2025-10-14T00:03:00+05:30,Kangla Fort area (synthetic demo),night,fog,paved,arterial,1
24.807,93.9368,298,55.5,11,22,1,1.5,261,8.0,1,0,0,0,2025-06-10T00:52:00+05:30,Kangla Fort area (synthetic demo),night,fog,paved,arterial,1
24.807,93.9368,261,17.8,11,0,1,0.4,264,8.0,1,0,0,0,2025-02-04T00:59:00+05:30,Kangla Fort area (synthetic demo),night,fog,paved,arterial,1
24.807,93.9368,295,28.9,11,4,2,0.5,9024,8.0,1,0,0,0,2025-07-30T06:01:00+05:30,Kangla Fort area (synthetic demo),early_morning,clear,paved,arterial,0
24.807,93.9368,376,15.8,11,6,2,0.0,8380,8.0,1,0,0,0,2025-04-23T04:02:00+05:30,Kangla Fort area (synthetic demo),early_morning,clear,paved,arterial,0
24.807,93.9368,405,24.8,11,6,2,0.4,6743,8.0,1,0,0,0,2025-11-12T04:19:00+05:30,Kangla Fort area (synthetic demo),early_morning,clear,paved,arterial,0
24.807,93.9368,390,34.2,11,5,2,0.3,7277,8.0,1,0,0,0,2025-04-16T06:55:00+05:30,Kangla Fort area (synthetic demo),early_morning,clear,paved,arterial,0
24.807,93.9368,339,32.2,11,6,2,8.9,2045,8.0,1,0,0,0,2025-12-10T04:37:00+05:30,Kangla Fort area (synthetic demo),early_morning,rain,paved,arterial,0
24.807,93.9368,337,19.4,11,4,2,33.3,3651,8.0,1,0,0,0,2025-11-19T04:33:00+05:30,Kangla Fort area (synthetic demo),early_morning,rain,paved,arterial,0
24.807,93.9368,322,58.1,11,4,2,13.0,4036,8.0,1,0,0,0,2025-11-26T06:01:00+05:30,Kangla Fort area (synthetic demo),early_morning,rain,paved,arterial,0
24.807,93.9368,284,21.0,11,5,2,6.9,3518,8.0,1,0,0,0,2025-12-24T04:37:00+05:30,Kangla Fort area (synthetic demo),early_morning,rain,paved,arterial,0
24.807,93.9368,307,14.7,11,4,2,1.2,1749,8.0,1,0,0,0,2025-07-02T05:00:00+05:30,Kangla Fort area (synthetic demo),early_morning,fog,paved,arterial,0
24.807,93.9368,398,23.6,11,6,2,1.4,273,8.0,1,0,0,0,2025-04-23T04:59:00+05:30,Kangla Fort area (synthetic demo),early_morning,fog,paved,arterial,0
24.807,93.9368,322,58.8,11,6,2,0.8,1016,8.0,1,0,0,0,2025-09-03T06:02:00+05:30,Kangla Fort area (synthetic demo),early_morning,fog,paved,arterial,0
24.807,93.9368,363,37.5,11,5,2,1.4,1391,8.0,1,0,0,0,2025-01-15T04:41:00+05:30,Kangla Fort area (synthetic demo),early_morning,fog,paved,arterial,0
24.807,93.9368,716,14.3,11,12,2,0.3,6286,8.0,1,0,0,0,2025-04-02T11:18:00+05:30,Kangla Fort area (synthetic demo),daytime,clear,paved,arterial,0
24.807,93.9368,689,40.6,11,12,2,0.4,8477,8.0,1,0,0,0,2025-03-12T13:40:00+05:30,Kangla Fort area (synthetic demo),daytime,clear,paved,arterial,0
24.807,93.9368,571,13.7,11,12,2,0.3,5870,8.0,1,0,0,0,2025-08-27T12:29:00+05:30,Kangla Fort area (synthetic demo),daytime,clear,paved,arterial,0
24.807,93.9368,612,41.6,11,13,2,0.0,9528,8.0,1,0,0,0,2025-10-01T11:10:00+05:30,Kangla Fort area (synthetic demo),daytime,clear,paved,arterial,0
24.807,93.9368,572,30.2,11,13,2,15.8,5793,8.0,1,0,0,0,2025-10-15T11:29:00+05:30,Kangla Fort area (synthetic demo),daytime,rain,paved,arterial,0
24.807,93.9368,771,58.1,11,11,2,34.4,5143,8.0,1,0,0,0,2025-08-20T11:52:00+05:30,Kangla Fort area (synthetic demo),daytime,rain,paved,arterial,0
24.807,93.9368,548,32.1,11,13,2,13.3,4554,8.0,1,0,0,0,2025-09-03T11:08:00+05:30,Kangla Fort area (synthetic demo),daytime,rain,paved,arterial,0
24.807,93.9368,570,48.1,11,11,2,16.4,5142,8.0,1,0,0,0,2025-05-28T13:22:00+05:30,Kangla Fort area (synthetic demo),daytime,rain,paved,arterial,0
24.807,93.9368,732,48.0,11,13,2,0.4,872,8.0,1,0,0,0,2025-04-16T12:38:00+05:30,Kangla Fort area (synthetic demo),daytime,fog,paved,arterial,0
24.807,93.9368,749,49.9,11,13,2,1.1,121,8.0,1,0,0,0,2025-01-08T12:58:00+05:30,Kangla Fort area (synthetic demo),daytime,fog,paved,arterial,0
24.807,93.9368,802,37.3,11,11,2,1.0,1637,8.0,1,0,0,0,2025-03-12T13:32:00+05:30,Kangla Fort area (synthetic demo),daytime,fog,paved,arterial,0
24.807,93.9368,553,44.3,11,11,2,0.9,737,8.0,1,0,0,0,2025-03-05T12:16:00+05:30,Kangla Fort area (synthetic demo),daytime,fog,paved,arterial,0
24.807,93.9368,846,29.2,11,17,2,0.3,7637,8.0,1,0,0,0,2025-09-17T17:06:00+05:30,Kangla Fort area (synthetic demo),evening_peak,clear,paved,arterial,0
24.807,93.9368,1117,27.8,11,18,2,0.5,7594,8.0,1,0,0,0,2025-12-10T18:46:00+05:30,Kangla Fort area (synthetic demo),evening_peak,clear,paved,arterial,0
24.807,93.9368,993,13.6,11,17,2,0.2,6428,8.0,1,0,0,0,2025-05-21T17:06:00+05:30,Kangla Fort area (synthetic demo),evening_peak,clear,paved,arterial,0
24.807,93.9368,884,54.4,11,17,2,0.1,7304,8.0,1,0,0,0,2025-04-09T19:42:00+05:30,Kangla Fort area (synthetic demo),evening_peak,clear,paved,arterial,0
24.807,93.9368,994,28.1,11,19,2,22.2,5780,8.0,1,0,0,0,2025-08-27T18:13:00+05:30,Kangla Fort area (synthetic demo),evening_peak,rain,paved,arterial,0
24.807,93.9368,827,28.0,11,19,2,15.1,2659,8.0,1,0,0,0,2025-06-04T18:15:00+05:30,Kangla Fort area (synthetic demo),evening_peak,rain,paved,arterial,0
24.807,93.9368,808,64.3,11,19,2,9.3,1891,8.0,1,0,0,0,2025-07-09T19:37:00+05:30,Kangla Fort area (synthetic demo),evening_peak,rain,paved,arterial,0
24.807,93.9368,987,29.9,11,18,2,4.9,3015,8.0,1,0,0,0,2025-11-26T17:51:00+05:30,Kangla Fort area (synthetic demo),evening_peak,rain,paved,arterial,0
24.807,93.9368,1075,62.2,11,18,2,0.3,1515,8.0,1,0,0,0,2025-10-08T19:56:00+05:30,Kangla Fort area (synthetic demo),evening_peak,fog,paved,arterial,1
24.807,93.9368,1136,51.8,11,19,2,1.2,1358,8.0,1,0,0,0,2025-08-13T18:53:00+05:30,Kangla Fort area (synthetic demo),evening_peak,fog,paved,arterial,0
24.807,93.9368,1106,57.3,11,17,2,0.6,979,8.0,1,0,0,0,2025-06-18T19:57:00+05:30,Kangla Fort area (synthetic demo),evening_peak,fog,paved,arterial,1
24.807,93.9368,842,38.0,11,18,2,0.6,1621,8.0,1,0,0,0,2025-01-08T17:15:00+05:30,Kangla Fort area (synthetic demo),evening_peak,fog,paved,arterial,0
24.807,93.9368,222,17.4,11,22,2,0.4,7567,8.0,1,0,0,0,2025-06-11T22:34:00+05:30,Kangla Fort area (synthetic demo),night,clear,paved,arterial,0
24.807,93.9368,238,28.5,11,22,2,0.2,6842,8.0,1,0,0,0,2025-10-08T22:26:00+05:30,Kangla Fort area (synthetic demo),night,clear,paved,arterial,0
24.807,93.9368,223,17.6,11,22,2,0.0,6799,8.0,1,0,0,0,2025-07-23T00:26:00+05:30,Kangla Fort area (synthetic demo),night,clear,paved,arterial,0
24.807,93.9368,250,19.9,11,23,2,0.3,7978,8.0,1,0,0,0,2025-03-19T22:05:00+05:30,Kangla Fort area (synthetic demo),night,clear,paved,arterial,0
24.807,93.9368,215,36.6,11,22,2,32.3,5011,8.0,1,1,0,0,2025-07-09T22:05:00+05:30,Kangla Fort area (synthetic demo),night,rain,paved,arterial,1
24.807,93.9368,232,45.9,11,23,2,5.0,4395,8.0,1,0,0,0,2025-02-12T22:26:00+05:30,Kangla Fort area (synthetic demo),night,rain,paved,arterial,0
24.807,93.9368,228,44.1,11,23,2,19.8,3978,8.0,1,0,0,0,2025-03-12T22:54:00+05:30,Kangla Fort area (synthetic demo),night,rain,paved,arterial,0
24.807,93.9368,306,16.4,11,0,2,28.6,1338,8.0,1,0,0,0,2025-06-11T22:26:00+05:30,Kangla Fort area (synthetic demo),night,rain,paved,arterial,1
24.807,93.9368,301,39.8,11,0,2,0.6,1359,8.0,1,1,0,0,2025-05-14T22:47:00+05:30,Kangla Fort area (synthetic demo),night,fog,paved,arterial,1
24.807,93.9368,291,58.1,11,22,2,0.1,1348,8.0,1,0,0,0,2025-07-23T23:26:00+05:30,Kangla Fort area (synthetic demo),night,fog,paved,arterial,1
24.807,93.9368,314,28.5,11,0,2,1.2,1309,8.0,1,0,0,0,2025-06-04T00:19:00+05:30,Kangla Fort area (synthetic demo),night,fog,paved,arterial,0
24.807,93.9368,311,45.8,11,0,2,1.4,1330,8.0,1,0,0,0,2025-11-05T23:46:00+05:30,Kangla Fort area (synthetic demo),night,fog,paved,arterial,0
24.807,93.9368,366,63.7,11,5,3,0.3,9015,8.0,1,0,0,0,2025-07-24T06:24:00+05:30,Kangla Fort area (synthetic demo),early_morning,clear,paved,arterial,0
24.807,93.9368,276,30.9,11,6,3,0.2,6657,8.0,1,0,0,0,2025-09-11T05:22:00+05:30,Kangla Fort area (synthetic demo),early_morning,clear,paved,arterial,0
24.807,93.9368,337,44.0,11,6,3,0.1,7930,8.0,1,0,0,0,2025-01-02T05:26:00+05:30,Kangla Fort area (synthetic demo),early_morning,clear,paved,arterial,0
24.807,93.9368,309,27.9,11,6,3,0.5,4447,8.0,1,0,0,0,2025-02-20T05:27:00+05:30,Kangla Fort area (synthetic demo),early_morning,clear,paved,arterial,0
24.807,93.9368,280,31.5,11,6,3,9.6,972,8.0,1,0,0,0,2025-01-30T04:11:00+05:30,Kangla Fort area (synthetic demo),early_morning,rain,paved,arterial,0
24.807,93.9368,358,27.3,11,4,3,6.3,5517,8.0,1,0,0,0,2025-08-28T06:40:00+05:30,Kangla Fort area (synthetic demo),early_morning,rain,paved,arterial,0
24.807,93.9368,393,50.2,11,4,3,10.3,1047,8.0,1,0,0,0,2025-02-13T04:37:00+05:30,Kangla Fort area (synthetic demo),early_morning,rain,paved,arterial,0
24.807,93.9368,379,27.2,11,5,3,34.0,5102,8.0,1,0,0,0,2025-11-27T04:48:00+05:30,Kangla Fort area (synthetic demo),early_morning,rain,paved,arterial,0
24.807,93.9368,316,26.2,11,6,3,1.3,1003,8.0,1,0,0,0,2025-03-27T04:26:00+05:30,Kangla Fort area (synthetic demo),early_morning,fog,paved,arterial,0
24.807,93.9368,330,37.3,11,6,3,0.6,199,8.0,1,0,0,0,2025-01-30T05:36:00+05:30,Kangla Fort area (synthetic demo),early_morning,fog,paved,arterial,0
24.807,93.9368,291,22.2,11,6,3,1.2,688,8.0,1,0,0,0,2025-12-11T04:50:00+05:30,Kangla Fort area (synthetic demo),early_morning,fog,paved,arterial,0
24.807,93.9368,383,27.6,11,4,3,0.9,520,8.0,1,0,0,0,2025-05-22T04:48:00+05:30,Kangla Fort area (synthetic demo),early_morning,fog,paved,arterial,0
24.807,93.9368,819,31.5,11,13,3,0.2,6944,8.0,1,0,0,0,2025-06-26T11:54:00+05:30,Kangla Fort area (synthetic demo),daytime,clear,paved,arterial,0
24.807,93.9368,630,41.8,11,13,3,0.3,5592,8.0,1,0,0,0,2025-05-29T12:05:00+05:30,Kangla Fort area (synthetic demo),daytime,clear,paved,arterial,0
24.807,93.9368,588,41.3,11,13,3,0.1,8573,8.0,1,0,0,0,2025-06-05T11:10:00+05:30,Kangla Fort area (synthetic demo),daytime,clear,paved,arterial,0
24.807,93.9368,599,21.4,11,12,3,0.1,9297,8.0,1,0,0,0,2025-07-31T12:12:00+05:30,Kangla Fort area (synthetic demo),daytime,clear,paved,arterial,0
24.807,93.9368,766,54.3,11,11,3,32.1,5376,8.0,1,0,0,0,2025-02-27T13:18:00+05:30,Kangla Fort area (synthetic demo),daytime,rain,paved,arterial,0
24.807,93.9368,721,13.8,11,12,3,14.0,2354,8.0,1,0,0,0,2025-11-20T12:30:00+05:30,Kangla Fort area (synthetic demo),daytime,rain,paved,arterial,0
24.807,93.9368,618,47.9,11,12,3,17.5,1346,8.0,1,0,0,0,2025-04-03T12:07:00+05:30,Kangla Fort area (synthetic demo),daytime,rain,paved,arterial,0
24.807,93.9368,775,61.1,11,12,3,13.1,2946,8.0,1,0,0,0,2025-02-27T13:58:00+05:30,Kangla Fort area (synthetic demo),daytime,rain,paved,arterial,0
24.807,93.9368,695,13.6,11,12,3,0.1,512,8.0,1,0,0,0,2025-10-16T11:59:00+05:30,Kangla Fort area (synthetic demo),daytime,fog,paved,arterial,0
24.807,93.9368,815,56.4,11,13,3,0.9,752,8.0,1,0,0,0,2025-02-13T12:31:00+05:30,Kangla Fort area (synthetic demo),daytime,fog,paved,arterial,0
24.807,93.9368,732,50.0,11,13,3,1.1,548,8.0,1,0,0,0,2025-01-16T12:53:00+05:30,Kangla Fort area (synthetic demo),daytime,fog,paved,arterial,0
24.807,93.9368,647,40.7,11,12,3,0.6,1380,8.0,1,0,0,0,2025-10-16T12:55:00+05:30,Kangla Fort area (synthetic demo),daytime,fog,paved,arterial,0
24.807,93.9368,1006,52.2,11,17,3,0.3,7297,8.0,1,0,0,0,2025-08-28T17:40:00+05:30,Kangla Fort area (synthetic demo),evening_peak,clear,paved,arterial,0
24.807,93.9368,940,58.0,11,18,3,0.5,4428,8.0,1,0,0,0,2025-10-16T19:02:00+05:30,Kangla Fort area (synthetic demo),evening_peak,clear,paved,arterial,0
24.807,93.9368,805,34.4,11,19,3,0.4,9287,8.0,1,0,0,0,2025-06-05T17:16:00+05:30,Kangla Fort area (synthetic demo),evening_peak,clear,paved,arterial,0
24.807,93.9368,775,63.5,11,18,3,0.5,7769,8.0,1,0,0,0,2025-10-30T17:07:00+05:30,Kangla Fort area (synthetic demo),evening_peak,clear,paved,arterial,0
24.807,93.9368,989,21.5,11,18,3,15.6,5764,8.0,1,0,0,0,2025-02-27T17:44:00+05:30,Kangla Fort area (synthetic demo),evening_peak,rain,paved,arterial,0
24.807,93.9368,911,57.0,11,17,3,29.3,5056,8.0,1,0,0,0,2025-07-10T17:05:00+05:30,Kangla Fort area (synthetic demo),evening_peak,rain,paved,arterial,0
24.807,93.9368,859,28.8,11,19,3,26.6,5192,8.0,1,0,0,0,2025-12-11T19:31:00+05:30,Kangla Fort area (synthetic demo),evening_peak,rain,paved,arterial,0
24.807,93.9368,834,26.2,11,17,3,31.4,3209,8.0,1,0,0,0,2025-09-04T17:54:00+05:30,Kangla Fort area (synthetic demo),evening_peak,rain,paved,arterial,0
24.807,93.9368,914,56.6,11,17,3,0.3,1684,8.0,1,0,0,0,2025-04-10T18:39:00+05:30,Kangla Fort area (synthetic demo),evening_peak,fog,paved,arterial,0
24.807,93.9368,1000,26.6,11,18,3,1.3,1575,8.0,1,0,0,0,2025-05-08T19:05:00+05:30,Kangla Fort area (synthetic demo),evening_peak,fog,paved,arterial,0
24.807,93.9368,924,28.7,11,17,3,1.2,1658,8.0,1,0,0,0,2025-06-19T19:32:00+05:30,Kangla Fort area (synthetic demo),evening_peak,fog,paved,arterial,0
24.807,93.9368,1089,25.1,11,18,3,1.0,344,8.0,1,0,0,0,2025-11-13T17:33:00+05:30,Kangla Fort area (synthetic demo),evening_peak,fog,paved,arterial,1
24.807,93.9368,285,60.3,11,0,3,0.5,5850,8.0,1,0,0,0,2025-10-30T23:00:00+05:30,Kangla Fort area (synthetic demo),night,clear,paved,arterial,0
24.807,93.9368,221,41.1,11,23,3,0.4,6280,8.0,1,0,0,0,2025-08-21T00:47:00+05:30,Kangla Fort area (synthetic demo),night,clear,paved,arterial,0
24.807,93.9368,256,41.6,11,22,3,0.2,5469,8.0,1,0,0,0,2025-02-06T00:23:00+05:30,Kangla Fort area (synthetic demo),night,clear,paved,arterial,0
24.807,93.9368,246,18.9,11,22,3,0.0,4448,8.0,1,1,0,0,2025-11-13T22:40:00+05:30,Kangla Fort area (synthetic demo),night,clear,paved,arterial,0
24.807,93.9368,293,43.5,11,23,3,27.6,5360,8.0,1,1,0,0,2025-07-17T22:12:00+05:30,Kangla Fort area (synthetic demo),night,rain,paved,arterial,1
24.807,93.9368,269,38.7,11,23,3,10.0,3558,8.0,1,0,0,0,2025-03-27T22:19:00+05:30,Kangla Fort area (synthetic demo),night,rain,paved,arterial,0
24.807,93.9368,221,17.6,11,23,3,25.2,1289,8.0,1,1,0,0,2025-11-13T23:54:00+05:30,Kangla Fort area (synthetic demo),night,rain,paved,arterial,1
24.807,93.9368,314,14.6,11,23,3,5.7,541,8.0,1,0,0,0,2025-04-17T00:15:00+05:30,Kangla Fort area (synthetic demo),night,rain,paved,arterial,1
24.807,93.9368,260,16.6,11,23,3,0.3,114,8.0,1,0,0,0,2025-06-19T22:48:00+05:30,Kangla Fort area (synthetic demo),night,fog,paved,arterial,1
24.807,93.9368,218,59.1,11,22,3,0.5,819,8.0,1,0,0,0,2025-09-18T22:58:00+05:30,Kangla Fort area (synthetic demo),night,fog,paved,arterial,1
24.807,93.9368,299,37.1,11,23,3,0.1,1542,8.0,1,0,0,0,2025-03-06T00:55:00+05:30,Kangla Fort area (synthetic demo),night,fog,paved,arterial,0
24.807,93.9368,276,38.9,11,0,3,0.9,454,8.0,1,0,0,0,2025-10-02T22:13:00+05:30,Kangla Fort area (synthetic demo),night,fog,paved,arterial,1
24.807,93.9368,367,17.3,11,5,4,0.1,8024,8.0,1,0,0,0,2025-01-24T04:31:00+05:30,Kangla Fort area (synthetic demo),early_morning,clear,paved,arterial,0
24.807,93.9368,394,43.8,11,5,4,0.3,4982,8.0,1,0,0,0,2025-02-28T06:55:00+05:30,Kangla Fort area (synthetic demo),early_morning,clear,paved,arterial,0
24.807,93.9368,320,25.8,11,5,4,0.5,9449,8.0,1,0,0,0,2025-06-27T05:52:00+05:30,Kangla Fort area (synthetic demo),early_morning,clear,paved,arterial,0
24.807,93.9368,342,53.7,11,6,4,0.2,5882,8.0,1,0,0,0,2025-05-30T04:25:00+05:30,Kangla Fort area (synthetic demo),early_morning,clear,paved,arterial,0
24.807,93.9368,308,50.4,11,4,4,31.9,3093,8.0,1,0,0,0,2025-09-19T05:12:00+05:30,Kangla Fort area (synthetic demo),early_morning,rain,paved,arterial,0
24.807,93.9368,385,51.7,11,5,4,17.6,1819,8.0,1,0,0,0,2025-06-20T05:14:00+05:30,Kangla Fort area (synthetic demo),early_morning,rain,paved,arterial,0
24.807,93.9368,391,54.0,11,4,4,7.8,1892,8.0,1,0,0,0,2025-09-12T04:42:00+05:30,Kangla Fort area (synthetic demo),early_morning,rain,paved,arterial,0
24.807,93.9368,295,20.2,11,6,4,26.4,1598,8.0,1,0,0,0,2025-11-14T06:19:00+05:30,Kangla Fort area (synthetic demo),early_morning,rain,paved,arterial,0
24.807,93.9368,407,53.6,11,6,4,0.6,1168,8.0,1,0,0,0,2025-04-11T05:44:00+05:30,Kangla Fort area (synthetic demo),early_morning,fog,paved,arterial,0
24.807,93.9368,394,46.3,11,6,4,1.0,847,8.0,1,0,0,0,2025-01-17T05:03:00+05:30,Kangla Fort area (synthetic demo),early_morning,fog,paved,arterial,0
24.807,93.9368,290,18.4,11,6,4,0.9,1236,8.0,1,0,0,0,2025-07-18T04:19:00+05:30,Kangla Fort area (synthetic demo),early_morning,fog,paved,arterial,0
24.807,93.9368,321,21.4,11,6,4,0.2,573,8.0,1,0,0,0,2025-11-28T06:09:00+05:30,Kangla Fort area (synthetic demo),early_morning,fog,paved,arterial,0
24.807,93.9368,691,55.7,11,11,4,0.4,9975,8.0,1,0,0,0,2025-03-28T13:30:00+05:30,Kangla Fort area (synthetic demo),daytime,clear,paved,arterial,0
24.807,93.9368,573,57.3,11,12,4,0.2,4269,8.0,1,0,0,0,2025-10-17T13:08:00+05:30,Kangla Fort area (synthetic demo),daytime,clear,paved,arterial,0
24.807,93.9368,564,14.2,11,11,4,0.1,5559,8.0,1,0,0,0,2025-08-22T12:25:00+05:30,Kangla Fort area (synthetic demo),daytime,clear,paved,arterial,0
24.807,93.9368,794,22.8,11,11,4,0.3,9649,8.0,1,0,0,0,2025-09-19T12:38:00+05:30,Kangla Fort area (synthetic demo),daytime,clear,paved,arterial,0
24.807,93.9368,565,58.1,11,13,4,12.5,3739,8.0,1,0,0,0,2025-05-23T12:02:00+05:30,Kangla Fort area (synthetic demo),daytime,rain,paved,arterial,0
24.807,93.9368,788,37.7,11,11,4,4.7,932,8.0,1,0,0,0,2025-07-11T11:56:00+05:30,Kangla Fort area (synthetic demo),daytime,rain,paved,arterial,0
24.807,93.9368,593,60.1,11,12,4,32.4,4387,8.0,1,0,0,0,2025-01-31T13:07:00+05:30,Kangla Fort area (synthetic demo),daytime,rain,paved,arterial,0
24.807,93.9368,648,43.5,11,13,4,23.2,1095,8.0,1,0,0,0,2025-07-04T12:35:00+05:30,Kangla Fort area (synthetic demo),daytime,rain,paved,arterial,1
24.807,93.9368,617,17.7,11,11,4,1.5,132,8.0,1,0,0,0,2025-12-12T11:20:00+05:30,Kangla Fort area (synthetic demo),daytime,fog,paved,arterial,0
24.807,93.9368,548,17.8,11,11,4,1.4,151,8.0,1,0,0,0,2025-03-07T11:22:00+05:30,Kangla Fort area (synthetic demo),daytime,fog,paved,arterial,0
24.807,93.9368,793,43.9,11,12,4,1.5,341,8.0,1,0,0,0,2025-02-07T12:34:00+05:30,Kangla Fort area (synthetic demo),daytime,fog,paved,arterial,1
24.807,93.9368,552,40.0,11,11,4,1.2,532,8.0,1,0,0,0,2025-05-09T11:36:00+05:30,Kangla Fort area (synthetic demo),daytime,fog,paved,arterial,0
24.807,93.9368,1064,50.8,11,19,4,0.2,9214,8.0,1,0,0,0,2025-01-31T17:23:00+05:30,Kangla Fort area (synthetic demo),evening_peak,clear,paved,arterial,0
24.807,93.9368,1013,32.0,11,18,4,0.1,5770,8.0,1,0,0,0,2025-11-07T19:56:00+05:30,Kangla Fort area (synthetic demo),evening_peak,clear,paved,arterial,0
24.807,93.9368,778,49.8,11,18,4,0.5,8360,8.0,1,0,0,0,2025-07-25T18:25:00+05:30,Kangla Fort area (synthetic demo),evening_peak,clear,paved,arterial,0
24.807,93.9368,869,20.1,11,17,4,0.1,7174,8.0,1,0,0,0,2025-08-22T19:20:00+05:30,Kangla Fort area (synthetic demo),evening_peak,clear,paved,arterial,0
24.807,93.9368,993,59.6,11,19,4,16.8,1077,8.0,1,0,0,0,2025-10-10T19:10:00+05:30,Kangla Fort area (synthetic demo),evening_peak,rain,paved,arterial,1
24.807,93.9368,775,56.0,11,19,4,12.9,5682,8.0,1,0,0,0,2025-07-18T18:25:00+05:30,Kangla Fort area (synthetic demo),evening_peak,rain,paved,arterial,0
24.807,93.9368,1011,30.0,11,18,4,10.2,2364,8.0,1,0,0,0,2025-06-27T19:03:00+05:30,Kangla Fort area (synthetic demo),evening_peak,rain,paved,arterial,0
24.807,93.9368,778,34.6,11,19,4,14.7,4214,8.0,1,0,0,0,2025-01-03T19:26:00+05:30,Kangla Fort area (synthetic demo),evening_peak,rain,paved,arterial,0
24.807,93.9368,823,40.8,11,18,4,0.3,1053,8.0,1,0,0,0,2025-12-19T19:38:00+05:30,Kangla Fort area (synthetic demo),evening_peak,fog,paved,arterial,0
24.807,93.9368,857,33.2,11,19,4,0.0,1649,8.0,1,0,0,0,2025-09-26T18:18:00+05:30,Kangla Fort area (synthetic demo),evening_peak,fog,paved,arterial,0
24.807,93.9368,879,40.6,11,17,4,1.2,599,8.0,1,0,0,0,2025-07-25T17:01:00+05:30,Kangla Fort area (synthetic demo),evening_peak,fog,paved,arterial,1
24.807,93.9368,908,43.4,11,18,4,0.6,1488,8.0,1,0,0,0,2025-01-03T18:21:00+05:30,Kangla Fort area (synthetic demo),evening_peak,fog,paved,arterial,0
24.807,93.9368,231,47.1,11,22,4,0.2,6474,8.0,1,0,0,0,2025-08-08T00:33:00+05:30,Kangla Fort area (synthetic demo),night,clear,paved,arterial,0
24.807,93.9368,260,42.4,11,22,4,0.1,5480,8.0,1,0,0,0,2025-10-10T00:56:00+05:30,Kangla Fort area (synthetic demo),night,clear,paved,arterial,0
24.807,93.9368,296,39.4,11,23,4,0.5,9050,8.0,1,0,0,0,2025-02-21T22:01:00+05:30,Kangla Fort area (synthetic demo),night,clear,paved,arterial,0
24.807,93.9368,304,57.2,11,22,4,0.0,5442,8.0,1,1,0,0,2025-12-26T22:10:00+05:30,Kangla Fort area (synthetic demo),night,clear,paved,arterial,1
24.807,93.9368,241,21.9,11,23,4,23.1,3976,8.0,1,1,0,0,2025-03-07T00:33:00+05:30,Kangla Fort area (synthetic demo),night,rain,paved,arterial,1
24.807,93.9368,304,23.5,11,23,4,4.6,3607,8.0,1,1,0,0,2025-12-26T22:17:00+05:30,Kangla Fort area (synthetic demo),night,rain,paved,arterial,1
24.807,93.9368,225,49.0,11,23,4,11.7,3653,8.0,1,0,0,0,2025-03-14T00:13:00+05:30,Kangla Fort area (synthetic demo),night,rain,paved,arterial,0
24.807,93.9368,319,64.7,11,23,4,8.1,2847,8.0,1,0,0,0,2025-06-13T22:54:00+05:30,Kangla Fort area (synthetic demo),night,rain,paved,arterial,0
24.807,93.9368,305,15.3,11,0,4,1.2,1446,8.0,1,0,0,0,2025-02-28T00:22:00+05:30,Kangla Fort area (synthetic demo),night,fog,paved,arterial,1
24.807,93.9368,288,39.0,11,0,4,1.2,543,8.0,1,0,0,0,2025-02-28T00:27:00+05:30,Kangla Fort area (synthetic demo),night,fog,paved,arterial,0
24.807,93.9368,315,18.3,11,0,4,1.3,1053,8.0,1,1,0,0,2025-04-11T00:12:00+05:30,Kangla Fort area (synthetic demo),night,fog,paved,arterial,1
24.807,93.9368,281,52.7,11,23,4,1.4,285,8.0,1,0,0,0,2025-01-10T00:08:00+05:30,Kangla Fort area (synthetic demo),night,fog,paved,arterial,1
24.807,93.9368,326,29.0,11,6,5,0.1,8021,8.0,1,0,0,0,2025-05-10T04:21:00+05:30,Kangla Fort area (synthetic demo),early_morning,clear,paved,arterial,0
24.807,93.9368,314,20.0,11,4,5,0.2,7993,8.0,1,0,0,0,2025-11-08T05:13:00+05:30,Kangla Fort area (synthetic demo),early_morning,clear,paved,arterial,0
24.807,93.9368,283,27.5,11,6,5,0.4,6119,8.0,1,0,0,0,2025-05-24T04:54:00+05:30,Kangla Fort area (synthetic demo),early_morning,clear,paved,arterial,0
24.807,93.9368,388,40.3,11,5,5,0.1,4267,8.0,1,0,0,0,2025-09-13T05:23:00+05:30,Kangla Fort area (synthetic demo),early_morning,clear,paved,arterial,0
24.807,93.9368,371,29.1,11,5,5,32.4,729,8.0,1,0,0,0,2025-07-26T06:17:00+05:30,Kangla Fort area (synthetic demo),early_morning,rain,paved,arterial,1
24.807,93.9368,383,31.8,11,4,5,34.1,1413,8.0,1,0,0,0,2025-04-05T04:04:00+05:30,Kangla Fort area (synthetic demo),early_morning,rain,paved,arterial,0
24.807,93.9368,337,50.6,11,4,5,24.8,5040,8.0,1,0,0,0,2025-11-15T04:57:00+05:30,Kangla Fort area (synthetic demo),early_morning,rain,paved,arterial,0
24.807,93.9368,409,15.7,11,4,5,29.5,5591,8.0,1,0,0,0,2025-07-05T04:58:00+05:30,Kangla Fort area (synthetic demo),early_morning,rain,paved,arterial,0
24.807,93.9368,316,15.4,11,4,5,1.4,790,8.0,1,0,0,0,2025-11-15T05:16:00+05:30,Kangla Fort area (synthetic demo),early_morning,fog,paved,arterial,0
24.807,93.9368,358,45.7,11,4,5,1.4,813,8.0,1,0,0,0,2025-11-29T06:15:00+05:30,Kangla Fort area (synthetic demo),early_morning,fog,paved,arterial,0
24.807,93.9368,390,44.3,11,4,5,0.3,695,8.0,1,0,0,0,2025-09-13T06:02:00+05:30,Kangla Fort area (synthetic demo),early_morning,fog,paved,arterial,0
24.807,93.9368,387,51.1,11,5,5,1.3,1226,8.0,1,0,0,0,2025-10-18T06:39:00+05:30,Kangla Fort area (synthetic demo),early_morning,fog,paved,arterial,0
24.807,93.9368,608,45.2,11,11,5,0.2,4620,8.0,1,0,0,0,2025-12-20T12:11:00+05:30,Kangla Fort area (synthetic demo),daytime,clear,paved,arterial,0
24.807,93.9368,819,34.1,11,12,5,0.3,7642,8.0,1,0,0,0,2025-09-13T12:54:00+05:30,Kangla Fort area (synthetic demo),daytime,clear,paved,arterial,0
24.807,93.9368,794,38.9,11,12,5,0.1,6200,8.0,1,0,0,0,2025-07-26T12:16:00+05:30,Kangla Fort area (synthetic demo),daytime,clear,paved,arterial,0
24.807,93.9368,648,39.7,11,12,5,0.5,8107,8.0,1,0,0,0,2025-01-18T13:24:00+05:30,Kangla Fort area (synthetic demo),daytime,clear,paved,arterial,0
24.807,93.9368,693,29.1,11,12,5,27.0,1628,8.0,1,0,0,0,2025-12-06T12:11:00+05:30,Kangla Fort area (synthetic demo),daytime,rain,paved,arterial,0
24.807,93.9368,555,30.2,11,11,5,19.7,3953,8.0,1,0,0,0,2025-11-15T11:16:00+05:30,Kangla Fort area (synthetic demo),daytime,rain,paved,arterial,0
24.807,93.9368,739,20.4,11,13,5,18.8,3462,8.0,1,0,0,0,2025-01-11T12:37:00+05:30,Kangla Fort area (synthetic demo),daytime,rain,paved,arterial,0
24.807,93.9368,727,25.0,11,12,5,22.9,5889,8.0,1,0,0,0,2025-02-22T13:19:00+05:30,Kangla Fort area (synthetic demo),daytime,rain,paved,arterial,0
24.807,93.9368,682,36.4,11,12,5,1.4,659,8.0,1,0,0,0,2025-04-12T13:01:00+05:30,Kangla Fort area (synthetic demo),daytime,fog,paved,arterial,0
24.807,93.9368,658,42.1,11,13,5,1.0,1702,8.0,1,0,0,0,2025-09-06T13:41:00+05:30,Kangla Fort area (synthetic demo),daytime,fog,paved,arterial,0
24.807,93.9368,665,15.6,11,11,5,1.1,1525,8.0,1,0,0,0,2025-05-03T11:33:00+05:30,Kangla Fort area (synthetic demo),daytime,fog,paved,arterial,0
24.807,93.9368,633,62.0,11,11,5,1.0,193,8.0,1,0,0,0,2025-07-12T13:40:00+05:30,Kangla Fort area (synthetic demo),daytime,fog,paved,arterial,1
24.807,93.9368,1037,64.4,11,17,5,0.1,8778,8.0,1,0,0,0,2025-11-01T18:17:00+05:30,Kangla Fort area (synthetic demo),evening_peak,clear,paved,arterial,0
24.807,93.9368,803,38.3,11,19,5,0.4,6866,8.0,1,0,0,0,2025-06-21T18:34:00+05:30,Kangla Fort area (synthetic demo),evening_peak,clear,paved,arterial,0
24.807,93.9368,816,64.0,11,17,5,0.2,6425,8.0,1,0,0,0,2025-02-01T17:55:00+05:30,Kangla Fort area (synthetic demo),evening_peak,clear,paved,arterial,0
24.807,93.9368,1134,55.6,11,17,5,0.4,8488,8.0,1,0,0,0,2025-05-31T17:42:00+05:30,Kangla Fort area (synthetic demo),evening_peak,clear,paved,arterial,0
24.807,93.9368,1017,40.3,11,18,5,24.6,5622,8.0,1,0,0,0,2025-07-26T19:51:00+05:30,Kangla Fort area (synthetic demo),evening_peak,rain,paved,arterial,0
24.807,93.9368,983,33.3,11,19,5,19.4,4691,8.0,1,0,0,0,2025-04-26T19:36:00+05:30,Kangla Fort area (synthetic demo),evening_peak,rain,paved,arterial,0
24.807,93.9368,946,33.8,11,17,5,22.0,4931,8.0,1,0,0,0,2025-10-18T18:20:00+05:30,Kangla Fort area (synthetic demo),evening_peak,rain,paved,arterial,0
24.807,93.9368,1107,50.5,11,19,5,14.5,2888,8.0,1,0,0,0,2025-10-18T19:12:00+05:30,Kangla Fort area (synthetic demo),evening_peak,rain,paved,arterial,0
24.807,93.9368,946,40.7,11,19,5,1.4,1613,8.0,1,0,0,0,2025-11-08T19:26:00+05:30,Kangla Fort area (synthetic demo),evening_peak,fog,paved,arterial,0
24.807,93.9368,1055,58.6,11,18,5,0.5,242,8.0,1,0,0,0,2025-06-28T17:16:00+05:30,Kangla Fort area (synthetic demo),evening_peak,fog,paved,arterial,1
24.807,93.9368,866,55.5,11,17,5,0.7,1166,8.0,1,0,0,0,2025-03-29T18:40:00+05:30,Kangla Fort area (synthetic demo),evening_peak,fog,paved,arterial,0
24.807,93.9368,781,52.6,11,18,5,0.9,1007,8.0,1,0,0,0,2025-03-15T17:39:00+05:30,Kangla Fort area (synthetic demo),evening_peak,fog,paved,arterial,0
24.807,93.9368,317,54.3,11,0,5,0.2,4347,8.0,1,0,0,0,2025-08-09T23:32:00+05:30,Kangla Fort area (synthetic demo),night,clear,paved,arterial,0
24.807,93.9368,274,60.7,11,22,5,0.2,4715,8.0,1,0,0,0,2025-06-21T00:57:00+05:30,Kangla Fort area (synthetic demo),night,clear,paved,arterial,0
24.807,93.9368,310,28.7,11,22,5,0.5,5564,8.0,1,0,0,0,2025-02-08T23:55:00+05:30,Kangla Fort area (synthetic demo),night,clear,paved,arterial,0
24.807,93.9368,235,45.6,11,23,5,0.1,6617,8.0,1,1,0,0,2025-02-22T23:36:00+05:30,Kangla Fort area (synthetic demo),night,clear,paved,arterial,0
24.807,93.9368,228,16.8,11,23,5,15.9,3007,8.0,1,0,0,0,2025-05-17T23:12:00+05:30,Kangla Fort area (synthetic demo),night,rain,paved,arterial,0
24.807,93.9368,237,50.6,11,23,5,34.5,5009,8.0,1,1,0,0,2025-08-09T23:07:00+05:30,Kangla Fort area (synthetic demo),night,rain,paved,arterial,1
24.807,93.9368,257,21.2,11,22,5,30.7,611,8.0,1,0,0,0,2025-01-18T00:49:00+05:30,Kangla Fort area (synthetic demo),night,rain,paved,arterial,1
24.807,93.9368,249,16.9,11,0,5,32.8,2182,8.0,1,1,0,0,2025-05-17T22:12:00+05:30,Kangla Fort area (synthetic demo),night,rain,paved,arterial,1
24.807,93.9368,315,54.3,11,23,5,0.3,1143,8.0,1,0,0,0,2025-05-10T00:39:00+05:30,Kangla Fort area (synthetic demo),night,fog,paved,arterial,1
24.807,93.9368,255,57.1,11,23,5,1.4,250,8.0,1,1,0,0,2025-05-24T00:24:00+05:30,Kangla Fort area (synthetic demo),night,fog,paved,arterial,1
24.807,93.9368,245,19.6,11,23,5,0.2,1519,8.0,1,1,0,0,2025-01-11T00:45:00+05:30,Kangla Fort area (synthetic demo),night,fog,paved,arterial,1
24.807,93.9368,255,55.4,11,23,5,0.1,1488,8.0,1,0,0,0,2025-11-15T23:11:00+05:30,Kangla Fort area (synthetic demo),night,fog,paved,arterial,1
24.807,93.9368,384,14.6,11,6,6,0.2,9014,8.0,1,0,0,0,2025-01-26T04:30:00+05:30,Kangla Fort area (synthetic demo),early_morning,clear,paved,arterial,0
24.807,93.9368,315,13.0,11,5,6,0.3,7259,8.0,1,0,0,0,2025-06-08T06:37:00+05:30,Kangla Fort area (synthetic demo),early_morning,clear,paved,arterial,0
24.807,93.9368,407,45.3,11,5,6,0.4,8185,8.0,1,0,0,0,2025-04-13T04:01:00+05:30,Kangla Fort area (synthetic demo),early_morning,clear,paved,arterial,0
24.807,93.9368,378,49.2,11,4,6,0.4,6676,8.0,1,0,0,0,2025-06-15T05:28:00+05:30,Kangla Fort area (synthetic demo),early_morning,clear,paved,arterial,0
24.807,93.9368,377,19.9,11,6,6,19.7,4780,8.0,1,0,0,0,2025-04-13T04:59:00+05:30,Kangla Fort area (synthetic demo),early_morning,rain,paved,arterial,0
24.807,93.9368,297,24.5,11,5,6,22.6,772,8.0,1,0,0,0,2025-08-24T06:33:00+05:30,Kangla Fort area (synthetic demo),early_morning,rain,paved,arterial,0
24.807,93.9368,381,48.8,11,4,6,28.4,3289,8.0,1,0,0,0,2025-12-28T06:45:00+05:30,Kangla Fort area (synthetic demo),early_morning,rain,paved,arterial,0
24.807,93.9368,393,28.5,11,4,6,7.1,4114,8.0,1,0,0,0,2025-06-15T05:14:00+05:30,Kangla Fort area (synthetic demo),early_morning,rain,paved,arterial,0
24.807,93.9368,285,62.9,11,6,6,0.4,650,8.0,1,0,0,0,2025-05-18T06:22:00+05:30,Kangla Fort area (synthetic demo),early_morning,fog,paved,arterial,0
24.807,93.9368,300,44.3,11,4,6,1.4,1594,8.0,1,0,0,0,2025-06-15T06:40:00+05:30,Kangla Fort area (synthetic demo),early_morning,fog,paved,arterial,0
24.807,93.9368,377,22.3,11,5,6,1.4,1206,8.0,1,0,0,0,2025-02-09T05:02:00+05:30,Kangla Fort area (synthetic demo),early_morning,fog,paved,arterial,0
24.807,93.9368,363,35.7,11,4,6,0.3,1238,8.0,1,0,0,0,2025-07-20T04:00:00+05:30,Kangla Fort area (synthetic demo),early_morning,fog,paved,arterial,0
24.807,93.9368,756,14.8,11,13,6,0.2,4058,8.0,1,0,0,0,2025-05-25T12:33:00+05:30,Kangla Fort area (synthetic demo),daytime,clear,paved,arterial,0
24.807,93.9368,752,47.1,11,12,6,0.5,9289,8.0,1,0,0,0,2025-09-07T11:49:00+05:30,Kangla Fort area (synthetic demo),daytime,clear,paved,arterial,0
24.807,93.9368,804,21.8,11,12,6,0.2,8761,8.0,1,0,0,0,2025-12-28T13:51:00+05:30,Kangla Fort area (synthetic demo),daytime,clear,paved,arterial,0
24.807,93.9368,676,13.4,11,11,6,0.3,7720,8.0,1,0,0,0,2025-01-19T13:47:00+05:30,Kangla Fort area (synthetic demo),daytime,clear,paved,arterial,0
24.807,93.9368,583,26.5,11,12,6,20.2,1783,8.0,1,0,0,0,2025-07-20T12:14:00+05:30,Kangla Fort area (synthetic demo),daytime,rain,paved,arterial,0
24.807,93.9368,759,26.1,11,11,6,18.8,2355,8.0,1,0,0,0,2025-07-06T13:35:00+05:30,Kangla Fort area (synthetic demo),daytime,rain,paved,arterial,0
24.807,93.9368,572,48.3,11,11,6,25.2,1339,8.0,1,0,0,0,2025-08-10T11:25:00+05:30,Kangla Fort area (synthetic demo),daytime,rain,paved,arterial,0
24.807,93.9368,568,64.5,11,12,6,33.4,1339,8.0,1,0,0,0,2025-05-25T11:57:00+05:30,Kangla Fort area (synthetic demo),daytime,rain,paved,arterial,1
24.807,93.9368,589,33.6,11,12,6,0.7,1725,8.0,1,0,0,0,2025-06-08T13:51:00+05:30,Kangla Fort area (synthetic demo),daytime,fog,paved,arterial,0
24.807,93.9368,642,53.3,11,11,6,1.4,279,8.0,1,0,0,0,2025-08-24T13:47:00+05:30,Kangla Fort area (synthetic demo),daytime,fog,paved,arterial,0
24.807,93.9368,813,35.7,11,11,6,1.2,1303,8.0,1,0,0,0,2025-09-28T13:01:00+05:30,Kangla Fort area (synthetic demo),daytime,fog,paved,arterial,0
24.807,93.9368,555,64.1,11,12,6,0.3,276,8.0,1,0,0,0,2025-07-20T12:31:00+05:30,Kangla Fort area (synthetic demo),daytime,fog,paved,arterial,0
24.807,93.9368,1104,61.1,11,19,6,0.2,7099,8.0,1,0,0,0,2025-08-03T18:19:00+05:30,Kangla Fort area (synthetic demo),evening_peak,clear,paved,arterial,0
24.807,93.9368,1013,60.9,11,18,6,0.3,8089,8.0,1,0,0,0,2025-07-13T19:37:00+05:30,Kangla Fort area (synthetic demo),evening_peak,clear,paved,arterial,0
24.807,93.9368,870,18.6,11,18,6,0.4,9762,8.0,1,0,0,0,2025-01-26T17:58:00+05:30,Kangla Fort area (synthetic demo),evening_peak,clear,paved,arterial,0
24.807,93.9368,829,47.6,11,17,6,0.4,7427,8.0,1,0,0,0,2025-11-09T18:02:00+05:30,Kangla Fort area (synthetic demo),evening_peak,clear,paved,arterial,0
24.807,93.9368,1137,38.1,11,19,6,13.7,4260,8.0,1,0,0,0,2025-05-04T17:21:00+05:30,Kangla Fort area (synthetic demo),evening_peak,rain,paved,arterial,0
24.807,93.9368,849,62.6,11,18,6,23.3,4256,8.0,1,0,0,0,2025-05-11T19:48:00+05:30,Kangla Fort area (synthetic demo),evening_peak,rain,paved,arterial,0
24.807,93.9368,972,16.9,11,19,6,9.1,3000,8.0,1,0,0,0,2025-04-27T18:06:00+05:30,Kangla Fort area (synthetic demo),evening_peak,rain,paved,arterial,0
24.807,93.9368,1103,28.9,11,17,6,10.5,1306,8.0,1,0,0,0,2025-08-03T19:11:00+05:30,Kangla Fort area (synthetic demo),evening_peak,rain,paved,arterial,1
24.807,93.9368,842,17.5,11,19,6,1.4,734,8.0,1,0,0,0,2025-09-14T17:23:00+05:30,Kangla Fort area (synthetic demo),evening_peak,fog,paved,arterial,0
24.807,93.9368,1024,47.1,11,19,6,0.0,1128,8.0,1,0,0,0,2025-11-16T18:16:00+05:30,Kangla Fort area (synthetic demo),evening_peak,fog,paved,arterial,0
24.807,93.9368,794,21.9,11,18,6,0.7,959,8.0,1,0,0,0,2025-12-07T18:22:00+05:30,Kangla Fort area (synthetic demo),evening_peak,fog,paved,arterial,0
24.807,93.9368,923,17.9,11,18,6,0.6,1388,8.0,1,0,0,0,2025-05-25T19:43:00+05:30,Kangla Fort area (synthetic demo),evening_peak,fog,paved,arterial,0
24.807,93.9368,219,55.4,11,23,6,0.1,7402,8.0,1,1,0,0,2025-01-26T22:08:00+05:30,Kangla Fort area (synthetic demo),night,clear,paved,arterial,0
24.807,93.9368,258,59.8,11,0,6,0.1,8890,8.0,1,0,0,0,2025-07-06T23:42:00+05:30,Kangla Fort area (synthetic demo),night,clear,paved,arterial,0
24.807,93.9368,258,40.9,11,22,6,0.5,8862,8.0,1,0,0,0,2025-12-07T22:04:00+05:30,Kangla Fort area (synthetic demo),night,clear,paved,arterial,0
24.807,93.9368,292,53.1,11,0,6,0.3,4255,8.0,1,0,0,0,2025-09-28T22:51:00+05:30,Kangla Fort area (synthetic demo),night,clear,paved,arterial,0
24.807,93.9368,245,50.9,11,0,6,32.3,4334,8.0,1,0,0,0,2025-06-22T22:08:00+05:30,Kangla Fort area (synthetic demo),night,rain,paved,arterial,0
24.807,93.9368,303,61.4,11,22,6,11.1,1434,8.0,1,1,0,0,2025-09-07T23:41:00+05:30,Kangla Fort area (synthetic demo),night,rain,paved,arterial,1
24.807,93.9368,316,28.1,11,0,6,20.6,3869,8.0,1,1,0,0,2025-09-28T23:22:00+05:30,Kangla Fort area (synthetic demo),night,rain,paved,arterial,1
24.807,93.9368,223,34.5,11,23,6,18.9,2564,8.0,1,0,0,0,2025-03-09T23:10:00+05:30,Kangla Fort area (synthetic demo),night,rain,paved,arterial,0
24.807,93.9368,276,14.5,11,23,6,0.4,966,8.0,1,0,0,0,2025-06-08T22:44:00+05:30,Kangla Fort area (synthetic demo),night,fog,paved,arterial,0
24.807,93.9368,264,14.3,11,0,6,1.2,1020,8.0,1,1,0,0,2025-02-09T00:15:00+05:30,Kangla Fort area (synthetic demo),night,fog,paved,arterial,1
24.807,93.9368,315,49.1,11,23,6,0.7,1310,8.0,1,0,0,0,2025-03-16T00:08:00+05:30,Kangla Fort area (synthetic demo),night,fog,paved,arterial,1
24.807,93.9368,308,50.6,11,23,6,0.2,1014,8.0,1,1,0,0,2025-01-12T23:35:00+05:30,Kangla Fort area (synthetic demo),night,fog,paved,arterial,1
24.811,93.939,257,54.7,7,5,0,0.1,9519,6.5,2,0,1,1,2025-03-03T06:42:00+05:30,Ima Keithel area (synthetic demo),early_morning,clear,gravel,collector,0
24.811,93.939,190,25.6,7,4,0,0.1,5348,6.5,2,0,1,1,2025-10-20T05:59:00+05:30,Ima Keithel area (synthetic demo),early_morning,clear,gravel,collector,0
24.811,93.939,191,22.4,7,4,0,0.0,8725,6.5,2,0,1,1,2025-07-21T05:52:00+05:30,Ima Keithel area (synthetic demo),early_morning,clear,gravel,collector,0
24.811,93.939,271,22.2,7,6,0,0.4,5278,6.5,2,0,1,1,2025-12-22T04:25:00+05:30,Ima Keithel area (synthetic demo),early_morning,clear,gravel,collector,0
24.811,93.939,278,16.1,7,4,0,15.3,1323,6.5,2,0,1,1,2025-12-08T06:27:00+05:30,Ima Keithel area (synthetic demo),early_morning,rain,gravel,collector,0
24.811,93.939,232,35.9,7,4,0,6.6,2431,6.5,2,0,1,1,2025-05-26T04:18:00+05:30,Ima Keithel area (synthetic demo),early_morning,rain,gravel,collector,0
24.811,93.939,264,64.0,7,6,0,14.3,1992,6.5,2,0,1,1,2025-11-10T06:31:00+05:30,Ima Keithel area (synthetic demo),early_morning,rain,gravel,collector,0
24.811,93.939,233,16.4,7,6,0,32.6,4198,6.5,2,0,1,1,2025-05-19T06:34:00+05:30,Ima Keithel area (synthetic demo),early_morning,rain,gravel,collector,0
24.811,93.939,190,61.9,7,4,0,0.8,190,6.5,2,0,1,1,2025-03-03T04:08:00+05:30,Ima Keithel area (synthetic demo),early_morning,fog,gravel,collector,0
24.811,93.939,199,24.5,7,5,0,0.6,648,6.5,2,0,1,1,2025-08-11T05:05:00+05:30,Ima Keithel area (synthetic demo),early_morning,fog,gravel,collector,0
24.811,93.939,248,53.7,7,4,0,1.3,1192,6.5,2,0,1,1,2025-11-17T05:53:00+05:30,Ima Keithel area (synthetic demo),early_morning,fog,gravel,collector,0
24.811,93.939,274,33.3,7,6,0,0.5,1795,6.5,2,0,1,1,2025-04-21T04:59:00+05:30,Ima Keithel area (synthetic demo),early_morning,fog,gravel,collector,0
24.811,93.939,449,57.3,7,11,0,0.1,6557,6.5,2,0,1,1,2025-03-31T11:28:00+05:30,Ima Keithel area (synthetic demo),daytime,clear,gravel,collector,0
24.811,93.939,505,32.3,7,12,0,0.5,4676,6.5,2,0,1,1,2025-03-24T13:03:00+05:30,Ima Keithel area (synthetic demo),daytime,clear,gravel,collector,0
24.811,93.939,480,53.0,7,11,0,0.4,9304,6.5,2,0,1,1,2025-05-26T12:58:00+05:30,Ima Keithel area (synthetic demo),daytime,clear,gravel,collector,0
24.811,93.939,514,14.5,7,12,0,0.3,6709,6.5,2,0,1,1,2025-01-13T12:43:00+05:30,Ima Keithel area (synthetic demo),daytime,clear,gravel,collector,0
24.811,93.939,505,25.3,7,11,0,17.3,1024,6.5,2,0,1,1,2025-03-03T12:22:00+05:30,Ima Keithel area (synthetic demo),daytime,rain,gravel,collector,1
24.811,93.939,560,32.3,7,11,0,23.9,1317,6.5,2,0,1,1,2025-02-24T12:45:00+05:30,Ima Keithel area (synthetic demo),daytime,rain,gravel,collector,1
24.811,93.939,515,24.9,7,11,0,8.4,3264,6.5,2,0,1,1,2025-12-15T13:32:00+05:30,Ima Keithel area (synthetic demo),daytime,rain,gravel,collector,0
24.811,93.939,475,17.8,7,11,0,15.0,2041,6.5,2,0,1,1,2025-04-07T13:08:00+05:30,Ima Keithel area (synthetic demo),daytime,rain,gravel,collector,0
24.811,93.939,404,18.5,7,12,0,0.4,1348,6.5,2,0,1,1,2025-03-24T12:19:00+05:30,Ima Keithel area (synthetic demo),daytime,fog,gravel,collector,0
24.811,93.939,403,12.7,7,13,0,1.2,749,6.5,2,0,1,1,2025-08-04T13:30:00+05:30,Ima Keithel area (synthetic demo),daytime,fog,gravel,collector,1
24.811,93.939,513,41.8,7,13,0,0.4,1564,6.5,2,0,1,1,2025-12-22T12:28:00+05:30,Ima Keithel area (synthetic demo),daytime,fog,gravel,collector,0
24.811,93.939,411,43.7,7,12,0,1.3,349,6.5,2,0,1,1,2025-10-06T13:20:00+05:30,Ima Keithel area (synthetic demo),daytime,fog,gravel,collector,0
24.811,93.939,549,39.0,7,19,0,0.5,9360,6.5,2,0,1,1,2025-02-17T17:49:00+05:30,Ima Keithel area (synthetic demo),evening_peak,clear,gravel,collector,0
24.811,93.939,603,33.7,7,17,0,0.3,6158,6.5,2,0,1,1,2025-01-20T17:45:00+05:30,Ima Keithel area (synthetic demo),evening_peak,clear,gravel,collector,0
24.811,93.939,546,53.4,7,17,0,0.2,4904,6.5,2,0,1,1,2025-02-03T17:43:00+05:30,Ima Keithel area (synthetic demo),evening_peak,clear,gravel,collector,0
24.811,93.939,611,45.2,7,19,0,0.4,8508,6.5,2,0,1,1,2025-04-28T18:22:00+05:30,Ima Keithel area (synthetic demo),evening_peak,clear,gravel,collector,0
24.811,93.939,656,22.0,7,17,0,23.3,5609,6.5,2,0,1,1,2025-06-02T18:03:00+05:30,Ima Keithel area (synthetic demo),evening_peak,rain,gravel,collector,0
24.811,93.939,778,28.3,7,19,0,10.0,5347,6.5,2,0,1,1,2025-05-19T17:40:00+05:30,Ima Keithel area (synthetic demo),evening_peak,rain,gravel,collector,0
24.811,93.939,526,55.5,7,18,0,23.2,1336,6.5,2,0,1,1,2025-09-22T17:31:00+05:30,Ima Keithel area (synthetic demo),evening_peak,rain,gravel,collector,1
24.811,93.939,766,27.5,7,17,0,21.8,5242,6.5,2,0,1,1,2025-10-20T17:02:00+05:30,Ima Keithel area (synthetic demo),evening_peak,rain,gravel,collector,0
24.811,93.939,526,47.8,7,17,0,0.4,1570,6.5,2,0,1,1,2025-09-22T17:33:00+05:30,Ima Keithel area (synthetic demo),evening_peak,fog,gravel,collector,0
24.811,93.939,672,32.6,7,17,0,1.1,232,6.5,2,0,1,1,2025-09-15T17:53:00+05:30,Ima Keithel area (synthetic demo),evening_peak,fog,gravel,collector,0
24.811,93.939,560,60.5,7,18,0,0.4,703,6.5,2,0,1,1,2025-06-30T19:17:00+05:30,Ima Keithel area (synthetic demo),evening_peak,fog,gravel,collector,1
24.811,93.939,598,37.1,7,18,0,0.7,685,6.5,2,0,1,1,2025-02-17T18:08:00+05:30,Ima Keithel area (synthetic demo),evening_peak,fog,gravel,collector,0
24.811,93.939,197,15.2,7,22,0,0.1,7139,6.5,2,0,1,1,2025-03-10T00:48:00+05:30,Ima Keithel area (synthetic demo),night,clear,gravel,collector,0
24.811,93.939,201,53.7,7,0,0,0.4,6650,6.5,2,1,1,1,2025-01-20T23:00:00+05:30,Ima Keithel area (synthetic demo),night,clear,gravel,collector,1
24.811,93.939,153,19.0,7,23,0,0.1,9648,6.5,2,0,1,1,2025-09-29T22:00:00+05:30,Ima Keithel area (synthetic demo),night,clear,gravel,collector,0
24.811,93.939,187,41.9,7,22,0,0.2,5078,6.5,2,0,1,1,2025-05-26T00:51:00+05:30,Ima Keithel area (synthetic demo),night,clear,gravel,collector,0
24.811,93.939,160,63.4,7,22,0,7.5,2508,6.5,2,1,1,1,2025-12-22T22:05:00+05:30,Ima Keithel area (synthetic demo),night,rain,gravel,collector,1
24.811,93.939,186,39.7,7,0,0,26.0,4000,6.5,2,0,1,1,2025-05-05T22:40:00+05:30,Ima Keithel area (synthetic demo),night,rain,gravel,collector,1
24.811,93.939,158,26.1,7,0,0,9.6,798,6.5,2,1,1,1,2025-06-30T22:13:00+05:30,Ima Keithel area (synthetic demo),night,rain,gravel,collector,1
24.811,93.939,197,42.4,7,23,0,15.1,3422,6.5,2,1,1,1,2025-07-07T00:43:00+05:30,Ima Keithel area (synthetic demo),night,rain,gravel,collector,1
24.811,93.939,198,38.4,7,23,0,0.7,662,6.5,2,0,1,1,2025-04-21T22:07:00+05:30,Ima Keithel area (synthetic demo),night,fog,gravel,collector,1
24.811,93.939,149,15.1,7,0,0,0.2,754,6.5,2,1,1,1,2025-05-26T23:43:00+05:30,Ima Keithel area (synthetic demo),night,fog,gravel,collector,1
24.811,93.939,157,59.5,7,23,0,1.4,693,6.5,2,0,1,1,2025-09-15T22:21:00+05:30,Ima Keithel area (synthetic demo),night,fog,gravel,collector,1
24.811,93.939,204,31.1,7,23,0,0.1,1058,6.5,2,0,1,1,2025-09-22T23:17:00+05:30,Ima Keithel area (synthetic demo),night,fog,gravel,collector,1
24.811,93.939,276,51.2,7,4,1,0.3,6784,6.5,2,0,1,1,2025-09-16T05:17:00+05:30,Ima Keithel area (synthetic demo),early_morning,clear,gravel,collector,0
24.811,93.939,197,20.1,7,6,1,0.1,9964,6.5,2,0,1,1,2025-01-21T05:21:00+05:30,Ima Keithel area (synthetic demo),early_morning,clear,gravel,collector,0
24.811,93.939,245,15.2,7,5,1,0.3,6786,6.5,2,0,1,1,2025-07-15T06:47:00+05:30,Ima Keithel area (synthetic demo),early_morning,clear,gravel,collector,0
24.811,93.939,201,33.8,7,5,1,0.1,7008,6.5,2,0,1,1,2025-05-13T05:52:00+05:30,Ima Keithel area (synthetic demo),early_morning,clear,gravel,collector,0
24.811,93.939,192,17.6,7,6,1,24.0,4253,6.5,2,0,1,1,2025-03-04T04:13:00+05:30,Ima Keithel area (synthetic demo),early_morning,rain,gravel,collector,0
24.811,93.939,253,33.6,7,4,1,16.0,3599,6.5,2,0,1,1,2025-06-03T04:21:00+05:30,Ima Keithel area (synthetic demo),early_morning,rain,gravel,collector,0
24.811,93.939,241,43.8,7,5,1,4.7,2465,6.5,2,0,1,1,2025-10-21T06:27:00+05:30,Ima Keithel area (synthetic demo),early_morning,rain,gravel,collector,0
24.811,93.939,232,34.5,7,5,1,19.6,3050,6.5,2,0,1,1,2025-09-09T04:12:00+05:30,Ima Keithel area (synthetic demo),early_morning,rain,gravel,collector,0
24.811,93.939,234,54.0,7,5,1,1.1,540,6.5,2,0,1,1,2025-05-13T04:52:00+05:30,Ima Keithel area (synthetic demo),early_morning,fog,gravel,collector,0
24.811,93.939,226,58.1,7,4,1,1.2,525,6.5,2,0,1,1,2025-12-16T05:37:00+05:30,Ima Keithel area (synthetic demo),early_morning,fog,gravel,collector,1
24.811,93.939,244,57.4,7,4,1,0.2,1106,6.5,2,0,1,1,2025-03-11T06:44:00+05:30,Ima Keithel area (synthetic demo),early_morning,fog,gravel,collector,0
24.811,93.939,271,58.8,7,4,1,0.7,741,6.5,2,0,1,1,2025-10-14T05:04:00+05:30,Ima Keithel area (synthetic demo),early_morning,fog,gravel,collector,0
24.811,93.939,444,46.2,7,13,1,0.1,8206,6.5,2,0,1,1,2025-05-06T12:33:00+05:30,Ima Keithel area (synthetic demo),daytime,clear,gravel,collector,0
24.811,93.939,437,63.9,7,13,1,0.1,8349,6.5,2,0,1,1,2025-06-03T11:38:00+05:30,Ima Keithel area (synthetic demo),daytime,clear,gravel,collector,0
24.811,93.939,415,14.8,7,12,1,0.4,5151,6.5,2,0,1,1,2025-06-24T13:48:00+05:30,Ima Keithel area (synthetic demo),daytime,clear,gravel,collector,0
24.811,93.939,460,57.4,7,11,1,0.0,8770,6.5,2,0,1,1,2025-01-07T13:08:00+05:30,Ima Keithel area (synthetic demo),daytime,clear,gravel,collector,0
24.811,93.939,424,34.3,7,11,1,16.2,1821,6.5,2,0,1,1,2025-02-11T12:56:00+05:30,Ima Keithel area (synthetic demo),daytime,rain,gravel,collector,0
24.811,93.939,501,45.0,7,13,1,32.0,5534,6.5,2,0,1,1,2025-11-25T13:36:00+05:30,Ima Keithel area (synthetic demo),daytime,rain,gravel,collector,0
24.811,93.939,403,63.3,7,12,1,13.8,2597,6.5,2,0,1,1,2025-12-16T13:26:00+05:30,Ima Keithel area (synthetic demo),daytime,rain,gravel,collector,0
24.811,93.939,424,19.6,7,11,1,12.0,5341,6.5,2,0,1,1,2025-05-27T13:26:00+05:30,Ima Keithel area (synthetic demo),daytime,rain,gravel,collector,0
24.811,93.939,409,39.7,7,12,1,0.8,304,6.5,2,0,1,1,2025-07-08T13:51:00+05:30,Ima Keithel area (synthetic demo),daytime,fog,gravel,collector,1
24.811,93.939,518,61.3,7,11,1,1.4,1592,6.5,2,0,1,1,2025-09-23T13:20:00+05:30,Ima Keithel area (synthetic demo),daytime,fog,gravel,collector,0
24.811,93.939,524,33.4,7,12,1,0.4,732,6.5,2,0,1,1,2025-09-16T11:24:00+05:30,Ima Keithel area (synthetic demo),daytime,fog,gravel,collector,1
24.811,93.939,433,36.6,7,13,1,0.7,1214,6.5,2,0,1,1,2025-01-28T11:27:00+05:30,Ima Keithel area (synthetic demo),daytime,fog,gravel,collector,0
24.811,93.939,621,49.6,7,17,1,0.3,6548,6.5,2,0,1,1,2025-08-19T18:09:00+05:30,Ima Keithel area (synthetic demo),evening_peak,clear,gravel,collector,0
24.811,93.939,631,26.2,7,19,1,0.3,4683,6.5,2,0,1,1,2025-03-04T17:59:00+05:30,Ima Keithel area (synthetic demo),evening_peak,clear,gravel,collector,0
24.811,93.939,700,59.8,7,18,1,0.4,4856,6.5,2,0,1,1,2025-01-14T17:20:00+05:30,Ima Keithel area (synthetic demo),evening_peak,clear,gravel,collector,0
24.811,93.939,710,20.2,7,17,1,0.0,6669,6.5,2,0,1,1,2025-12-16T17:16:00+05:30,Ima Keithel area (synthetic demo),evening_peak,clear,gravel,collector,0
24.811,93.939,523,14.6,7,18,1,21.1,2834,6.5,2,0,1,1,2025-02-11T17:35:00+05:30,Ima Keithel area (synthetic demo),evening_peak,rain,gravel,collector,1
24.811,93.939,646,59.5,7,19,1,12.4,5975,6.5,2,0,1,1,2025-08-26T18:01:00+05:30,Ima Keithel area (synthetic demo),evening_peak,rain,gravel,collector,0
24.811,93.939,656,26.7,7,17,1,15.7,4674,6.5,2,0,1,1,2025-12-16T17:06:00+05:30,Ima Keithel area (synthetic demo),evening_peak,rain,gravel,collector,0
24.811,93.939,763,20.1,7,18,1,26.2,1290,6.5,2,0,1,1,2025-05-06T18:14:00+05:30,Ima Keithel area (synthetic demo),evening_peak,rain,gravel,collector,1
24.811,93.939,686,26.9,7,18,1,0.9,273,6.5,2,0,1,1,2025-12-23T17:30:00+05:30,Ima Keithel area (synthetic demo),evening_peak,fog,gravel,collector,1
24.811,93.939,563,14.1,7,18,1,0.5,1287,6.5,2,0,1,1,2025-03-11T17:18:00+05:30,Ima Keithel area (synthetic demo),evening_peak,fog,gravel,collector,1
24.811,93.939,552,28.7,7,19,1,1.4,1388,6.5,2,0,1,1,2025-01-07T17:47:00+05:30,Ima Keithel area (synthetic demo),evening_peak,fog,gravel,collector,1
24.811,93.939,697,42.5,7,18,1,0.7,1192,6.5,2,0,1,1,2025-10-07T18:40:00+05:30,Ima Keithel area (synthetic demo),evening_peak,fog,gravel,collector,1
24.811,93.939,186,49.9,7,23,1,0.4,4410,6.5,2,0,1,1,2025-07-01T23:07:00+05:30,Ima Keithel area (synthetic demo),night,clear,gravel,collector,1
24.811,93.939,177,51.3,7,22,1,0.1,4725,6.5,2,1,1,1,2025-08-26T23:38:00+05:30,Ima Keithel area (synthetic demo),night,clear,gravel,collector,1
24.811,93.939,181,30.1,7,22,1,0.5,6302,6.5,2,1,1,1,2025-10-07T22:38:00+05:30,Ima Keithel area (synthetic demo),night,clear,gravel,collector,1
24.811,93.939,170,40.9,7,0,1,0.2,7372,6.5,2,0,1,1,2025-09-09T23:59:00+05:30,Ima Keithel area (synthetic demo),night,clear,gravel,collector,0
24.811,93.939,153,19.5,7,0,1,5.6,3329,6.5,2,0,1,1,2025-12-30T23:33:00+05:30,Ima Keithel area (synthetic demo),night,rain,gravel,collector,1
24.811,93.939,163,36.2,7,0,1,9.4,1437,6.5,2,1,1,1,2025-10-07T23:57:00+05:30,Ima Keithel area (synthetic demo),night,rain,gravel,collector,1
24.811,93.939,215,25.7,7,0,1,15.3,2723,6.5,2,0,1,1,2025-10-21T22:52:00+05:30,Ima Keithel area (synthetic demo),night,rain,gravel,collector,1
24.811,93.939,201,36.6,7,22,1,5.7,1987,6.5,2,0,1,1,2025-12-09T22:23:00+05:30,Ima Keithel area (synthetic demo),night,rain,gravel,collector,1
24.811,93.939,206,38.2,7,23,1,1.4,1551,6.5,2,1,1,1,2025-01-21T22:11:00+05:30,Ima Keithel area (synthetic demo),night,fog,gravel,collector,1
24.811,93.939,210,21.2,7,22,1,0.3,1743,6.5,2,0,1,1,2025-01-21T22:47:00+05:30,Ima Keithel area (synthetic demo),night,fog,gravel,collector,1
24.811,93.939,217,44.5,7,0,1,0.7,634,6.5,2,1,1,1,2025-10-28T22:59:00+05:30,Ima Keithel area (synthetic demo),night,fog,gravel,collector,1
24.811,93.939,163,54.0,7,23,1,0.6,1409,6.5,2,1,1,1,2025-07-08T23:02:00+05:30,Ima Keithel area (synthetic demo),night,fog,gravel,collector,1
24.811,93.939,213,40.3,7,6,2,0.2,7001,6.5,2,0,1,1,2025-08-06T05:20:00+05:30,Ima Keithel area (synthetic demo),early_morning,clear,gravel,collector,0
24.811,93.939,259,42.1,7,4,2,0.2,4022,6.5,2,0,1,1,2025-08-06T04:39:00+05:30,Ima Keithel area (synthetic demo),early_morning,clear,gravel,collector,0
24.811,93.939,191,60.7,7,4,2,0.1,5665,6.5,2,0,1,1,2025-01-29T05:53:00+05:30,Ima Keithel area (synthetic demo),early_morning,clear,gravel,collector,0
24.811,93.939,197,34.3,7,5,2,0.2,6157,6.5,2,0,1,1,2025-10-15T05:55:00+05:30,Ima Keithel area (synthetic demo),early_morning,clear,gravel,collector,0
24.811,93.939,220,44.4,7,4,2,6.8,5346,6.5,2,0,1,1,2025-10-08T06:35:00+05:30,Ima Keithel area (synthetic demo),early_morning,rain,gravel,collector,0
24.811,93.939,269,28.0,7,6,2,8.6,2267,6.5,2,0,1,1,2025-01-08T05:01:00+05:30,Ima Keithel area (synthetic demo),early_morning,rain,gravel,collector,0
24.811,93.939,277,27.6,7,4,2,25.5,3442,6.5,2,0,1,1,2025-10-01T04:34:00+05:30,Ima Keithel area (synthetic demo),early_morning,rain,gravel,collector,0
24.811,93.939,232,21.3,7,4,2,5.3,1702,6.5,2,0,1,1,2025-07-16T06:49:00+05:30,Ima Keithel area (synthetic demo),early_morning,rain,gravel,collector,0
24.811,93.939,264,52.0,7,5,2,0.1,1105,6.5,2,0,1,1,2025-07-30T06:42:00+05:30,Ima Keithel area (synthetic demo),early_morning,fog,gravel,collector,0
24.811,93.939,202,50.2,7,6,2,0.6,446,6.5,2,0,1,1,2025-11-05T04:39:00+05:30,Ima Keithel area (synthetic demo),early_morning,fog,gravel,collector,0
24.811,93.939,234,56.5,7,5,2,0.1,561,6.5,2,0,1,1,2025-06-18T04:05:00+05:30,Ima Keithel area (synthetic demo),early_morning,fog,gravel,collector,1
24.811,93.939,190,40.4,7,6,2,0.5,1155,6.5,2,0,1,1,2025-11-05T06:27:00+05:30,Ima Keithel area (synthetic demo),early_morning,fog,gravel,collector,0
24.811,93.939,554,64.5,7,11,2,0.4,5225,6.5,2,0,1,1,2025-11-26T11:50:00+05:30,Ima Keithel area (synthetic demo),daytime,clear,gravel,collector,0
24.811,93.939,560,28.7,7,11,2,0.5,6214,6.5,2,0,1,1,2025-05-21T12:20:00+05:30,Ima Keithel area (synthetic demo),daytime,clear,gravel,collector,0
24.811,93.939,555,12.4,7,13,2,0.2,6652,6.5,2,0,1,1,2025-04-16T11:48:00+05:30,Ima Keithel area (synthetic demo),daytime,clear,gravel,collector,0
24.811,93.939,404,16.9,7,12,2,0.5,5155,6.5,2,0,1,1,2025-09-17T12:13:00+05:30,Ima Keithel area (synthetic demo),daytime,clear,gravel,collector,0
24.811,93.939,554,40.1,7,11,2,28.1,3296,6.5,2,0,1,1,2025-03-26T13:12:00+05:30,Ima Keithel area (synthetic demo),daytime,rain,gravel,collector,0
24.811,93.939,463,54.0,7,13,2,26.6,1821,6.5,2,0,1,1,2025-08-13T11:31:00+05:30,Ima Keithel area (synthetic demo),daytime,rain,gravel,collector,1
24.811,93.939,401,57.8,7,12,2,29.7,1931,6.5,2,0,1,1,2025-03-19T13:09:00+05:30,Ima Keithel area (synthetic demo),daytime,rain,gravel,collector,1
24.811,93.939,539,52.5,7,12,2,4.7,5890,6.5,2,0,1,1,2025-04-02T11:16:00+05:30,Ima Keithel area (synthetic demo),daytime,rain,gravel,collector,0
24.811,93.939,377,40.8,7,12,2,0.9,1648,6.5,2,0,1,1,2025-03-26T12:36:00+05:30,Ima Keithel area (synthetic demo),daytime,fog,gravel,collector,0
24.811,93.939,441,25.0,7,13,2,0.7,191,6.5,2,0,1,1,2025-12-10T13:19:00+05:30,Ima Keithel area (synthetic demo),daytime,fog,gravel,collector,1
24.811,93.939,432,61.7,7,12,2,0.9,1704,6.5,2,0,1,1,2025-01-08T13:51:00+05:30,Ima Keithel area (synthetic demo),daytime,fog,gravel,collector,1
24.811,93.939,550,12.7,7,12,2,1.5,735,6.5,2,0,1,1,2025-01-29T13:13:00+05:30,Ima Keithel area (synthetic demo),daytime,fog,gravel,collector,1
24.811,93.939,657,42.0,7,18,2,0.1,6107,6.5,2,0,1,1,2025-06-25T17:18:00+05:30,Ima Keithel area (synthetic demo),evening_peak,clear,gravel,collector,0
24.811,93.939,780,59.5,7,19,2,0.0,8530,6.5,2,0,1,1,2025-04-23T17:50:00+05:30,Ima Keithel area (synthetic demo),evening_peak,clear,gravel,collector,0
24.811,93.939,628,16.5,7,18,2,0.2,7384,6.5,2,0,1,1,2025-06-11T18:08:00+05:30,Ima Keithel area (synthetic demo),evening_peak,clear,gravel,collector,0
24.811,93.939,635,29.1,7,17,2,0.1,7144,6.5,2,0,1,1,2025-12-03T17:48:00+05:30,Ima Keithel area (synthetic demo),evening_peak,clear,gravel,collector,0
24.811,93.939,632,20.9,7,17,2,27.2,3266,6.5,2,0,1,1,2025-01-22T19:48:00+05:30,Ima Keithel area (synthetic demo),evening_peak,rain,gravel,collector,0
24.811,93.939,737,51.9,7,19,2,5.0,2643,6.5,2,0,1,1,2025-06-04T18:39:00+05:30,Ima Keithel area (synthetic demo),evening_peak,rain,gravel,collector,0
24.811,93.939,633,35.6,7,17,2,22.2,4470,6.5,2,0,1,1,2025-02-12T19:04:00+05:30,Ima Keithel area (synthetic demo),evening_peak,rain,gravel,collector,0
24.811,93.939,563,49.2,7,18,2,28.7,3751,6.5,2,0,1,1,2025-10-01T18:13:00+05:30,Ima Keithel area (synthetic demo),evening_peak,rain,gravel,collector,0
24.811,93.939,606,12.4,7,18,2,0.6,1392,6.5,2,0,1,1,2025-04-16T18:00:00+05:30,Ima Keithel area (synthetic demo),evening_peak,fog,gravel,collector,0
24.811,93.939,737,28.4,7,17,2,1.4,293,6.5,2,0,1,1,2025-04-02T19:47:00+05:30,Ima Keithel area (synthetic demo),evening_peak,fog,gravel,collector,1
24.811,93.939,761,63.7,7,19,2,0.2,806,6.5,2,0,1,1,2025-01-22T17:47:00+05:30,Ima Keithel area (synthetic demo),evening_peak,fog,gravel,collector,1
24.811,93.939,770,64.9,7,19,2,0.2,886,6.5,2,0,1,1,2025-10-15T19:15:00+05:30,Ima Keithel area (synthetic demo),evening_peak,fog,gravel,collector,1
24.811,93.939,210,15.1,7,23,2,0.4,9200,6.5,2,0,1,1,2025-05-14T00:49:00+05:30,Ima Keithel area (synthetic demo),night,clear,gravel,collector,0
24.811,93.939,208,61.0,7,0,2,0.4,6022,6.5,2,1,1,1,2025-03-12T22:31:00+05:30,Ima Keithel area (synthetic demo),night,clear,gravel,collector,1
24.811,93.939,217,37.3,7,0,2,0.3,6871,6.5,2,0,1,1,2025-02-26T00:22:00+05:30,Ima Keithel area (synthetic demo),night,clear,gravel,collector,0
24.811,93.939,186,13.4,7,0,2,0.2,7112,6.5,2,1,1,1,2025-04-30T23:32:00+05:30,Ima Keithel area (synthetic demo),night,clear,gravel,collector,1
24.811,93.939,185,61.4,7,22,2,28.2,3359,6.5,2,1,1,1,2025-11-19T22:41:00+05:30,Ima Keithel area (synthetic demo),night,rain,gravel,collector,1
24.811,93.939,218,42.7,7,0,2,31.4,2835,6.5,2,0,1,1,2025-04-30T22:12:00+05:30,Ima Keithel area (synthetic demo),night,rain,gravel,collector,1
24.811,93.939,201,24.9,7,23,2,3.9,923,6.5,2,0,1,1,2025-05-14T22:53:00+05:30,Ima Keithel area (synthetic demo),night,rain,gravel,collector,1
24.811,93.939,150,63.5,7,23,2,29.5,5907,6.5,2,0,1,1,2025-07-30T22:01:00+05:30,Ima Keithel area (synthetic demo),night,rain,gravel,collector,1
24.811,93.939,213,32.1,7,22,2,0.3,103,6.5,2,1,1,1,2025-12-10T22:44:00+05:30,Ima Keithel area (synthetic demo),night,fog,gravel,collector,1
24.811,93.939,168,53.4,7,22,2,1.2,1180,6.5,2,0,1,1,2025-09-24T23:05:00+05:30,Ima Keithel area (synthetic demo),night,fog,gravel,collector,1
24.811,93.939,168,21.8,7,23,2,1.1,1726,6.5,2,1,1,1,2025-11-26T22:21:00+05:30,Ima Keithel area (synthetic demo),night,fog,gravel,collector,1
24.811,93.939,168,27.9,7,23,2,0.8,929,6.5,2,0,1,1,2025-02-12T00:58:00+05:30,Ima Keithel area (synthetic demo),night,fog,gravel,collector,1
24.811,93.939,256,32.8,7,4,3,0.4,5144,6.5,2,0,1,1,2025-10-09T05:43:00+05:30,Ima Keithel area (synthetic demo),early_morning,clear,gravel,collector,0
24.811,93.939,235,30.1,7,6,3,0.1,5304,6.5,2,0,1,1,2025-02-27T06:49:00+05:30,Ima Keithel area (synthetic demo),early_morning,clear,gravel,collector,0
24.811,93.939,237,41.0,7,4,3,0.3,6875,6.5,2,0,1,1,2025-02-06T04:33:00+05:30,Ima Keithel area (synthetic demo),early_morning,clear,gravel,collector,0
24.811,93.939,210,61.6,7,5,3,0.4,6061,6.5,2,0,1,1,2025-10-30T06:39:00+05:30,Ima Keithel area (synthetic demo),early_morning,clear,gravel,collector,0
24.811,93.939,218,38.7,7,4,3,6.7,3877,6.5,2,0,1,1,2025-10-23T05:09:00+05:30,Ima Keithel area (synthetic demo),early_morning,rain,gravel,collector,0
24.811,93.939,252,28.2,7,6,3,10.5,4055,6.5,2,0,1,1,2025-04-10T04:35:00+05:30,Ima Keithel area (synthetic demo),early_morning,rain,gravel,collector,0
24.811,93.939,213,15.5,7,6,3,15.2,5658,6.5,2,0,1,1,2025-08-28T05:10:00+05:30,Ima Keithel area (synthetic demo),early_morning,rain,gravel,collector,0
24.811,93.939,277,63.7,7,6,3,19.7,1162,6.5,2,0,1,1,2025-11-20T06:04:00+05:30,Ima Keithel area (synthetic demo),early_morning,rain,gravel,collector,1
24.811,93.939,231,45.0,7,6,3,1.0,1471,6.5,2,0,1,1,2025-08-07T04:05:00+05:30,Ima Keithel area (synthetic demo),early_morning,fog,gravel,collector,0
24.811,93.939,205,64.4,7,5,3,0.2,893,6.5,2,0,1,1,2025-04-24T06:14:00+05:30,Ima Keithel area (synthetic demo),early_morning,fog,gravel,collector,0
24.811,93.939,206,63.6,7,4,3,1.3,477,6.5,2,0,1,1,2025-01-02T05:59:00+05:30,Ima Keithel area (synthetic demo),early_morning,fog,gravel,collector,1
24.811,93.939,200,58.4,7,4,3,0.5,1353,6.5,2,0,1,1,2025-02-27T05:03:00+05:30,Ima Keithel area (synthetic demo),early_morning,fog,gravel,collector,1
24.811,93.939,535,23.4,7,13,3,0.3,8468,6.5,2,0,1,1,2025-05-29T11:56:00+05:30,Ima Keithel area (synthetic demo),daytime,clear,gravel,collector,0
24.811,93.939,523,20.7,7,13,3,0.3,6186,6.5,2,0,1,1,2025-10-30T12:19:00+05:30,Ima Keithel area (synthetic demo),daytime,clear,gravel,collector,0
24.811,93.939,536,53.2,7,11,3,0.5,5503,6.5,2,0,1,1,2025-09-18T13:57:00+05:30,Ima Keithel area (synthetic demo),daytime,clear,gravel,collector,0
24.811,93.939,497,58.3,7,11,3,0.3,7547,6.5,2,0,1,1,2025-07-10T11:53:00+05:30,Ima Keithel area (synthetic demo),daytime,clear,gravel,collector,0
24.811,93.939,488,37.6,7,11,3,8.4,780,6.5,2,0,1,1,2025-01-16T13:09:00+05:30,Ima Keithel area (synthetic demo),daytime,rain,gravel,collector,0
24.811,93.939,406,55.8,7,11,3,18.4,3543,6.5,2,0,1,1,2025-01-23T13:18:00+05:30,Ima Keithel area (synthetic demo),daytime,rain,gravel,collector,0
24.811,93.939,504,51.2,7,12,3,19.0,5304,6.5,2,0,1,1,2025-07-31T11:37:00+05:30,Ima Keithel area (synthetic demo),daytime,rain,gravel,collector,0
24.811,93.939,459,54.1,7,13,3,3.8,849,6.5,2,0,1,1,2025-10-23T11:42:00+05:30,Ima Keithel area (synthetic demo),daytime,rain,gravel,collector,1
24.811,93.939,544,47.0,7,11,3,1.3,936,6.5,2,0,1,1,2025-08-21T13:12:00+05:30,Ima Keithel area (synthetic demo),daytime,fog,gravel,collector,0
24.811,93.939,440,25.7,7,12,3,1.0,239,6.5,2,0,1,1,2025-08-21T12:09:00+05:30,Ima Keithel area (synthetic demo),daytime,fog,gravel,collector,1
24.811,93.939,429,41.0,7,12,3,0.6,1573,6.5,2,0,1,1,2025-01-02T11:31:00+05:30,Ima Keithel area (synthetic demo),daytime,fog,gravel,collector,0
24.811,93.939,389,27.2,7,12,3,0.1,846,6.5,2,0,1,1,2025-09-11T13:49:00+05:30,Ima Keithel area (synthetic demo),daytime,fog,gravel,collector,0
24.811,93.939,678,64.2,7,17,3,0.4,5782,6.5,2,0,1,1,2025-07-03T17:18:00+05:30,Ima Keithel area (synthetic demo),evening_peak,clear,gravel,collector,0
24.811,93.939,698,51.5,7,18,3,0.2,4223,6.5,2,0,1,1,2025-03-27T17:35:00+05:30,Ima Keithel area (synthetic demo),evening_peak,clear,gravel,collector,0
24.811,93.939,774,56.7,7,19,3,0.4,5813,6.5,2,0,1,1,2025-03-27T18:23:00+05:30,Ima Keithel area (synthetic demo),evening_peak,clear,gravel,collector,0
24.811,93.939,685,26.5,7,17,3,0.2,5216,6.5,2,0,1,1,2025-08-28T18:41:00+05:30,Ima Keithel area (synthetic demo),evening_peak,clear,gravel,collector,0
24.811,93.939,775,56.4,7,17,3,27.3,2714,6.5,2,0,1,1,2025-08-14T17:52:00+05:30,Ima Keithel area (synthetic demo),evening_peak,rain,gravel,collector,1
24.811,93.939,545,53.0,7,18,3,19.6,2043,6.5,2,0,1,1,2025-05-08T17:19:00+05:30,Ima Keithel area (synthetic demo),evening_peak,rain,gravel,collector,1
24.811,93.939,613,14.0,7,17,3,8.9,4633,6.5,2,0,1,1,2025-10-30T17:23:00+05:30,Ima Keithel area (synthetic demo),evening_peak,rain,gravel,collector,0
24.811,93.939,556,13.8,7,19,3,18.4,2650,6.5,2,0,1,1,2025-01-09T19:00:00+05:30,Ima Keithel area (synthetic demo),evening_peak,rain,gravel,collector,1
24.811,93.939,535,62.5,7,18,3,1.2,699,6.5,2,0,1,1,2025-10-09T18:56:00+05:30,Ima Keithel area (synthetic demo),evening_peak,fog,gravel,collector,1
24.811,93.939,603,13.3,7,19,3,0.1,1285,6.5,2,0,1,1,2025-08-07T18:04:00+05:30,Ima Keithel area (synthetic demo),evening_peak,fog,gravel,collector,0
24.811,93.939,546,36.1,7,18,3,0.0,1122,6.5,2,0,1,1,2025-10-09T17:19:00+05:30,Ima Keithel area (synthetic demo),evening_peak,fog,gravel,collector,1
24.811,93.939,544,25.8,7,18,3,1.0,1726,6.5,2,0,1,1,2025-11-20T17:52:00+05:30,Ima Keithel area (synthetic demo),evening_peak,fog,gravel,collector,0
24.811,93.939,203,18.3,7,0,3,0.2,9427,6.5,2,1,1,1,2025-12-11T23:39:00+05:30,Ima Keithel area (synthetic demo),night,clear,gravel,collector,1
24.811,93.939,201,63.2,7,23,3,0.4,4468,6.5,2,1,1,1,2025-08-28T22:37:00+05:30,Ima Keithel area (synthetic demo),night,clear,gravel,collector,1
24.811,93.939,210,61.2,7,23,3,0.4,8457,6.5,2,1,1,1,2025-03-06T00:20:00+05:30,Ima Keithel area (synthetic demo),night,clear,gravel,collector,1
24.811,93.939,211,38.2,7,22,3,0.3,8761,6.5,2,0,1,1,2025-08-21T23:53:00+05:30,Ima Keithel area (synthetic demo),night,clear,gravel,collector,0
24.811,93.939,165,46.4,7,23,3,33.1,4064,6.5,2,0,1,1,2025-04-17T00:08:00+05:30,Ima Keithel area (synthetic demo),night,rain,gravel,collector,1
24.811,93.939,164,60.5,7,0,3,33.3,992,6.5,2,0,1,1,2025-11-20T00:24:00+05:30,Ima Keithel area (synthetic demo),night,rain,gravel,collector,1
24.811,93.939,195,48.8,7,23,3,34.5,3343,6.5,2,0,1,1,2025-01-30T00:40:00+05:30,Ima Keithel area (synthetic demo),night,rain,gravel,collector,1
24.811,93.939,216,19.8,7,0,3,18.1,4816,6.5,2,0,1,1,2025-12-25T00:59:00+05:30,Ima Keithel area (synthetic demo),night,rain,gravel,collector,1
24.811,93.939,148,28.2,7,22,3,1.3,339,6.5,2,1,1,1,2025-08-28T22:22:00+05:30,Ima Keithel area (synthetic demo),night,fog,gravel,collector,1
24.811,93.939,172,58.9,7,23,3,0.8,592,6.5,2,1,1,1,2025-03-27T00:54:00+05:30,Ima Keithel area (synthetic demo),night,fog,gravel,collector,1
24.811,93.939,149,52.4,7,22,3,0.2,1761,6.5,2,0,1,1,2025-10-30T00:58:00+05:30,Ima Keithel area (synthetic demo),night,fog,gravel,collector,1
24.811,93.939,171,57.9,7,23,3,0.7,1468,6.5,2,1,1,1,2025-09-18T23:24:00+05:30,Ima Keithel area (synthetic demo),night,fog,gravel,collector,1
24.811,93.939,260,35.0,7,5,4,0.1,9745,6.5,2,0,1,1,2025-03-14T04:43:00+05:30,Ima Keithel area (synthetic demo),early_morning,clear,gravel,collector,0
24.811,93.939,189,60.3,7,5,4,0.3,8235,6.5,2,0,1,1,2025-10-17T05:55:00+05:30,Ima Keithel area (synthetic demo),early_morning,clear,gravel,collector,0
24.811,93.939,257,22.6,7,5,4,0.5,8786,6.5,2,0,1,1,2025-09-19T04:51:00+05:30,Ima Keithel area (synthetic demo),early_morning,clear,gravel,collector,0
24.811,93.939,252,32.4,7,6,4,0.2,8396,6.5,2,0,1,1,2025-07-18T05:23:00+05:30,Ima Keithel area (synthetic demo),early_morning,clear,gravel,collector,0
24.811,93.939,232,44.3,7,6,4,4.6,4832,6.5,2,0,1,1,2025-06-06T04:37:00+05:30,Ima Keithel area (synthetic demo),early_morning,rain,gravel,collector,0
24.811,93.939,280,49.2,7,5,4,26.2,1424,6.5,2,0,1,1,2025-09-12T04:40:00+05:30,Ima Keithel area (synthetic demo),early_morning,rain,gravel,collector,1
24.811,93.939,259,23.4,7,5,4,9.5,5648,6.5,2,0,1,1,2025-05-30T04:06:00+05:30,Ima Keithel area (synthetic demo),early_morning,rain,gravel,collector,0
24.811,93.939,255,33.1,7,4,4,6.5,4872,6.5,2,0,1,1,2025-07-04T05:41:00+05:30,Ima Keithel area (synthetic demo),early_morning,rain,gravel,collector,0
24.811,93.939,266,28.6,7,4,4,0.6,478,6.5,2,0,1,1,2025-11-21T04:15:00+05:30,Ima Keithel area (synthetic demo),early_morning,fog,gravel,collector,1
24.811,93.939,190,19.0,7,4,4,1.0,1683,6.5,2,0,1,1,2025-03-14T04:12:00+05:30,Ima Keithel area (synthetic demo),early_morning,fog,gravel,collector,0
24.811,93.939,231,12.9,7,6,4,0.7,1160,6.5,2,0,1,1,2025-07-18T05:01:00+05:30,Ima Keithel area (synthetic demo),early_morning,fog,gravel,collector,0
24.811,93.939,217,36.0,7,4,4,0.7,1155,6.5,2,0,1,1,2025-02-28T06:51:00+05:30,Ima Keithel area (synthetic demo),early_morning,fog,gravel,collector,0
24.811,93.939,448,13.0,7,11,4,0.1,4676,6.5,2,0,1,1,2025-03-07T11:38:00+05:30,Ima Keithel area (synthetic demo),daytime,clear,gravel,collector,0
24.811,93.939,455,38.9,7,12,4,0.1,6912,6.5,2,0,1,1,2025-08-08T12:23:00+05:30,Ima Keithel area (synthetic demo),daytime,clear,gravel,collector,0
24.811,93.939,471,30.6,7,12,4,0.2,9219,6.5,2,0,1,1,2025-06-20T12:28:00+05:30,Ima Keithel area (synthetic demo),daytime,clear,gravel,collector,0
24.811,93.939,432,55.2,7,12,4,0.1,8363,6.5,2,0,1,1,2025-01-17T11:12:00+05:30,Ima Keithel area (synthetic demo),daytime,clear,gravel,collector,0
24.811,93.939,495,62.3,7,12,4,27.2,1566,6.5,2,0,1,1,2025-11-21T12:26:00+05:30,Ima Keithel area (synthetic demo),daytime,rain,gravel,collector,1
24.811,93.939,457,18.5,7,11,4,32.8,720,6.5,2,0,1,1,2025-11-14T12:20:00+05:30,Ima Keithel area (synthetic demo),daytime,rain,gravel,collector,1
24.811,93.939,422,22.8,7,11,4,9.5,3883,6.5,2,0,1,1,2025-11-21T12:29:00+05:30,Ima Keithel area (synthetic demo),daytime,rain,gravel,collector,0
24.811,93.939,433,21.0,7,11,4,16.7,1923,6.5,2,0,1,1,2025-09-05T11:02:00+05:30,Ima Keithel area (synthetic demo),daytime,rain,gravel,collector,0
24.811,93.939,518,47.0,7,12,4,0.6,125,6.5,2,0,1,1,2025-04-04T13:55:00+05:30,Ima Keithel area (synthetic demo),daytime,fog,gravel,collector,1
24.811,93.939,456,37.1,7,12,4,1.0,880,6.5,2,0,1,1,2025-03-28T12:53:00+05:30,Ima Keithel area (synthetic demo),daytime,fog,gravel,collector,0
24.811,93.939,423,21.0,7,12,4,0.8,1651,6.5,2,0,1,1,2025-05-23T11:01:00+05:30,Ima Keithel area (synthetic demo),daytime,fog,gravel,collector,0
24.811,93.939,426,58.0,7,11,4,0.9,473,6.5,2,0,1,1,2025-02-28T12:46:00+05:30,Ima Keithel area (synthetic demo),daytime,fog,gravel,collector,1
24.811,93.939,612,32.6,7,17,4,0.0,9489,6.5,2,0,1,1,2025-01-24T18:12:00+05:30,Ima Keithel area (synthetic demo),evening_peak,clear,gravel,collector,0
24.811,93.939,684,16.3,7,19,4,0.5,4128,6.5,2,0,1,1,2025-08-29T17:04:00+05:30,Ima Keithel area (synthetic demo),evening_peak,clear,gravel,collector,0
24.811,93.939,613,48.0,7,19,4,0.5,4342,6.5,2,0,1,1,2025-01-03T18:47:00+05:30,Ima Keithel area (synthetic demo),evening_peak,clear,gravel,collector,0
24.811,93.939,552,63.4,7,17,4,0.0,8113,6.5,2,0,1,1,2025-06-20T18:08:00+05:30,Ima Keithel area (synthetic demo),evening_peak,clear,gravel,collector,0
24.811,93.939,583,52.7,7,17,4,33.3,3066,6.5,2,0,1,1,2025-03-14T19:58:00+05:30,Ima Keithel area (synthetic demo),evening_peak,rain,gravel,collector,1
24.811,93.939,649,19.3,7,18,4,32.8,2736,6.5,2,0,1,1,2025-01-24T18:14:00+05:30,Ima Keithel area (synthetic demo),evening_peak,rain,gravel,collector,1
24.811,93.939,726,48.8,7,19,4,16.5,4322,6.5,2,0,1,1,2025-10-31T18:11:00+05:30,Ima Keithel area (synthetic demo),evening_peak,rain,gravel,collector,0
24.811,93.939,539,53.3,7,18,4,6.1,5884,6.5,2,0,1,1,2025-06-27T18:47:00+05:30,Ima Keithel area (synthetic demo),evening_peak,rain,gravel,collector,0
24.811,93.939,777,53.8,7,18,4,0.6,569,6.5,2,0,1,1,2025-11-07T19:06:00+05:30,Ima Keithel area (synthetic demo),evening_peak,fog,gravel,collector,1
24.811,93.939,709,25.9,7,18,4,0.2,1561,6.5,2,0,1,1,2025-06-20T17:58:00+05:30,Ima Keithel area (synthetic demo),evening_peak,fog,gravel,collector,1
24.811,93.939,609,18.7,7,17,4,0.3,1411,6.5,2,0,1,1,2025-08-08T19:57:00+05:30,Ima Keithel area (synthetic demo),evening_peak,fog,gravel,collector,1
24.811,93.939,553,39.1,7,17,4,0.7,1090,6.5,2,0,1,1,2025-11-28T18:58:00+05:30,Ima Keithel area (synthetic demo),evening_peak,fog,gravel,collector,0
24.811,93.939,153,16.0,7,0,4,0.1,6757,6.5,2,0,1,1,2025-05-30T23:29:00+05:30,Ima Keithel area (synthetic demo),night,clear,gravel,collector,0
24.811,93.939,196,56.6,7,23,4,0.2,7634,6.5,2,0,1,1,2025-06-20T22:28:00+05:30,Ima Keithel area (synthetic demo),night,clear,gravel,collector,1
24.811,93.939,207,22.8,7,22,4,0.4,4730,6.5,2,0,1,1,2025-08-22T22:45:00+05:30,Ima Keithel area (synthetic demo),night,clear,gravel,collector,1
24.811,93.939,180,26.7,7,23,4,0.1,9115,6.5,2,1,1,1,2025-12-05T23:02:00+05:30,Ima Keithel area (synthetic demo),night,clear,gravel,collector,1
24.811,93.939,147,20.8,7,0,4,34.7,4927,6.5,2,0,1,1,2025-05-23T00:31:00+05:30,Ima Keithel area (synthetic demo),night,rain,gravel,collector,1
24.811,93.939,208,42.9,7,0,4,28.4,901,6.5,2,0,1,1,2025-10-03T23:59:00+05:30,Ima Keithel area (synthetic demo),night,rain,gravel,collector,1
24.811,93.939,177,34.8,7,23,4,26.5,5607,6.5,2,1,1,1,2025-11-28T23:49:00+05:30,Ima Keithel area (synthetic demo),night,rain,gravel,collector,1
24.811,93.939,203,18.6,7,23,4,3.9,1064,6.5,2,0,1,1,2025-09-05T23:42:00+05:30,Ima Keithel area (synthetic demo),night,rain,gravel,collector,1
24.811,93.939,178,38.6,7,22,4,0.1,1342,6.5,2,0,1,1,2025-05-23T23:21:00+05:30,Ima Keithel area (synthetic demo),night,fog,gravel,collector,1
24.811,93.939,197,29.6,7,0,4,1.2,720,6.5,2,1,1,1,2025-02-21T00:56:00+05:30,Ima Keithel area (synthetic demo),night,fog,gravel,collector,1
24.811,93.939,215,64.0,7,22,4,0.1,1223,6.5,2,1,1,1,2025-04-18T23:05:00+05:30,Ima Keithel area (synthetic demo),night,fog,gravel,collector,1
24.811,93.939,153,64.5,7,23,4,0.9,475,6.5,2,0,1,1,2025-08-08T22:52:00+05:30,Ima Keithel area (synthetic demo),night,fog,gravel,collector,1
24.811,93.939,275,43.8,7,6,5,0.1,5436,6.5,2,0,1,1,2025-07-12T05:01:00+05:30,Ima Keithel area (synthetic demo),early_morning,clear,gravel,collector,0
24.811,93.939,193,45.2,7,4,5,0.0,4103,6.5,2,0,1,1,2025-04-26T06:41:00+05:30,Ima Keithel area (synthetic demo),early_morning,clear,gravel,collector,0
24.811,93.939,217,39.4,7,5,5,0.4,8282,6.5,2,0,1,1,2025-03-01T05:56:00+05:30,Ima Keithel area (synthetic demo),early_morning,clear,gravel,collector,0
24.811,93.939,201,30.5,7,6,5,0.4,5910,6.5,2,0,1,1,2025-11-22T06:18:00+05:30,Ima Keithel area (synthetic demo),early_morning,clear,gravel,collector,0
24.811,93.939,207,54.0,7,5,5,30.6,3630,6.5,2,0,1,1,2025-09-13T05:39:00+05:30,Ima Keithel area (synthetic demo),early_morning,rain,gravel,collector,0
24.811,93.939,225,62.3,7,6,5,24.1,3321,6.5,2,0,1,1,2025-11-15T04:54:00+05:30,Ima Keithel area (synthetic demo),early_morning,rain,gravel,collector,0
24.811,93.939,251,38.3,7,4,5,3.8,5671,6.5,2,0,1,1,2025-08-16T06:20:00+05:30,Ima Keithel area (synthetic demo),early_morning,rain,gravel,collector,0
24.811,93.939,272,31.1,7,5,5,19.9,3848,6.5,2,0,1,1,2025-01-18T05:11:00+05:30,Ima Keithel area (synthetic demo),early_morning,rain,gravel,collector,0
24.811,93.939,251,62.0,7,6,5,0.4,1647,6.5,2,0,1,1,2025-01-18T04:26:00+05:30,Ima Keithel area (synthetic demo),early_morning,fog,gravel,collector,0
24.811,93.939,258,27.9,7,6,5,0.4,1338,6.5,2,0,1,1,2025-05-31T05:54:00+05:30,Ima Keithel area (synthetic demo),early_morning,fog,gravel,collector,0
24.811,93.939,210,13.4,7,6,5,1.5,622,6.5,2,0,1,1,2025-09-20T04:03:00+05:30,Ima Keithel area (synthetic demo),early_morning,fog,gravel,collector,0
24.811,93.939,228,47.7,7,6,5,1.2,420,6.5,2,0,1,1,2025-08-16T04:11:00+05:30,Ima Keithel area (synthetic demo),early_morning,fog,gravel,collector,1
24.811,93.939,419,43.8,7,11,5,0.5,7815,6.5,2,0,1,1,2025-09-27T12:40:00+05:30,Ima Keithel area (synthetic demo),daytime,clear,gravel,collector,0
24.811,93.939,382,59.2,7,12,5,0.1,6934,6.5,2,0,1,1,2025-03-08T11:31:00+05:30,Ima Keithel area (synthetic demo),daytime,clear,gravel,collector,0
24.811,93.939,422,17.6,7,12,5,0.2,6109,6.5,2,0,1,1,2025-05-17T13:37:00+05:30,Ima Keithel area (synthetic demo),daytime,clear,gravel,collector,0
24.811,93.939,548,44.9,7,11,5,0.4,7213,6.5,2,0,1,1,2025-09-27T11:20:00+05:30,Ima Keithel area (synthetic demo),daytime,clear,gravel,collector,0
24.811,93.939,522,57.4,7,13,5,13.8,4215,6.5,2,0,1,1,2025-09-06T11:45:00+05:30,Ima Keithel area (synthetic demo),daytime,rain,gravel,collector,0
24.811,93.939,391,21.9,7,13,5,4.0,1390,6.5,2,0,1,1,2025-08-16T11:57:00+05:30,Ima Keithel area (synthetic demo),daytime,rain,gravel,collector,1
24.811,93.939,496,28.2,7,11,5,10.6,1509,6.5,2,0,1,1,2025-02-22T12:43:00+05:30,Ima Keithel area (synthetic demo),daytime,rain,gravel,collector,0
24.811,93.939,544,49.1,7,12,5,25.4,3974,6.5,2,0,1,1,2025-02-22T13:58:00+05:30,Ima Keithel area (synthetic demo),daytime,rain,gravel,collector,0
24.811,93.939,438,21.9,7,13,5,1.4,1031,6.5,2,0,1,1,2025-11-01T13:05:00+05:30,Ima Keithel area (synthetic demo),daytime,fog,gravel,collector,0
24.811,93.939,466,59.3,7,13,5,0.9,1076,6.5,2,0,1,1,2025-05-03T12:20:00+05:30,Ima Keithel area (synthetic demo),daytime,fog,gravel,collector,0
24.811,93.939,510,20.4,7,13,5,0.9,921,6.5,2,0,1,1,2025-12-13T11:38:00+05:30,Ima Keithel area (synthetic demo),daytime,fog,gravel,collector,1
24.811,93.939,443,52.8,7,12,5,0.4,1385,6.5,2,0,1,1,2025-08-16T12:04:00+05:30,Ima Keithel area (synthetic demo),daytime,fog,gravel,collector,0
24.811,93.939,730,31.3,7,17,5,0.1,6327,6.5,2,0,1,1,2025-10-18T19:27:00+05:30,Ima Keithel area (synthetic demo),evening_peak,clear,gravel,collector,0
24.811,93.939,730,46.3,7,17,5,0.2,9863,6.5,2,0,1,1,2025-09-20T17:06:00+05:30,Ima Keithel area (synthetic demo),evening_peak,clear,gravel,collector,0
24.811,93.939,769,14.7,7,17,5,0.3,9319,6.5,2,0,1,1,2025-04-12T19:39:00+05:30,Ima Keithel area (synthetic demo),evening_peak,clear,gravel,collector,0
24.811,93.939,655,15.5,7,19,5,0.1,8465,6.5,2,0,1,1,2025-04-19T18:35:00+05:30,Ima Keithel area (synthetic demo),evening_peak,clear,gravel,collector,0
24.811,93.939,612,38.2,7,19,5,29.0,3713,6.5,2,0,1,1,2025-03-15T19:39:00+05:30,Ima Keithel area (synthetic demo),evening_peak,rain,gravel,collector,1
24.811,93.939,550,42.4,7,19,5,26.0,753,6.5,2,0,1,1,2025-11-22T17:54:00+05:30,Ima Keithel area (synthetic demo),evening_peak,rain,gravel,collector,1
24.811,93.939,739,30.8,7,18,5,11.7,3974,6.5,2,0,1,1,2025-10-18T17:46:00+05:30,Ima Keithel area (synthetic demo),evening_peak,rain,gravel,collector,0
24.811,93.939,777,55.0,7,18,5,12.2,3644,6.5,2,0,1,1,2025-05-17T19:03:00+05:30,Ima Keithel area (synthetic demo),evening_peak,rain,gravel,collector,0
24.811,93.939,703,19.7,7,18,5,1.2,1142,6.5,2,0,1,1,2025-07-05T19:08:00+05:30,Ima Keithel area (synthetic demo),evening_peak,fog,gravel,collector,1
24.811,93.939,772,24.5,7,17,5,0.2,623,6.5,2,0,1,1,2025-08-09T18:46:00+05:30,Ima Keithel area (synthetic demo),evening_peak,fog,gravel,collector,1
24.811,93.939,653,16.2,7,17,5,1.3,1710,6.5,2,0,1,1,2025-11-22T19:37:00+05:30,Ima Keithel area (synthetic demo),evening_peak,fog,gravel,collector,0
24.811,93.939,615,34.3,7,19,5,0.3,1400,6.5,2,0,1,1,2025-02-22T18:07:00+05:30,Ima Keithel area (synthetic demo),evening_peak,fog,gravel,collector,0
24.811,93.939,160,33.8,7,0,5,0.5,9647,6.5,2,1,1,1,2025-12-20T00:06:00+05:30,Ima Keithel area (synthetic demo),night,clear,gravel,collector,1
24.811,93.939,192,27.4,7,23,5,0.4,5579,6.5,2,1,1,1,2025-01-18T22:26:00+05:30,Ima Keithel area (synthetic demo),night,clear,gravel,collector,1
24.811,93.939,186,29.6,7,22,5,0.5,4530,6.5,2,0,1,1,2025-06-07T00:52:00+05:30,Ima Keithel area (synthetic demo),night,clear,gravel,collector,0
24.811,93.939,169,55.2,7,0,5,0.3,4031,6.5,2,0,1,1,2025-09-13T00:08:00+05:30,Ima Keithel area (synthetic demo),night,clear,gravel,collector,1
24.811,93.939,196,53.0,7,22,5,11.6,838,6.5,2,1,1,1,2025-05-24T23:29:00+05:30,Ima Keithel area (synthetic demo),night,rain,gravel,collector,1
24.811,93.939,169,18.2,7,22,5,14.3,5013,6.5,2,1,1,1,2025-11-08T00:13:00+05:30,Ima Keithel area (synthetic demo),night,rain,gravel,collector,1
24.811,93.939,197,18.9,7,23,5,13.2,4361,6.5,2,0,1,1,2025-12-20T00:14:00+05:30,Ima Keithel area (synthetic demo),night,rain,gravel,collector,1
24.811,93.939,171,21.5,7,22,5,29.7,2621,6.5,2,1,1,1,2025-02-08T00:01:00+05:30,Ima Keithel area (synthetic demo),night,rain,gravel,collector,1
24.811,93.939,198,46.7,7,23,5,1.4,522,6.5,2,1,1,1,2025-08-23T23:06:00+05:30,Ima Keithel area (synthetic demo),night,fog,gravel,collector,1
24.811,93.939,206,49.7,7,0,5,1.5,181,6.5,2,1,1,1,2025-04-12T00:45:00+05:30,Ima Keithel area (synthetic demo),night,fog,gravel,collector,1
24.811,93.939,156,14.8,7,22,5,0.6,363,6.5,2,0,1,1,2025-06-21T22:22:00+05:30,Ima Keithel area (synthetic demo),night,fog,gravel,collector,1
24.811,93.939,192,25.8,7,23,5,0.3,349,6.5,2,1,1,1,2025-10-25T23:05:00+05:30,Ima Keithel area (synthetic demo),night,fog,gravel,collector,1
24.811,93.939,240,60.4,7,6,6,0.2,6072,6.5,2,0,1,1,2025-04-06T04:54:00+05:30,Ima Keithel area (synthetic demo),early_morning,clear,gravel,collector,0
24.811,93.939,275,56.4,7,4,6,0.3,5167,6.5,2,0,1,1,2025-08-10T06:39:00+05:30,Ima Keithel area (synthetic demo),early_morning,clear,gravel,collector,0
24.811,93.939,263,46.0,7,6,6,0.1,9542,6.5,2,0,1,1,2025-02-16T04:16:00+05:30,Ima Keithel area (synthetic demo),early_morning,clear,gravel,collector,0
24.811,93.939,242,39.9,7,5,6,0.5,7697,6.5,2,0,1,1,2025-11-09T06:39:00+05:30,Ima Keithel area (synthetic demo),early_morning,clear,gravel,collector,0
24.811,93.939,207,26.2,7,6,6,15.3,3438,6.5,2,0,1,1,2025-07-20T04:00:00+05:30,Ima Keithel area (synthetic demo),early_morning,rain,gravel,collector,0
24.811,93.939,222,12.5,7,6,6,24.3,5785,6.5,2,0,1,1,2025-01-19T05:08:00+05:30,Ima Keithel area (synthetic demo),early_morning,rain,gravel,collector,0
24.811,93.939,209,44.8,7,4,6,29.6,5689,6.5,2,0,1,1,2025-01-12T06:26:00+05:30,Ima Keithel area (synthetic demo),early_morning,rain,gravel,collector,0
24.811,93.939,279,45.8,7,5,6,9.5,5130,6.5,2,0,1,1,2025-05-18T05:59:00+05:30,Ima Keithel area (synthetic demo),early_morning,rain,gravel,collector,0
24.811,93.939,194,34.6,7,4,6,0.4,149,6.5,2,0,1,1,2025-06-29T04:30:00+05:30,Ima Keithel area (synthetic demo),early_morning,fog,gravel,collector,0
24.811,93.939,214,45.1,7,5,6,1.1,145,6.5,2,0,1,1,2025-12-21T06:03:00+05:30,Ima Keithel area (synthetic demo),early_morning,fog,gravel,collector,0
24.811,93.939,193,40.5,7,6,6,0.5,754,6.5,2,0,1,1,2025-01-26T05:58:00+05:30,Ima Keithel area (synthetic demo),early_morning,fog,gravel,collector,0
24.811,93.939,261,19.6,7,5,6,1.4,1191,6.5,2,0,1,1,2025-10-19T05:08:00+05:30,Ima Keithel area (synthetic demo),early_morning,fog,gravel,collector,0
24.811,93.939,419,60.0,7,13,6,0.3,9234,6.5,2,0,1,1,2025-12-07T11:46:00+05:30,Ima Keithel area (synthetic demo),daytime,clear,gravel,collector,0
24.811,93.939,431,22.1,7,12,6,0.2,7022,6.5,2,0,1,1,2025-07-13T13:48:00+05:30,Ima Keithel area (synthetic demo),daytime,clear,gravel,collector,0
24.811,93.939,447,17.6,7,11,6,0.3,5014,6.5,2,0,1,1,2025-04-27T11:18:00+05:30,Ima Keithel area (synthetic demo),daytime,clear,gravel,collector,0
24.811,93.939,464,62.9,7,11,6,0.3,7146,6.5,2,0,1,1,2025-03-30T12:10:00+05:30,Ima Keithel area (synthetic demo),daytime,clear,gravel,collector,0
24.811,93.939,392,64.7,7,13,6,21.1,4150,6.5,2,0,1,1,2025-03-23T13:25:00+05:30,Ima Keithel area (synthetic demo),daytime,rain,gravel,collector,0
24.811,93.939,513,40.0,7,12,6,14.5,5313,6.5,2,0,1,1,2025-11-30T13:22:00+05:30,Ima Keithel area (synthetic demo),daytime,rain,gravel,collector,0
24.811,93.939,515,28.3,7,13,6,17.2,2711,6.5,2,0,1,1,2025-05-11T13:06:00+05:30,Ima Keithel area (synthetic demo),daytime,rain,gravel,collector,0
24.811,93.939,398,52.7,7,11,6,33.3,4994,6.5,2,0,1,1,2025-04-20T12:11:00+05:30,Ima Keithel area (synthetic demo),daytime,rain,gravel,collector,1
24.811,93.939,491,48.8,7,11,6,1.5,886,6.5,2,0,1,1,2025-06-15T11:27:00+05:30,Ima Keithel area (synthetic demo),daytime,fog,gravel,collector,0
24.811,93.939,441,20.9,7,12,6,1.2,233,6.5,2,0,1,1,2025-01-05T13:43:00+05:30,Ima Keithel area (synthetic demo),daytime,fog,gravel,collector,1
24.811,93.939,401,29.5,7,11,6,0.2,1768,6.5,2,0,1,1,2025-11-09T12:41:00+05:30,Ima Keithel area (synthetic demo),daytime,fog,gravel,collector,0
24.811,93.939,476,15.3,7,13,6,0.1,834,6.5,2,0,1,1,2025-09-14T12:37:00+05:30,Ima Keithel area (synthetic demo),daytime,fog,gravel,collector,0
24.811,93.939,581,44.5,7,19,6,0.1,7815,6.5,2,0,1,1,2025-07-20T18:45:00+05:30,Ima Keithel area (synthetic demo),evening_peak,clear,gravel,collector,0
24.811,93.939,571,19.8,7,18,6,0.2,5329,6.5,2,0,1,1,2025-03-23T17:41:00+05:30,Ima Keithel area (synthetic demo),evening_peak,clear,gravel,collector,0
24.811,93.939,577,38.8,7,18,6,0.4,4407,6.5,2,0,1,1,2025-12-21T18:48:00+05:30,Ima Keithel area (synthetic demo),evening_peak,clear,gravel,collector,0
24.811,93.939,564,13.5,7,19,6,0.4,5940,6.5,2,0,1,1,2025-05-04T19:27:00+05:30,Ima Keithel area (synthetic demo),evening_peak,clear,gravel,collector,0
24.811,93.939,729,33.7,7,19,6,16.0,1230,6.5,2,0,1,1,2025-09-14T17:01:00+05:30,Ima Keithel area (synthetic demo),evening_peak,rain,gravel,collector,1
24.811,93.939,617,52.1,7,17,6,26.0,1652,6.5,2,0,1,1,2025-02-09T19:49:00+05:30,Ima Keithel area (synthetic demo),evening_peak,rain,gravel,collector,1
24.811,93.939,550,40.2,7,19,6,10.3,4584,6.5,2,0,1,1,2025-11-30T18:23:00+05:30,Ima Keithel area (synthetic demo),evening_peak,rain,gravel,collector,0
24.811,93.939,746,25.6,7,19,6,27.9,5080,6.5,2,0,1,1,2025-12-07T18:17:00+05:30,Ima Keithel area (synthetic demo),evening_peak,rain,gravel,collector,1
24.811,93.939,690,47.3,7,19,6,0.0,235,6.5,2,0,1,1,2025-05-11T18:18:00+05:30,Ima Keithel area (synthetic demo),evening_peak,fog,gravel,collector,1
24.811,93.939,559,53.2,7,17,6,0.2,1519,6.5,2,0,1,1,2025-01-12T19:27:00+05:30,Ima Keithel area (synthetic demo),evening_peak,fog,gravel,collector,1
24.811,93.939,770,42.1,7,17,6,0.4,1676,6.5,2,0,1,1,2025-03-09T18:09:00+05:30,Ima Keithel area (synthetic demo),evening_peak,fog,gravel,collector,0
24.811,93.939,609,41.1,7,19,6,1.0,139,6.5,2,0,1,1,2025-03-23T18:28:00+05:30,Ima Keithel area (synthetic demo),evening_peak,fog,gravel,collector,1
24.811,93.939,212,37.6,7,23,6,0.4,6634,6.5,2,1,1,1,2025-03-23T00:30:00+05:30,Ima Keithel area (synthetic demo),night,clear,gravel,collector,1
24.811,93.939,188,43.5,7,22,6,0.5,4702,6.5,2,0,1,1,2025-06-08T22:55:00+05:30,Ima Keithel area (synthetic demo),night,clear,gravel,collector,0
24.811,93.939,148,45.5,7,22,6,0.0,9351,6.5,2,1,1,1,2025-12-28T22:19:00+05:30,Ima Keithel area (synthetic demo),night,clear,gravel,collector,1
24.811,93.939,196,59.7,7,22,6,0.4,4741,6.5,2,1,1,1,2025-04-06T00:39:00+05:30,Ima Keithel area (synthetic demo),night,clear,gravel,collector,1
24.811,93.939,161,47.2,7,0,6,33.2,3536,6.5,2,1,1,1,2025-09-28T23:29:00+05:30,Ima Keithel area (synthetic demo),night,rain,gravel,collector,1
24.811,93.939,173,56.7,7,22,6,6.6,4689,6.5,2,1,1,1,2025-07-06T23:46:00+05:30,Ima Keithel area (synthetic demo),night,rain,gravel,collector,1
24.811,93.939,211,48.7,7,23,6,15.3,1541,6.5,2,0,1,1,2025-06-22T23:02:00+05:30,Ima Keithel area (synthetic demo),night,rain,gravel,collector,1
24.811,93.939,203,63.5,7,23,6,19.7,3106,6.5,2,0,1,1,2025-03-30T23:22:00+05:30,Ima Keithel area (synthetic demo),night,rain,gravel,collector,1
24.811,93.939,191,45.0,7,0,6,1.3,1665,6.5,2,1,1,1,2025-02-23T22:49:00+05:30,Ima Keithel area (synthetic demo),night,fog,gravel,collector,1
24.811,93.939,194,13.0,7,22,6,1.5,1475,6.5,2,0,1,1,2025-02-02T00:38:00+05:30,Ima Keithel area (synthetic demo),night,fog,gravel,collector,1
24.811,93.939,170,25.2,7,22,6,0.9,1786,6.5,2,0,1,1,2025-03-16T22:53:00+05:30,Ima Keithel area (synthetic demo),night,fog,gravel,collector,1
24.811,93.939,206,42.9,7,22,6,0.8,1051,6.5,2,0,1,1,2025-07-13T22:15:00+05:30,Ima Keithel area (synthetic demo),night,fog,gravel,collector,1
24.8177,93.9362,446,64.2,16,4,0,0.3,8778,10.0,0,0,0,0,2025-12-08T04:28:00+05:30,Thangal Bazar area (synthetic demo),early_morning,clear,paved,arterial,0
24.8177,93.9362,539,23.0,16,4,0,0.0,9150,10.0,0,0,0,0,2025-10-13T04:46:00+05:30,Thangal Bazar area (synthetic demo),early_morning,clear,paved,arterial,0
24.8177,93.9362,584,40.1,16,4,0,0.4,4321,10.0,0,0,0,0,2025-04-21T06:06:00+05:30,Thangal Bazar area (synthetic demo),early_morning,clear,paved,arterial,0
24.8177,93.9362,477,56.3,16,5,0,0.2,6590,10.0,0,0,0,0,2025-06-16T05:27:00+05:30,Thangal Bazar area (synthetic demo),early_morning,clear,paved,arterial,0
24.8177,93.9362,567,39.8,16,6,0,3.1,3802,10.0,0,0,0,0,2025-01-27T05:03:00+05:30,Thangal Bazar area (synthetic demo),early_morning,rain,paved,arterial,0
24.8177,93.9362,554,54.9,16,5,0,15.8,4113,10.0,0,0,0,0,2025-04-14T04:02:00+05:30,Thangal Bazar area (synthetic demo),early_morning,rain,paved,arterial,0
24.8177,93.9362,588,59.8,16,6,0,17.8,954,10.0,0,0,0,0,2025-03-17T04:33:00+05:30,Thangal Bazar area (synthetic demo),early_morning,rain,paved,arterial,0
24.8177,93.9362,591,22.6,16,6,0,7.7,5874,10.0,0,0,0,0,2025-05-26T04:39:00+05:30,Thangal Bazar area (synthetic demo),early_morning,rain,paved,arterial,0
24.8177,93.9362,417,18.8,16,4,0,1.2,155,10.0,0,0,0,0,2025-04-07T05:30:00+05:30,Thangal Bazar area (synthetic demo),early_morning,fog,paved,arterial,0
24.8177,93.9362,431,42.7,16,6,0,0.0,648,10.0,0,0,0,0,2025-06-23T06:57:00+05:30,Thangal Bazar area (synthetic demo),early_morning,fog,paved,arterial,0
24.8177,93.9362,451,48.4,16,5,0,0.8,664,10.0,0,0,0,0,2025-01-13T05:27:00+05:30,Thangal Bazar area (synthetic demo),early_morning,fog,paved,arterial,0
24.8177,93.9362,565,18.7,16,6,0,0.3,1727,10.0,0,0,0,0,2025-12-22T06:42:00+05:30,Thangal Bazar area (synthetic demo),early_morning,fog,paved,arterial,0
24.8177,93.9362,1017,37.4,16,12,0,0.1,8819,10.0,0,0,0,0,2025-12-08T12:36:00+05:30,Thangal Bazar area (synthetic demo),daytime,clear,paved,arterial,0
24.8177,93.9362,851,37.7,16,13,0,0.5,7511,10.0,0,0,0,0,2025-12-22T13:51:00+05:30,Thangal Bazar area (synthetic demo),daytime,clear,paved,arterial,0
24.8177,93.9362,897,17.9,16,11,0,0.2,5477,10.0,0,0,0,0,2025-01-27T12:55:00+05:30,Thangal Bazar area (synthetic demo),daytime,clear,paved,arterial,0
24.8177,93.9362,1003,52.8,16,12,0,0.2,6587,10.0,0,0,0,0,2025-06-09T12:01:00+05:30,Thangal Bazar area (synthetic demo),daytime,clear,paved,arterial,0
24.8177,93.9362,900,55.9,16,12,0,8.8,1064,10.0,0,0,0,0,2025-03-10T12:18:00+05:30,Thangal Bazar area (synthetic demo),daytime,rain,paved,arterial,0
24.8177,93.9362,1095,45.4,16,13,0,15.7,4610,10.0,0,0,0,0,2025-11-03T11:59:00+05:30,Thangal Bazar area (synthetic demo),daytime,rain,paved,arterial,0
24.8177,93.9362,870,57.2,16,12,0,30.8,1439,10.0,0,0,0,0,2025-02-03T12:43:00+05:30,Thangal Bazar area (synthetic demo),daytime,rain,paved,arterial,1
24.8177,93.9362,1101,24.4,16,12,0,18.4,4414,10.0,0,0,0,0,2025-09-22T13:26:00+05:30,Thangal Bazar area (synthetic demo),daytime,rain,paved,arterial,0
24.8177,93.9362,1181,21.6,16,12,0,0.0,1753,10.0,0,0,0,0,2025-06-30T11:58:00+05:30,Thangal Bazar area (synthetic demo),daytime,fog,paved,arterial,0
24.8177,93.9362,1115,15.4,16,12,0,0.2,488,10.0,0,0,0,0,2025-10-13T13:13:00+05:30,Thangal Bazar area (synthetic demo),daytime,fog,paved,arterial,1
24.8177,93.9362,1184,36.4,16,12,0,1.5,1625,10.0,0,0,0,0,2025-04-07T12:18:00+05:30,Thangal Bazar area (synthetic demo),daytime,fog,paved,arterial,0
24.8177,93.9362,885,49.2,16,13,0,0.9,468,10.0,0,0,0,0,2025-11-03T11:30:00+05:30,Thangal Bazar area (synthetic demo),daytime,fog,paved,arterial,0
24.8177,93.9362,1580,32.1,16,19,0,0.3,5476,10.0,0,0,0,0,2025-09-15T19:49:00+05:30,Thangal Bazar area (synthetic demo),evening_peak,clear,paved,arterial,0
24.8177,93.9362,1336,63.9,16,19,0,0.2,7521,10.0,0,0,0,0,2025-10-13T18:49:00+05:30,Thangal Bazar area (synthetic demo),evening_peak,clear,paved,arterial,0
24.8177,93.9362,1384,60.0,16,17,0,0.3,7952,10.0,0,0,0,0,2025-01-20T18:34:00+05:30,Thangal Bazar area (synthetic demo),evening_peak,clear,paved,arterial,0
24.8177,93.9362,1436,47.1,16,18,0,0.1,4193,10.0,0,0,0,0,2025-08-25T17:42:00+05:30,Thangal Bazar area (synthetic demo),evening_peak,clear,paved,arterial,0
24.8177,93.9362,1614,48.7,16,17,0,23.2,1619,10.0,0,0,0,0,2025-07-07T17:40:00+05:30,Thangal Bazar area (synthetic demo),evening_peak,rain,paved,arterial,1
24.8177,93.9362,1610,62.3,16,19,0,17.2,2976,10.0,0,0,0,0,2025-11-24T18:52:00+05:30,Thangal Bazar area (synthetic demo),evening_peak,rain,paved,arterial,1
24.8177,93.9362,1459,34.0,16,18,0,23.3,3324,10.0,0,0,0,0,2025-06-09T18:03:00+05:30,Thangal Bazar area (synthetic demo),evening_peak,rain,paved,arterial,0
24.8177,93.9362,1201,30.1,16,18,0,22.7,620,10.0,0,0,0,0,2025-03-31T19:22:00+05:30,Thangal Bazar area (synthetic demo),evening_peak,rain,paved,arterial,1
24.8177,93.9362,1304,21.9,16,19,0,0.5,449,10.0,0,0,0,0,2025-04-07T17:49:00+05:30,Thangal Bazar area (synthetic demo),evening_peak,fog,paved,arterial,1
24.8177,93.9362,1188,36.4,16,18,0,1.0,1789,10.0,0,0,0,0,2025-01-13T18:44:00+05:30,Thangal Bazar area (synthetic demo),evening_peak,fog,paved,arterial,0
24.8177,93.9362,1286,49.2,16,17,0,0.3,1799,10.0,0,0,0,0,2025-03-17T17:56:00+05:30,Thangal Bazar area (synthetic demo),evening_peak,fog,paved,arterial,0
24.8177,93.9362,1628,56.9,16,17,0,0.6,121,10.0,0,0,0,0,2025-09-01T17:01:00+05:30,Thangal Bazar area (synthetic demo),evening_peak,fog,paved,arterial,1
24.8177,93.9362,442,59.9,16,23,0,0.1,7681,10.0,0,0,0,0,2025-05-26T23:30:00+05:30,Thangal Bazar area (synthetic demo),night,clear,paved,arterial,0
24.8177,93.9362,348,24.2,16,0,0,0.4,5363,10.0,0,0,0,0,2025-08-25T23:53:00+05:30,Thangal Bazar area (synthetic demo),night,clear,paved,arterial,0
24.8177,93.9362,354,36.1,16,22,0,0.5,5331,10.0,0,0,0,0,2025-08-18T23:41:00+05:30,Thangal Bazar area (synthetic demo),night,clear,paved,arterial,0
24.8177,93.9362,373,38.1,16,23,0,0.4,7745,10.0,0,0,0,0,2025-02-17T00:36:00+05:30,Thangal Bazar area (synthetic demo),night,clear,paved,arterial,0
24.8177,93.9362,443,65.0,16,23,0,27.1,3900,10.0,0,0,0,0,2025-06-02T22:25:00+05:30,Thangal Bazar area (synthetic demo),night,rain,paved,arterial,0
24.8177,93.9362,399,21.5,16,22,0,34.9,1378,10.0,0,0,0,0,2025-12-22T22:49:00+05:30,Thangal Bazar area (synthetic demo),night,rain,paved,arterial,1
24.8177,93.9362,426,23.2,16,23,0,26.3,5528,10.0,0,0,0,0,2025-07-07T23:12:00+05:30,Thangal Bazar area (synthetic demo),night,rain,paved,arterial,1
24.8177,93.9362,448,51.2,16,22,0,34.2,1532,10.0,0,0,0,0,2025-04-14T23:49:00+05:30,Thangal Bazar area (synthetic demo),night,rain,paved,arterial,1
24.8177,93.9362,447,61.6,16,22,0,0.1,1107,10.0,0,0,0,0,2025-06-16T23:09:00+05:30,Thangal Bazar area (synthetic demo),night,fog,paved,arterial,1
24.8177,93.9362,454,60.9,16,23,0,0.7,813,10.0,0,0,0,0,2025-04-28T22:41:00+05:30,Thangal Bazar area (synthetic demo),night,fog,paved,arterial,1
24.8177,93.9362,434,15.7,16,22,0,0.5,1206,10.0,0,0,0,0,2025-09-29T22:14:00+05:30,Thangal Bazar area (synthetic demo),night,fog,paved,arterial,1
24.8177,93.9362,338,30.8,16,0,0,1.4,1000,10.0,0,1,0,0,2025-05-05T22:17:00+05:30,Thangal Bazar area (synthetic demo),night,fog,paved,arterial,1
24.8177,93.9362,465,54.8,16,5,1,0.2,9301,10.0,0,0,0,0,2025-07-29T06:53:00+05:30,Thangal Bazar area (synthetic demo),early_morning,clear,paved,arterial,0
24.8177,93.9362,410,29.1,16,5,1,0.4,9439,10.0,0,0,0,0,2025-01-28T05:11:00+05:30,Thangal Bazar area (synthetic demo),early_morning,clear,paved,arterial,0
24.8177,93.9362,555,48.0,16,5,1,0.2,8596,10.0,0,0,0,0,2025-12-23T06:43:00+05:30,Thangal Bazar area (synthetic demo),early_morning,clear,paved,arterial,0
24.8177,93.9362,512,35.8,16,5,1,0.4,6503,10.0,0,0,0,0,2025-09-30T04:32:00+05:30,Thangal Bazar area (synthetic demo),early_morning,clear,paved,arterial,0
24.8177,93.9362,414,40.7,16,5,1,23.6,3513,10.0,0,0,0,0,2025-12-02T04:50:00+05:30,Thangal Bazar area (synthetic demo),early_morning,rain,paved,arterial,0
24.8177,93.9362,597,64.7,16,6,1,24.0,3533,10.0,0,0,0,0,2025-07-01T04:52:00+05:30,Thangal Bazar area (synthetic demo),early_morning,rain,paved,arterial,0
24.8177,93.9362,488,24.8,16,6,1,29.6,506,10.0,0,0,0,0,2025-01-28T06:57:00+05:30,Thangal Bazar area (synthetic demo),early_morning,rain,paved,arterial,0
24.8177,93.9362,504,52.2,16,5,1,27.1,3240,10.0,0,0,0,0,2025-02-25T04:50:00+05:30,Thangal Bazar area (synthetic demo),early_morning,rain,paved,arterial,0
24.8177,93.9362,471,47.9,16,6,1,1.4,1262,10.0,0,0,0,0,2025-07-22T04:23:00+05:30,Thangal Bazar area (synthetic demo),early_morning,fog,paved,arterial,0
24.8177,93.9362,479,49.9,16,4,1,1.1,1220,10.0,0,0,0,0,2025-12-02T05:16:00+05:30,Thangal Bazar area (synthetic demo),early_morning,fog,paved,arterial,0
24.8177,93.9362,596,46.1,16,6,1,1.0,1023,10.0,0,0,0,0,2025-05-06T04:04:00+05:30,Thangal Bazar area (synthetic demo),early_morning,fog,paved,arterial,0
24.8177,93.9362,463,42.5,16,6,1,0.2,401,10.0,0,0,0,0,2025-12-23T06:36:00+05:30,Thangal Bazar area (synthetic demo),early_morning,fog,paved,arterial,0
24.8177,93.9362,1009,18.1,16,13,1,0.2,9296,10.0,0,0,0,0,2025-02-25T11:43:00+05:30,Thangal Bazar area (synthetic demo),daytime,clear,paved,arterial,0
24.8177,93.9362,977,24.4,16,12,1,0.4,5522,10.0,0,0,0,0,2025-07-29T13:26:00+05:30,Thangal Bazar area (synthetic demo),daytime,clear,paved,arterial,0
24.8177,93.9362,968,60.5,16,12,1,0.4,7027,10.0,0,0,0,0,2025-06-17T11:30:00+05:30,Thangal Bazar area (synthetic demo),daytime,clear,paved,arterial,0
24.8177,93.9362,1133,55.1,16,13,1,0.3,5423,10.0,0,0,0,0,2025-03-18T11:47:00+05:30,Thangal Bazar area (synthetic demo),daytime,clear,paved,arterial,0
24.8177,93.9362,1073,54.5,16,11,1,10.4,5503,10.0,0,0,0,0,2025-11-25T11:10:00+05:30,Thangal Bazar area (synthetic demo),daytime,rain,paved,arterial,0
24.8177,93.9362,884,46.0,16,13,1,3.9,4058,10.0,0,0,0,0,2025-02-04T12:56:00+05:30,Thangal Bazar area (synthetic demo),daytime,rain,paved,arterial,0
24.8177,93.9362,1053,19.5,16,12,1,8.0,3994,10.0,0,0,0,0,2025-04-22T13:29:00+05:30,Thangal Bazar area (synthetic demo),daytime,rain,paved,arterial,0
24.8177,93.9362,1157,63.5,16,13,1,22.0,2254,10.0,0,0,0,0,2025-04-15T11:08:00+05:30,Thangal Bazar area (synthetic demo),daytime,rain,paved,arterial,1
24.8177,93.9362,877,28.5,16,13,1,0.2,1289,10.0,0,0,0,0,2025-02-11T12:52:00+05:30,Thangal Bazar area (synthetic demo),daytime,fog,paved,arterial,0
24.8177,93.9362,1052,33.8,16,12,1,0.3,487,10.0,0,0,0,0,2025-04-08T12:53:00+05:30,Thangal Bazar area (synthetic demo),daytime,fog,paved,arterial,0
24.8177,93.9362,1053,38.2,16,12,1,1.4,728,10.0,0,0,0,0,2025-01-07T12:25:00+05:30,Thangal Bazar area (synthetic demo),daytime,fog,paved,arterial,0
24.8177,93.9362,860,41.1,16,13,1,1.1,1471,10.0,0,0,0,0,2025-12-16T11:26:00+05:30,Thangal Bazar area (synthetic demo),daytime,fog,paved,arterial,0
24.8177,93.9362,1166,31.1,16,17,1,0.0,8190,10.0,0,0,0,0,2025-08-12T19:39:00+05:30,Thangal Bazar area (synthetic demo),evening_peak,clear,paved,arterial,0
24.8177,93.9362,1280,56.4,16,19,1,0.3,6322,10.0,0,0,0,0,2025-08-05T19:38:00+05:30,Thangal Bazar area (synthetic demo),evening_peak,clear,paved,arterial,0
24.8177,93.9362,1564,35.8,16,19,1,0.0,7679,10.0,0,0,0,0,2025-11-04T17:29:00+05:30,Thangal Bazar area (synthetic demo),evening_peak,clear,paved,arterial,0
24.8177,93.9362,1628,41.1,16,18,1,0.3,4455,10.0,0,0,0,0,2025-07-01T17:01:00+05:30,Thangal Bazar area (synthetic demo),evening_peak,clear,paved,arterial,0
24.8177,93.9362,1357,31.7,16,19,1,31.9,5894,10.0,0,0,0,0,2025-04-29T17:11:00+05:30,Thangal Bazar area (synthetic demo),evening_peak,rain,paved,arterial,0
24.8177,93.9362,1530,30.5,16,18,1,13.3,4804,10.0,0,0,0,0,2025-08-19T19:57:00+05:30,Thangal Bazar area (synthetic demo),evening_peak,rain,paved,arterial,0
24.8177,93.9362,1546,29.2,16,19,1,23.7,4337,10.0,0,0,0,0,2025-12-02T17:54:00+05:30,Thangal Bazar area (synthetic demo),evening_peak,rain,paved,arterial,1
24.8177,93.9362,1237,18.6,16,18,1,27.2,4147,10.0,0,0,0,0,2025-11-25T19:53:00+05:30,Thangal Bazar area (synthetic demo),evening_peak,rain,paved,arterial,0
24.8177,93.9362,1623,38.5,16,19,1,0.9,759,10.0,0,0,0,0,2025-02-18T19:05:00+05:30,Thangal Bazar area (synthetic demo),evening_peak,fog,paved,arterial,1
24.8177,93.9362,1353,36.3,16,19,1,0.1,429,10.0,0,0,0,0,2025-12-09T17:16:00+05:30,Thangal Bazar area (synthetic demo),evening_peak,fog,paved,arterial,1
24.8177,93.9362,1442,20.3,16,17,1,1.4,643,10.0,0,0,0,0,2025-05-13T17:49:00+05:30,Thangal Bazar area (synthetic demo),evening_peak,fog,paved,arterial,1
24.8177,93.9362,1231,33.2,16,18,1,1.1,1055,10.0,0,0,0,0,2025-09-30T18:07:00+05:30,Thangal Bazar area (synthetic demo),evening_peak,fog,paved,arterial,0
24.8177,93.9362,330,20.0,16,23,1,0.3,4310,10.0,0,0,0,0,2025-10-28T23:38:00+05:30,Thangal Bazar area (synthetic demo),night,clear,paved,arterial,0
24.8177,93.9362,317,41.3,16,0,1,0.2,7992,10.0,0,0,0,0,2025-09-02T23:48:00+05:30,Thangal Bazar area (synthetic demo),night,clear,paved,arterial,0
24.8177,93.9362,350,31.2,16,23,1,0.5,6855,10.0,0,0,0,0,2025-02-04T00:07:00+05:30,Thangal Bazar area (synthetic demo),night,clear,paved,arterial,0
24.8177,93.9362,438,16.9,16,0,1,0.1,7375,10.0,0,0,0,0,2025-07-15T22:42:00+05:30,Thangal Bazar area (synthetic demo),night,clear,paved,arterial,0
24.8177,93.9362,407,34.2,16,22,1,5.1,1390,10.0,0,0,0,0,2025-12-23T00:11:00+05:30,Thangal Bazar area (synthetic demo),night,rain,paved,arterial,0
24.8177,93.9362,460,40.2,16,22,1,5.2,5295,10.0,0,0,0,0,2025-04-29T23:35:00+05:30,Thangal Bazar area (synthetic demo),night,rain,paved,arterial,0
24.8177,93.9362,470,61.7,16,0,1,28.6,3853,10.0,0,0,0,0,2025-07-22T00:32:00+05:30,Thangal Bazar area (synthetic demo),night,rain,paved,arterial,1
24.8177,93.9362,324,18.7,16,23,1,8.0,5527,10.0,0,0,0,0,2025-09-16T23:29:00+05:30,Thangal Bazar area (synthetic demo),night,rain,paved,arterial,0
24.8177,93.9362,420,27.3,16,22,1,0.2,490,10.0,0,0,0,0,2025-05-13T22:10:00+05:30,Thangal Bazar area (synthetic demo),night,fog,paved,arterial,0
24.8177,93.9362,376,35.7,16,23,1,0.3,944,10.0,0,0,0,0,2025-06-03T22:56:00+05:30,Thangal Bazar area (synthetic demo),night,fog,paved,arterial,1
24.8177,93.9362,436,17.8,16,0,1,1.4,835,10.0,0,1,0,0,2025-04-08T23:16:00+05:30,Thangal Bazar area (synthetic demo),night,fog,paved,arterial,1
24.8177,93.9362,331,17.1,16,0,1,1.4,1551,10.0,0,1,0,0,2025-11-18T00:57:00+05:30,Thangal Bazar area (synthetic demo),night,fog,paved,arterial,1
24.8177,93.9362,499,51.0,16,6,2,0.4,4709,10.0,0,0,0,0,2025-12-03T04:54:00+05:30,Thangal Bazar area (synthetic demo),early_morning,clear,paved,arterial,0
24.8177,93.9362,424,45.7,16,6,2,0.0,9234,10.0,0,0,0,0,2025-02-12T05:33:00+05:30,Thangal Bazar area (synthetic demo),early_morning,clear,paved,arterial,0
24.8177,93.9362,537,58.4,16,5,2,0.1,9101,10.0,0,0,0,0,2025-11-05T05:37:00+05:30,Thangal Bazar area (synthetic demo),early_morning,clear,paved,arterial,0
24.8177,93.9362,593,35.7,16,6,2,0.1,5164,10.0,0,0,0,0,2025-02-12T06:38:00+05:30,Thangal Bazar area (synthetic demo),early_morning,clear,paved,arterial,0
24.8177,93.9362,415,15.7,16,6,2,6.2,4481,10.0,0,0,0,0,2025-07-09T04:45:00+05:30,Thangal Bazar area (synthetic demo),early_morning,rain,paved,arterial,0
24.8177,93.9362,557,26.1,16,6,2,12.3,4602,10.0,0,0,0,0,2025-05-28T04:14:00+05:30,Thangal Bazar area (synthetic demo),early_morning,rain,paved,arterial,0
24.8177,93.9362,541,45.7,16,5,2,27.8,2987,10.0,0,0,0,0,2025-08-06T05:15:00+05:30,Thangal Bazar area (synthetic demo),early_morning,rain,paved,arterial,0
24.8177,93.9362,526,45.8,16,5,2,5.9,2024,10.0,0,0,0,0,2025-01-01T04:04:00+05:30,Thangal Bazar area (synthetic demo),early_morning,rain,paved,arterial,0
24.8177,93.9362,449,52.2,16,4,2,0.2,121,10.0,0,0,0,0,2025-11-19T05:22:00+05:30,Thangal Bazar area (synthetic demo),early_morning,fog,paved,arterial,0
24.8177,93.9362,533,59.0,16,6,2,0.5,1044,10.0,0,0,0,0,2025-08-13T05:38:00+05:30,Thangal Bazar area (synthetic demo),early_morning,fog,paved,arterial,0
24.8177,93.9362,488,62.0,16,4,2,1.3,332,10.0,0,0,0,0,2025-01-01T04:40:00+05:30,Thangal Bazar area (synthetic demo),early_morning,fog,paved,arterial,0
24.8177,93.9362,450,60.4,16,6,2,0.0,926,10.0,0,0,0,0,2025-12-17T06:04:00+05:30,Thangal Bazar area (synthetic demo),early_morning,fog,paved,arterial,0
24.8177,93.9362,809,14.3,16,12,2,0.2,6868,10.0,0,0,0,0,2025-08-13T12:27:00+05:30,Thangal Bazar area (synthetic demo),daytime,clear,paved,arterial,0
24.8177,93.9362,1035,22.7,16,13,2,0.1,5532,10.0,0,0,0,0,2025-12-24T13:18:00+05:30,Thangal Bazar area (synthetic demo),daytime,clear,paved,arterial,0
24.8177,93.9362,856,16.4,16,12,2,0.4,6694,10.0,0,0,0,0,2025-08-06T13:04:00+05:30,Thangal Bazar area (synthetic demo),daytime,clear,paved,arterial,0
24.8177,93.9362,897,18.0,16,13,2,0.4,7279,10.0,0,0,0,0,2025-03-12T12:58:00+05:30,Thangal Bazar area (synthetic demo),daytime,clear,paved,arterial,0
24.8177,93.9362,1117,48.0,16,13,2,27.5,1747,10.0,0,0,0,0,2025-10-22T12:02:00+05:30,Thangal Bazar area (synthetic demo),daytime,rain,paved,arterial,1
24.8177,93.9362,808,23.5,16,13,2,10.8,4133,10.0,0,0,0,0,2025-05-28T11:19:00+05:30,Thangal Bazar area (synthetic demo),daytime,rain,paved,arterial,0
24.8177,93.9362,944,61.8,16,11,2,5.7,2292,10.0,0,0,0,0,2025-02-26T13:27:00+05:30,Thangal Bazar area (synthetic demo),daytime,rain,paved,arterial,0
24.8177,93.9362,882,12.0,16,12,2,29.2,2924,10.0,0,0,0,0,2025-06-11T13:22:00+05:30,Thangal Bazar area (synthetic demo),daytime,rain,paved,arterial,0
24.8177,93.9362,960,18.9,16,11,2,0.5,1437,10.0,0,0,0,0,2025-03-05T13:00:00+05:30,Thangal Bazar area (synthetic demo),daytime,fog,paved,arterial,0
24.8177,93.9362,1158,16.2,16,11,2,1.3,1226,10.0,0,0,0,0,2025-11-19T13:27:00+05:30,Thangal Bazar area (synthetic demo),daytime,fog,paved,arterial,0
24.8177,93.9362,950,37.4,16,12,2,0.1,435,10.0,0,0,0,0,2025-01-15T12:37:00+05:30,Thangal Bazar area (synthetic demo),daytime,fog,paved,arterial,0
24.8177,93.9362,1129,38.0,16,12,2,1.4,1107,10.0,0,0,0,0,2025-08-06T13:15:00+05:30,Thangal Bazar area (synthetic demo),daytime,fog,paved,arterial,0
24.8177,93.9362,1456,15.0,16,19,2,0.4,7688,10.0,0,0,0,0,2025-01-08T17:34:00+05:30,Thangal Bazar area (synthetic demo),evening_peak,clear,paved,arterial,0
24.8177,93.9362,1140,14.8,16,17,2,0.4,6275,10.0,0,0,0,0,2025-09-24T18:13:00+05:30,Thangal Bazar area (synthetic demo),evening_peak,clear,paved,arterial,0
24.8177,93.9362,1160,27.8,16,19,2,0.4,7186,10.0,0,0,0,0,2025-04-30T17:05:00+05:30,Thangal Bazar area (synthetic demo),evening_peak,clear,paved,arterial,0
24.8177,93.9362,1558,28.7,16,18,2,0.3,9033,10.0,0,0,0,0,2025-07-16T18:04:00+05:30,Thangal Bazar area (synthetic demo),evening_peak,clear,paved,arterial,0
24.8177,93.9362,1548,37.4,16,18,2,31.1,4554,10.0,0,0,0,0,2025-07-02T18:39:00+05:30,Thangal Bazar area (synthetic demo),evening_peak,rain,paved,arterial,1
24.8177,93.9362,1677,58.3,16,18,2,14.7,2604,10.0,0,0,0,0,2025-05-21T18:45:00+05:30,Thangal Bazar area (synthetic demo),evening_peak,rain,paved,arterial,1
24.8177,93.9362,1505,21.6,16,17,2,15.5,2624,10.0,0,0,0,0,2025-07-16T18:39:00+05:30,Thangal Bazar area (synthetic demo),evening_peak,rain,paved,arterial,1
24.8177,93.9362,1257,62.1,16,17,2,32.6,1704,10.0,0,0,0,0,2025-11-05T19:02:00+05:30,Thangal Bazar area (synthetic demo),evening_peak,rain,paved,arterial,1
24.8177,93.9362,1138,17.5,16,18,2,1.0,1390,10.0,0,0,0,0,2025-12-03T18:01:00+05:30,Thangal Bazar area (synthetic demo),evening_peak,fog,paved,arterial,0
24.8177,93.9362,1655,49.1,16,18,2,0.2,968,10.0,0,0,0,0,2025-08-13T19:01:00+05:30,Thangal Bazar area (synthetic demo),evening_peak,fog,paved,arterial,1
24.8177,93.9362,1533,19.5,16,17,2,0.2,1419,10.0,0,0,0,0,2025-12-03T18:24:00+05:30,Thangal Bazar area (synthetic demo),evening_peak,fog,paved,arterial,1
24.8177,93.9362,1312,57.2,16,19,2,1.0,1106,10.0,0,0,0,0,2025-05-07T18:15:00+05:30,Thangal Bazar area (synthetic demo),evening_peak,fog,paved,arterial,1
24.8177,93.9362,319,55.9,16,22,2,0.4,7392,10.0,0,0,0,0,2025-06-04T22:17:00+05:30,Thangal Bazar area (synthetic demo),night,clear,paved,arterial,0
24.8177,93.9362,337,19.6,16,22,2,0.3,4341,10.0,0,0,0,0,2025-02-19T23:46:00+05:30,Thangal Bazar area (synthetic demo),night,clear,paved,arterial,0
24.8177,93.9362,463,60.5,16,0,2,0.5,6610,10.0,0,0,0,0,2025-03-12T00:54:00+05:30,Thangal Bazar area (synthetic demo),night,clear,paved,arterial,0
24.8177,93.9362,375,31.2,16,23,2,0.3,7830,10.0,0,0,0,0,2025-12-17T22:04:00+05:30,Thangal Bazar area (synthetic demo),night,clear,paved,arterial,0
24.8177,93.9362,387,19.4,16,23,2,34.4,713,10.0,0,1,0,0,2025-05-28T22:34:00+05:30,Thangal Bazar area (synthetic demo),night,rain,paved,arterial,1
24.8177,93.9362,448,16.9,16,23,2,29.1,1818,10.0,0,0,0,0,2025-02-19T00:29:00+05:30,Thangal Bazar area (synthetic demo),night,rain,paved,arterial,1
24.8177,93.9362,446,54.2,16,22,2,32.4,4901,10.0,0,0,0,0,2025-04-09T00:41:00+05:30,Thangal Bazar area (synthetic demo),night,rain,paved,arterial,1
24.8177,93.9362,374,60.1,16,0,2,17.9,3412,10.0,0,1,0,0,2025-10-08T22:00:00+05:30,Thangal Bazar area (synthetic demo),night,rain,paved,arterial,1
24.8177,93.9362,432,49.5,16,22,2,0.9,1576,10.0,0,1,0,0,2025-08-06T23:37:00+05:30,Thangal Bazar area (synthetic demo),night,fog,paved,arterial,1
24.8177,93.9362,346,64.3,16,23,2,1.1,949,10.0,0,0,0,0,2025-09-17T22:55:00+05:30,Thangal Bazar area (synthetic demo),night,fog,paved,arterial,1
24.8177,93.9362,371,21.2,16,22,2,1.2,1320,10.0,0,0,0,0,2025-01-29T23:00:00+05:30,Thangal Bazar area (synthetic demo),night,fog,paved,arterial,0
24.8177,93.9362,403,59.8,16,0,2,0.8,109,10.0,0,0,0,0,2025-07-30T23:53:00+05:30,Thangal Bazar area (synthetic demo),night,fog,paved,arterial,1
24.8177,93.9362,416,61.0,16,4,3,0.4,8900,10.0,0,0,0,0,2025-12-11T04:41:00+05:30,Thangal Bazar area (synthetic demo),early_morning,clear,paved,arterial,0
24.8177,93.9362,536,57.0,16,4,3,0.2,5250,10.0,0,0,0,0,2025-12-04T06:36:00+05:30,Thangal Bazar area (synthetic demo),early_morning,clear,paved,arterial,0
24.8177,93.9362,510,46.7,16,6,3,0.1,7444,10.0,0,0,0,0,2025-06-26T06:18:00+05:30,Thangal Bazar area (synthetic demo),early_morning,clear,paved,arterial,0
24.8177,93.9362,549,55.6,16,6,3,0.4,4881,10.0,0,0,0,0,2025-03-20T04:49:00+05:30,Thangal Bazar area (synthetic demo),early_morning,clear,paved,arterial,0
24.8177,93.9362,568,32.4,16,6,3,12.4,4629,10.0,0,0,0,0,2025-05-29T04:30:00+05:30,Thangal Bazar area (synthetic demo),early_morning,rain,paved,arterial,0
24.8177,93.9362,428,35.8,16,4,3,7.4,3330,10.0,0,0,0,0,2025-07-10T06:10:00+05:30,Thangal Bazar area (synthetic demo),early_morning,rain,paved,arterial,0
24.8177,93.9362,602,24.4,16,6,3,22.5,1114,10.0,0,0,0,0,2025-05-29T05:59:00+05:30,Thangal Bazar area (synthetic demo),early_morning,rain,paved,arterial,0
24.8177,93.9362,414,30.5,16,5,3,12.3,4919,10.0,0,0,0,0,2025-11-13T05:48:00+05:30,Thangal Bazar area (synthetic demo),early_morning,rain,paved,arterial,0
24.8177,93.9362,484,62.1,16,5,3,1.1,1421,10.0,0,0,0,0,2025-09-11T05:12:00+05:30,Thangal Bazar area (synthetic demo),early_morning,fog,paved,arterial,0
24.8177,93.9362,517,63.4,16,5,3,0.9,359,10.0,0,0,0,0,2025-05-01T04:27:00+05:30,Thangal Bazar area (synthetic demo),early_morning,fog,paved,arterial,0
24.8177,93.9362,453,49.8,16,6,3,0.8,1122,10.0,0,0,0,0,2025-07-03T05:05:00+05:30,Thangal Bazar area (synthetic demo),early_morning,fog,paved,arterial,0
24.8177,93.9362,511,34.9,16,6,3,0.4,1114,10.0,0,0,0,0,2025-02-27T05:28:00+05:30,Thangal Bazar area (synthetic demo),early_morning,fog,paved,arterial,0
24.8177,93.9362,918,52.8,16,13,3,0.2,7920,10.0,0,0,0,0,2025-11-27T13:34:00+05:30,Thangal Bazar area (synthetic demo),daytime,clear,paved,arterial,0
24.8177,93.9362,1088,23.1,16,11,3,0.0,6236,10.0,0,0,0,0,2025-07-31T11:44:00+05:30,Thangal Bazar area (synthetic demo),daytime,clear,paved,arterial,0
24.8177,93.9362,1196,26.2,16,12,3,0.5,8168,10.0,0,0,0,0,2025-10-30T12:39:00+05:30,Thangal Bazar area (synthetic demo),daytime,clear,paved,arterial,0
24.8177,93.9362,809,45.4,16,11,3,0.0,4552,10.0,0,0,0,0,2025-02-27T13:47:00+05:30,Thangal Bazar area (synthetic demo),daytime,clear,paved,arterial,0
24.8177,93.9362,944,13.8,16,13,3,16.2,4793,10.0,0,0,0,0,2025-04-24T13:19:00+05:30,Thangal Bazar area (synthetic demo),daytime,rain,paved,arterial,0
24.8177,93.9362,1168,27.2,16,13,3,20.3,5444,10.0,0,0,0,0,2025-09-18T13:58:00+05:30,Thangal Bazar area (synthetic demo),daytime,rain,paved,arterial,0
24.8177,93.9362,1055,49.0,16,12,3,17.2,1963,10.0,0,0,0,0,2025-11-06T11:09:00+05:30,Thangal Bazar area (synthetic demo),daytime,rain,paved,arterial,0
24.8177,93.9362,1036,56.9,16,13,3,13.4,4473,10.0,0,0,0,0,2025-05-29T13:04:00+05:30,Thangal Bazar area (synthetic demo),daytime,rain,paved,arterial,0
24.8177,93.9362,901,46.4,16,13,3,1.3,465,10.0,0,0,0,0,2025-05-08T13:00:00+05:30,Thangal Bazar area (synthetic demo),daytime,fog,paved,arterial,1
24.8177,93.9362,1134,60.0,16,13,3,1.2,537,10.0,0,0,0,0,2025-11-06T12:18:00+05:30,Thangal Bazar area (synthetic demo),daytime,fog,paved,arterial,0
24.8177,93.9362,1140,55.2,16,13,3,0.3,320,10.0,0,0,0,0,2025-03-06T11:25:00+05:30,Thangal Bazar area (synthetic demo),daytime,fog,paved,arterial,1
24.8177,93.9362,1053,36.6,16,12,3,1.3,497,10.0,0,0,0,0,2025-05-22T12:05:00+05:30,Thangal Bazar area (synthetic demo),daytime,fog,paved,arterial,0
24.8177,93.9362,1553,45.9,16,18,3,0.4,8121,10.0,0,0,0,0,2025-12-11T18:06:00+05:30,Thangal Bazar area (synthetic demo),evening_peak,clear,paved,arterial,0
24.8177,93.9362,1535,49.0,16,18,3,0.4,7870,10.0,0,0,0,0,2025-03-20T19:03:00+05:30,Thangal Bazar area (synthetic demo),evening_peak,clear,paved,arterial,0
24.8177,93.9362,1160,58.8,16,19,3,0.1,5483,10.0,0,0,0,0,2025-03-06T17:19:00+05:30,Thangal Bazar area (synthetic demo),evening_peak,clear,paved,arterial,0
24.8177,93.9362,1299,29.5,16,18,3,0.0,7044,10.0,0,0,0,0,2025-05-08T18:43:00+05:30,Thangal Bazar area (synthetic demo),evening_peak,clear,paved,arterial,0
24.8177,93.9362,1442,55.8,16,19,3,4.3,1848,10.0,0,0,0,0,2025-10-09T18:53:00+05:30,Thangal Bazar area (synthetic demo),evening_peak,rain,paved,arterial,1
24.8177,93.9362,1333,46.2,16,18,3,25.4,4942,10.0,0,0,0,0,2025-07-03T17:21:00+05:30,Thangal Bazar area (synthetic demo),evening_peak,rain,paved,arterial,0
24.8177,93.9362,1583,13.0,16,19,3,30.7,4185,10.0,0,0,0,0,2025-09-11T19:00:00+05:30,Thangal Bazar area (synthetic demo),evening_peak,rain,paved,arterial,1
24.8177,93.9362,1287,30.4,16,19,3,6.0,622,10.0,0,0,0,0,2025-05-29T17:43:00+05:30,Thangal Bazar area (synthetic demo),evening_peak,rain,paved,arterial,1
24.8177,93.9362,1443,13.3,16,19,3,0.1,1455,10.0,0,0,0,0,2025-09-18T17:48:00+05:30,Thangal Bazar area (synthetic demo),evening_peak,fog,paved,arterial,0
24.8177,93.9362,1240,33.8,16,19,3,1.1,215,10.0,0,0,0,0,2025-05-29T17:37:00+05:30,Thangal Bazar area (synthetic demo),evening_peak,fog,paved,arterial,0
24.8177,93.9362,1463,35.5,16,19,3,1.0,881,10.0,0,0,0,0,2025-09-18T18:18:00+05:30,Thangal Bazar area (synthetic demo),evening_peak,fog,paved,arterial,1
24.8177,93.9362,1400,18.1,16,17,3,0.3,152,10.0,0,0,0,0,2025-10-09T18:16:00+05:30,Thangal Bazar area (synthetic demo),evening_peak,fog,paved,arterial,1
24.8177,93.9362,452,19.7,16,23,3,0.4,9976,10.0,0,0,0,0,2025-11-06T22:12:00+05:30,Thangal Bazar area (synthetic demo),night,clear,paved,arterial,0
24.8177,93.9362,391,64.6,16,23,3,0.4,6836,10.0,0,0,0,0,2025-01-16T00:42:00+05:30,Thangal Bazar area (synthetic demo),night,clear,paved,arterial,0
24.8177,93.9362,347,24.5,16,22,3,0.2,4373,10.0,0,0,0,0,2025-05-15T22:03:00+05:30,Thangal Bazar area (synthetic demo),night,clear,paved,arterial,0
24.8177,93.9362,325,60.3,16,22,3,0.2,9505,10.0,0,0,0,0,2025-04-24T23:31:00+05:30,Thangal Bazar area (synthetic demo),night,clear,paved,arterial,0
24.8177,93.9362,314,13.0,16,0,3,5.4,5877,10.0,0,0,0,0,2025-01-09T23:15:00+05:30,Thangal Bazar area (synthetic demo),night,rain,paved,arterial,0
24.8177,93.9362,391,41.6,16,22,3,12.3,2469,10.0,0,0,0,0,2025-06-19T23:00:00+05:30,Thangal Bazar area (synthetic demo),night,rain,paved,arterial,0
24.8177,93.9362,438,40.7,16,23,3,25.3,4473,10.0,0,0,0,0,2025-01-23T23:18:00+05:30,Thangal Bazar area (synthetic demo),night,rain,paved,arterial,0
24.8177,93.9362,445,28.2,16,23,3,31.1,5800,10.0,0,0,0,0,2025-11-20T00:52:00+05:30,Thangal Bazar area (synthetic demo),night,rain,paved,arterial,0
24.8177,93.9362,423,12.8,16,23,3,0.3,233,10.0,0,0,0,0,2025-07-10T00:35:00+05:30,Thangal Bazar area (synthetic demo),night,fog,paved,arterial,1
24.8177,93.9362,414,45.9,16,0,3,0.5,1046,10.0,0,0,0,0,2025-03-13T23:11:00+05:30,Thangal Bazar area (synthetic demo),night,fog,paved,arterial,1
24.8177,93.9362,420,27.5,16,23,3,0.1,857,10.0,0,0,0,0,2025-06-05T00:29:00+05:30,Thangal Bazar area (synthetic demo),night,fog,paved,arterial,1
24.8177,93.9362,445,15.7,16,0,3,0.5,363,10.0,0,0,0,0,2025-06-05T23:28:00+05:30,Thangal Bazar area (synthetic demo),night,fog,paved,arterial,1
24.8177,93.9362,561,53.2,16,4,4,0.1,8155,10.0,0,0,0,0,2025-12-05T05:55:00+05:30,Thangal Bazar area (synthetic demo),early_morning,clear,paved,arterial,0
24.8177,93.9362,547,57.3,16,4,4,0.5,9378,10.0,0,0,0,0,2025-01-17T05:17:00+05:30,Thangal Bazar area (synthetic demo),early_morning,clear,paved,arterial,0
24.8177,93.9362,416,45.8,16,4,4,0.5,4627,10.0,0,0,0,0,2025-11-07T04:24:00+05:30,Thangal Bazar area (synthetic demo),early_morning,clear,paved,arterial,0
24.8177,93.9362,438,46.6,16,5,4,0.2,5017,10.0,0,0,0,0,2025-01-31T06:33:00+05:30,Thangal Bazar area (synthetic demo),early_morning,clear,paved,arterial,0
24.8177,93.9362,514,28.4,16,5,4,26.5,1886,10.0,0,0,0,0,2025-08-15T04:42:00+05:30,Thangal Bazar area (synthetic demo),early_morning,rain,paved,arterial,0
24.8177,93.9362,576,57.8,16,6,4,17.7,1333,10.0,0,0,0,0,2025-06-20T06:37:00+05:30,Thangal Bazar area (synthetic demo),early_morning,rain,paved,arterial,0
24.8177,93.9362,573,33.9,16,6,4,26.3,3910,10.0,0,0,0,0,2025-04-18T04:28:00+05:30,Thangal Bazar area (synthetic demo),early_morning,rain,paved,arterial,0
24.8177,93.9362,487,45.1,16,5,4,3.8,2778,10.0,0,0,0,0,2025-05-02T04:32:00+05:30,Thangal Bazar area (synthetic demo),early_morning,rain,paved,arterial,0
24.8177,93.9362,540,22.5,16,5,4,0.4,1176,10.0,0,0,0,0,2025-06-27T06:38:00+05:30,Thangal Bazar area (synthetic demo),early_morning,fog,paved,arterial,0
24.8177,93.9362,571,16.8,16,6,4,1.3,1477,10.0,0,0,0,0,2025-03-28T05:43:00+05:30,Thangal Bazar area (synthetic demo),early_morning,fog,paved,arterial,0
24.8177,93.9362,593,59.0,16,5,4,0.1,1365,10.0,0,0,0,0,2025-01-31T04:22:00+05:30,Thangal Bazar area (synthetic demo),early_morning,fog,paved,arterial,0
24.8177,93.9362,543,40.6,16,6,4,1.4,1452,10.0,0,0,0,0,2025-09-05T04:04:00+05:30,Thangal Bazar area (synthetic demo),early_morning,fog,paved,arterial,0
24.8177,93.9362,1015,21.7,16,12,4,0.4,8181,10.0,0,0,0,0,2025-06-27T13:58:00+05:30,Thangal Bazar area (synthetic demo),daytime,clear,paved,arterial,0
24.8177,93.9362,1197,13.3,16,12,4,0.3,4348,10.0,0,0,0,0,2025-05-09T13:35:00+05:30,Thangal Bazar area (synthetic demo),daytime,clear,paved,arterial,0
24.8177,93.9362,1094,53.5,16,13,4,0.0,8700,10.0,0,0,0,0,2025-07-11T13:30:00+05:30,Thangal Bazar area (synthetic demo),daytime,clear,paved,arterial,0
24.8177,93.9362,1100,47.9,16,13,4,0.0,6429,10.0,0,0,0,0,2025-09-05T13:08:00+05:30,Thangal Bazar area (synthetic demo),daytime,clear,paved,arterial,0
24.8177,93.9362,995,13.0,16,12,4,8.0,1862,10.0,0,0,0,0,2025-09-26T11:05:00+05:30,Thangal Bazar area (synthetic demo),daytime,rain,paved,arterial,1
24.8177,93.9362,875,12.1,16,13,4,18.5,4619,10.0,0,0,0,0,2025-04-11T13:46:00+05:30,Thangal Bazar area (synthetic demo),daytime,rain,paved,arterial,0
24.8177,93.9362,981,47.7,16,12,4,32.7,3207,10.0,0,0,0,0,2025-03-07T12:31:00+05:30,Thangal Bazar area (synthetic demo),daytime,rain,paved,arterial,0
24.8177,93.9362,1081,36.0,16,11,4,16.3,2550,10.0,0,0,0,0,2025-12-05T12:42:00+05:30,Thangal Bazar area (synthetic demo),daytime,rain,paved,arterial,0
24.8177,93.9362,887,58.5,16,13,4,0.5,1738,10.0,0,0,0,0,2025-01-03T13:13:00+05:30,Thangal Bazar area (synthetic demo),daytime,fog,paved,arterial,0
24.8177,93.9362,1150,41.0,16,11,4,1.3,1498,10.0,0,0,0,0,2025-08-08T12:02:00+05:30,Thangal Bazar area (synthetic demo),daytime,fog,paved,arterial,0
24.8177,93.9362,1106,60.7,16,11,4,0.9,1693,10.0,0,0,0,0,2025-09-26T12:32:00+05:30,Thangal Bazar area (synthetic demo),daytime,fog,paved,arterial,0
24.8177,93.9362,1137,60.5,16,11,4,0.7,1703,10.0,0,0,0,0,2025-01-10T12:04:00+05:30,Thangal Bazar area (synthetic demo),daytime,fog,paved,arterial,1
24.8177,93.9362,1489,58.1,16,17,4,0.1,7205,10.0,0,0,0,0,2025-06-13T18:48:00+05:30,Thangal Bazar area (synthetic demo),evening_peak,clear,paved,arterial,0
24.8177,93.9362,1475,49.3,16,17,4,0.2,8958,10.0,0,0,0,0,2025-02-07T18:23:00+05:30,Thangal Bazar area (synthetic demo),evening_peak,clear,paved,arterial,0
24.8177,93.9362,1608,15.7,16,19,4,0.3,4646,10.0,0,0,0,0,2025-06-13T19:51:00+05:30,Thangal Bazar area (synthetic demo),evening_peak,clear,paved,arterial,0
24.8177,93.9362,1122,55.0,16,17,4,0.3,9473,10.0,0,0,0,0,2025-05-16T18:56:00+05:30,Thangal Bazar area (synthetic demo),evening_peak,clear,paved,arterial,0
24.8177,93.9362,1327,50.3,16,18,4,19.0,5660,10.0,0,0,0,0,2025-06-20T17:14:00+05:30,Thangal Bazar area (synthetic demo),evening_peak,rain,paved,arterial,0
24.8177,93.9362,1321,35.1,16,17,4,30.4,5528,10.0,0,0,0,0,2025-01-10T19:24:00+05:30,Thangal Bazar area (synthetic demo),evening_peak,rain,paved,arterial,0
24.8177,93.9362,1648,13.1,16,19,4,11.6,2406,10.0,0,0,0,0,2025-08-08T19:52:00+05:30,Thangal Bazar area (synthetic demo),evening_peak,rain,paved,arterial,1
24.8177,93.9362,1222,37.7,16,18,4,6.0,4362,10.0,0,0,0,0,2025-03-21T18:00:00+05:30,Thangal Bazar area (synthetic demo),evening_peak,rain,paved,arterial,0
24.8177,93.9362,1479,53.8,16,17,4,1.3,1383,10.0,0,0,0,0,2025-04-04T17:24:00+05:30,Thangal Bazar area (synthetic demo),evening_peak,fog,paved,arterial,1
24.8177,93.9362,1400,12.3,16,19,4,0.8,336,10.0,0,0,0,0,2025-04-04T19:21:00+05:30,Thangal Bazar area (synthetic demo),evening_peak,fog,paved,arterial,1
24.8177,93.9362,1496,42.8,16,19,4,0.1,1228,10.0,0,0,0,0,2025-02-07T18:53:00+05:30,Thangal Bazar area (synthetic demo),evening_peak,fog,paved,arterial,0
24.8177,93.9362,1633,26.0,16,17,4,0.6,488,10.0,0,0,0,0,2025-05-30T18:21:00+05:30,Thangal Bazar area (synthetic demo),evening_peak,fog,paved,arterial,1
24.8177,93.9362,315,53.6,16,23,4,0.1,7505,10.0,0,0,0,0,2025-12-12T22:24:00+05:30,Thangal Bazar area (synthetic demo),night,clear,paved,arterial,0
24.8177,93.9362,416,24.9,16,22,4,0.1,7691,10.0,0,0,0,0,2025-11-14T22:14:00+05:30,Thangal Bazar area (synthetic demo),night,clear,paved,arterial,0
24.8177,93.9362,353,16.8,16,0,4,0.4,6423,10.0,0,0,0,0,2025-09-12T23:34:00+05:30,Thangal Bazar area (synthetic demo),night,clear,paved,arterial,0
24.8177,93.9362,324,19.9,16,22,4,0.3,5216,10.0,0,0,0,0,2025-06-20T00:01:00+05:30,Thangal Bazar area (synthetic demo),night,clear,paved,arterial,0
24.8177,93.9362,365,40.0,16,0,4,23.4,2757,10.0,0,0,0,0,2025-08-22T23:51:00+05:30,Thangal Bazar area (synthetic demo),night,rain,paved,arterial,1
24.8177,93.9362,396,46.9,16,23,4,6.3,1851,10.0,0,0,0,0,2025-12-12T22:55:00+05:30,Thangal Bazar area (synthetic demo),night,rain,paved,arterial,0
24.8177,93.9362,449,28.6,16,0,4,27.0,1518,10.0,0,0,0,0,2025-08-22T00:17:00+05:30,Thangal Bazar area (synthetic demo),night,rain,paved,arterial,1
24.8177,93.9362,361,61.6,16,23,4,12.3,5943,10.0,0,0,0,0,2025-10-31T00:59:00+05:30,Thangal Bazar area (synthetic demo),night,rain,paved,arterial,0
24.8177,93.9362,387,48.8,16,23,4,0.2,1085,10.0,0,0,0,0,2025-11-07T23:53:00+05:30,Thangal Bazar area (synthetic demo),night,fog,paved,arterial,1
24.8177,93.9362,379,60.5,16,22,4,1.3,1407,10.0,0,0,0,0,2025-07-25T22:10:00+05:30,Thangal Bazar area (synthetic demo),night,fog,paved,arterial,0
24.8177,93.9362,397,14.1,16,23,4,1.3,803,10.0,0,0,0,0,2025-10-03T22:13:00+05:30,Thangal Bazar area (synthetic demo),night,fog,paved,arterial,1
24.8177,93.9362,403,46.6,16,23,4,0.9,177,10.0,0,0,0,0,2025-06-27T00:41:00+05:30,Thangal Bazar area (synthetic demo),night,fog,paved,arterial,1
24.8177,93.9362,430,50.9,16,6,5,0.2,8961,10.0,0,0,0,0,2025-05-10T06:26:00+05:30,Thangal Bazar area (synthetic demo),early_morning,clear,paved,arterial,0
24.8177,93.9362,494,16.1,16,5,5,0.3,7021,10.0,0,0,0,0,2025-10-04T04:57:00+05:30,Thangal Bazar area (synthetic demo),early_morning,clear,paved,arterial,0
24.8177,93.9362,533,18.0,16,4,5,0.4,5893,10.0,0,0,0,0,2025-07-19T05:20:00+05:30,Thangal Bazar area (synthetic demo),early_morning,clear,paved,arterial,0
24.8177,93.9362,429,28.3,16,5,5,0.1,8861,10.0,0,0,0,0,2025-11-01T06:45:00+05:30,Thangal Bazar area (synthetic demo),early_morning,clear,paved,arterial,0
24.8177,93.9362,491,43.1,16,4,5,25.4,1828,10.0,0,0,0,0,2025-05-03T05:45:00+05:30,Thangal Bazar area (synthetic demo),early_morning,rain,paved,arterial,0
24.8177,93.9362,456,52.2,16,4,5,18.2,2178,10.0,0,0,0,0,2025-06-14T06:59:00+05:30,Thangal Bazar area (synthetic demo),early_morning,rain,paved,arterial,0
24.8177,93.9362,506,56.6,16,6,5,24.3,3947,10.0,0,0,0,0,2025-01-25T04:38:00+05:30,Thangal Bazar area (synthetic demo),early_morning,rain,paved,arterial,0
24.8177,93.9362,585,19.5,16,4,5,14.9,3792,10.0,0,0,0,0,2025-01-18T05:00:00+05:30,Thangal Bazar area (synthetic demo),early_morning,rain,paved,arterial,0
24.8177,93.9362,462,15.8,16,5,5,0.4,180,10.0,0,0,0,0,2025-03-22T06:24:00+05:30,Thangal Bazar area (synthetic demo),early_morning,fog,paved,arterial,0
24.8177,93.9362,477,44.2,16,6,5,0.6,1363,10.0,0,0,0,0,2025-04-19T04:51:00+05:30,Thangal Bazar area (synthetic demo),early_morning,fog,paved,arterial,0
24.8177,93.9362,532,17.9,16,6,5,0.1,556,10.0,0,0,0,0,2025-01-11T06:27:00+05:30,Thangal Bazar area (synthetic demo),early_morning,fog,paved,arterial,0
24.8177,93.9362,527,61.9,16,5,5,1.2,1505,10.0,0,0,0,0,2025-09-20T06:31:00+05:30,Thangal Bazar area (synthetic demo),early_morning,fog,paved,arterial,0
24.8177,93.9362,1085,49.8,16,11,5,0.2,5044,10.0,0,0,0,0,2025-11-15T12:53:00+05:30,Thangal Bazar area (synthetic demo),daytime,clear,paved,arterial,0
24.8177,93.9362,1103,23.5,16,13,5,0.2,6631,10.0,0,0,0,0,2025-02-15T11:47:00+05:30,Thangal Bazar area (synthetic demo),daytime,clear,paved,arterial,0
24.8177,93.9362,824,63.7,16,12,5,0.2,5439,10.0,0,0,0,0,2025-06-28T11:17:00+05:30,Thangal Bazar area (synthetic demo),daytime,clear,paved,arterial,0
24.8177,93.9362,913,59.2,16,11,5,0.2,5045,10.0,0,0,0,0,2025-01-25T12:26:00+05:30,Thangal Bazar area (synthetic demo),daytime,clear,paved,arterial,0
24.8177,93.9362,1157,26.1,16,11,5,15.2,1433,10.0,0,0,0,0,2025-10-25T12:49:00+05:30,Thangal Bazar area (synthetic demo),daytime,rain,paved,arterial,1
24.8177,93.9362,1087,61.8,16,13,5,21.7,2908,10.0,0,0,0,0,2025-07-19T12:12:00+05:30,Thangal Bazar area (synthetic demo),daytime,rain,paved,arterial,0
24.8177,93.9362,1057,43.0,16,11,5,26.7,3464,10.0,0,0,0,0,2025-11-01T13:35:00+05:30,Thangal Bazar area (synthetic demo),daytime,rain,paved,arterial,0
24.8177,93.9362,984,41.4,16,12,5,27.5,1565,10.0,0,0,0,0,2025-08-02T13:53:00+05:30,Thangal Bazar area (synthetic demo),daytime,rain,paved,arterial,1
24.8177,93.9362,1132,35.3,16,13,5,1.4,899,10.0,0,0,0,0,2025-06-21T11:57:00+05:30,Thangal Bazar area (synthetic demo),daytime,fog,paved,arterial,0
24.8177,93.9362,1062,20.6,16,13,5,0.4,812,10.0,0,0,0,0,2025-06-28T13:36:00+05:30,Thangal Bazar area (synthetic demo),daytime,fog,paved,arterial,1
24.8177,93.9362,1101,37.6,16,11,5,0.1,1140,10.0,0,0,0,0,2025-04-19T13:11:00+05:30,Thangal Bazar area (synthetic demo),daytime,fog,paved,arterial,0
24.8177,93.9362,1005,22.1,16,13,5,1.0,1561,10.0,0,0,0,0,2025-09-20T11:23:00+05:30,Thangal Bazar area (synthetic demo),daytime,fog,paved,arterial,0
24.8177,93.9362,1611,15.6,16,17,5,0.5,4670,10.0,0,0,0,0,2025-04-26T18:15:00+05:30,Thangal Bazar area (synthetic demo),evening_peak,clear,paved,arterial,0
24.8177,93.9362,1384,52.5,16,17,5,0.4,7196,10.0,0,0,0,0,2025-06-28T18:32:00+05:30,Thangal Bazar area (synthetic demo),evening_peak,clear,paved,arterial,0
24.8177,93.9362,1457,36.0,16,18,5,0.0,7851,10.0,0,0,0,0,2025-07-05T17:21:00+05:30,Thangal Bazar area (synthetic demo),evening_peak,clear,paved,arterial,0
24.8177,93.9362,1373,14.0,16,18,5,0.1,7999,10.0,0,0,0,0,2025-06-21T18:43:00+05:30,Thangal Bazar area (synthetic demo),evening_peak,clear,paved,arterial,0
24.8177,93.9362,1654,19.6,16,18,5,17.4,5444,10.0,0,0,0,0,2025-07-26T18:02:00+05:30,Thangal Bazar area (synthetic demo),evening_peak,rain,paved,arterial,0
24.8177,93.9362,1322,40.0,16,18,5,17.8,591,10.0,0,0,0,0,2025-03-22T17:37:00+05:30,Thangal Bazar area (synthetic demo),evening_peak,rain,paved,arterial,1
24.8177,93.9362,1263,48.3,16,18,5,24.7,3452,10.0,0,0,0,0,2025-09-27T17:08:00+05:30,Thangal Bazar area (synthetic demo),evening_peak,rain,paved,arterial,0
24.8177,93.9362,1414,22.9,16,17,5,16.0,5418,10.0,0,0,0,0,2025-05-03T17:49:00+05:30,Thangal Bazar area (synthetic demo),evening_peak,rain,paved,arterial,0
24.8177,93.9362,1357,25.3,16,17,5,0.4,197,10.0,0,0,0,0,2025-08-30T19:10:00+05:30,Thangal Bazar area (synthetic demo),evening_peak,fog,paved,arterial,1
24.8177,93.9362,1189,17.0,16,17,5,1.1,1764,10.0,0,0,0,0,2025-09-27T19:11:00+05:30,Thangal Bazar area (synthetic demo),evening_peak,fog,paved,arterial,0
24.8177,93.9362,1426,34.8,16,19,5,1.4,290,10.0,0,0,0,0,2025-10-18T17:11:00+05:30,Thangal Bazar area (synthetic demo),evening_peak,fog,paved,arterial,1
24.8177,93.9362,1340,25.2,16,19,5,0.3,1701,10.0,0,0,0,0,2025-06-14T17:24:00+05:30,Thangal Bazar area (synthetic demo),evening_peak,fog,paved,arterial,0
24.8177,93.9362,455,24.7,16,22,5,0.1,6229,10.0,0,0,0,0,2025-01-25T00:51:00+05:30,Thangal Bazar area (synthetic demo),night,clear,paved,arterial,0
24.8177,93.9362,363,15.9,16,23,5,0.3,9528,10.0,0,0,0,0,2025-06-28T00:16:00+05:30,Thangal Bazar area (synthetic demo),night,clear,paved,arterial,0
24.8177,93.9362,352,58.1,16,0,5,0.3,9883,10.0,0,1,0,0,2025-01-18T22:11:00+05:30,Thangal Bazar area (synthetic demo),night,clear,paved,arterial,0
24.8177,93.9362,385,55.0,16,0,5,0.3,4940,10.0,0,1,0,0,2025-12-20T22:43:00+05:30,Thangal Bazar area (synthetic demo),night,clear,paved,arterial,1
24.8177,93.9362,328,22.1,16,23,5,31.3,2198,10.0,0,0,0,0,2025-09-27T23:31:00+05:30,Thangal Bazar area (synthetic demo),night,rain,paved,arterial,1
24.8177,93.9362,355,19.5,16,22,5,12.0,4914,10.0,0,0,0,0,2025-04-05T22:15:00+05:30,Thangal Bazar area (synthetic demo),night,rain,paved,arterial,0
24.8177,93.9362,376,30.2,16,22,5,12.1,5512,10.0,0,1,0,0,2025-08-02T22:08:00+05:30,Thangal Bazar area (synthetic demo),night,rain,paved,arterial,1
24.8177,93.9362,421,34.5,16,0,5,23.1,3962,10.0,0,0,0,0,2025-03-29T23:55:00+05:30,Thangal Bazar area (synthetic demo),night,rain,paved,arterial,0
24.8177,93.9362,322,63.6,16,23,5,0.6,1151,10.0,0,0,0,0,2025-03-29T00:34:00+05:30,Thangal Bazar area (synthetic demo),night,fog,paved,arterial,1
24.8177,93.9362,417,24.5,16,23,5,0.8,920,10.0,0,1,0,0,2025-06-07T23:13:00+05:30,Thangal Bazar area (synthetic demo),night,fog,paved,arterial,1
24.8177,93.9362,421,56.3,16,23,5,1.2,1361,10.0,0,0,0,0,2025-03-08T00:39:00+05:30,Thangal Bazar area (synthetic demo),night,fog,paved,arterial,0
24.8177,93.9362,359,25.7,16,22,5,0.6,175,10.0,0,0,0,0,2025-08-02T00:50:00+05:30,Thangal Bazar area (synthetic demo),night,fog,paved,arterial,1
24.8177,93.9362,585,25.5,16,4,6,0.3,7169,10.0,0,0,0,0,2025-05-18T05:53:00+05:30,Thangal Bazar area (synthetic demo),early_morning,clear,paved,arterial,0
24.8177,93.9362,597,57.9,16,5,6,0.0,5575,10.0,0,0,0,0,2025-01-19T05:17:00+05:30,Thangal Bazar area (synthetic demo),early_morning,clear,paved,arterial,0
24.8177,93.9362,561,52.0,16,4,6,0.1,9128,10.0,0,0,0,0,2025-04-20T06:56:00+05:30,Thangal Bazar area (synthetic demo),early_morning,clear,paved,arterial,0
24.8177,93.9362,457,60.2,16,6,6,0.3,7785,10.0,0,0,0,0,2025-10-26T04:34:00+05:30,Thangal Bazar area (synthetic demo),early_morning,clear,paved,arterial,0
24.8177,93.9362,463,30.1,16,6,6,33.3,4535,10.0,0,0,0,0,2025-04-13T05:03:00+05:30,Thangal Bazar area (synthetic demo),early_morning,rain,paved,arterial,0
24.8177,93.9362,540,35.7,16,4,6,24.5,3175,10.0,0,0,0,0,2025-11-09T05:15:00+05:30,Thangal Bazar area (synthetic demo),early_morning,rain,paved,arterial,0
24.8177,93.9362,546,38.0,16,6,6,31.5,1153,10.0,0,0,0,0,2025-08-31T06:58:00+05:30,Thangal Bazar area (synthetic demo),early_morning,rain,paved,arterial,0
24.8177,93.9362,516,18.1,16,5,6,13.3,4796,10.0,0,0,0,0,2025-06-15T04:39:00+05:30,Thangal Bazar area (synthetic demo),early_morning,rain,paved,arterial,0
24.8177,93.9362,478,64.8,16,6,6,0.4,542,10.0,0,0,0,0,2025-07-20T06:17:00+05:30,Thangal Bazar area (synthetic demo),early_morning,fog,paved,arterial,0
24.8177,93.9362,571,45.7,16,4,6,0.5,341,10.0,0,0,0,0,2025-01-12T04:42:00+05:30,Thangal Bazar area (synthetic demo),early_morning,fog,paved,arterial,0
24.8177,93.9362,489,30.6,16,4,6,0.9,146,10.0,0,0,0,0,2025-09-21T06:47:00+05:30,Thangal Bazar area (synthetic demo),early_morning,fog,paved,arterial,0
24.8177,93.9362,438,57.2,16,4,6,0.2,1347,10.0,0,0,0,0,2025-07-27T06:02:00+05:30,Thangal Bazar area (synthetic demo),early_morning,fog,paved,arterial,0
24.8177,93.9362,1143,46.1,16,13,6,0.1,6893,10.0,0,0,0,0,2025-11-09T12:14:00+05:30,Thangal Bazar area (synthetic demo),daytime,clear,paved,arterial,0
24.8177,93.9362,931,51.7,16,12,6,0.0,8059,10.0,0,0,0,0,2025-09-07T13:33:00+05:30,Thangal Bazar area (synthetic demo),daytime,clear,paved,arterial,0
24.8177,93.9362,1020,45.8,16,13,6,0.4,6326,10.0,0,0,0,0,2025-09-14T11:16:00+05:30,Thangal Bazar area (synthetic demo),daytime,clear,paved,arterial,0
24.8177,93.9362,916,40.4,16,11,6,0.2,9176,10.0,0,0,0,0,2025-06-22T12:02:00+05:30,Thangal Bazar area (synthetic demo),daytime,clear,paved,arterial,0
24.8177,93.9362,962,35.7,16,13,6,27.0,4028,10.0,0,0,0,0,2025-02-02T13:01:00+05:30,Thangal Bazar area (synthetic demo),daytime,rain,paved,arterial,0
24.8177,93.9362,1135,25.7,16,13,6,22.9,2168,10.0,0,0,0,0,2025-10-19T11:10:00+05:30,Thangal Bazar area (synthetic demo),daytime,rain,paved,arterial,0
24.8177,93.9362,1148,34.3,16,11,6,20.5,3619,10.0,0,0,0,0,2025-07-13T12:08:00+05:30,Thangal Bazar area (synthetic demo),daytime,rain,paved,arterial,0
24.8177,93.9362,853,24.1,16,12,6,5.3,1081,10.0,0,0,0,0,2025-10-05T12:52:00+05:30,Thangal Bazar area (synthetic demo),daytime,rain,paved,arterial,0
24.8177,93.9362,945,57.8,16,12,6,0.7,214,10.0,0,0,0,0,2025-01-19T13:43:00+05:30,Thangal Bazar area (synthetic demo),daytime,fog,paved,arterial,1
24.8177,93.9362,1100,13.9,16,11,6,1.3,625,10.0,0,0,0,0,2025-12-14T12:29:00+05:30,Thangal Bazar area (synthetic demo),daytime,fog,paved,arterial,0
24.8177,93.9362,830,24.9,16,12,6,1.1,482,10.0,0,0,0,0,2025-03-02T11:30:00+05:30,Thangal Bazar area (synthetic demo),daytime,fog,paved,arterial,1
24.8177,93.9362,1192,63.2,16,12,6,0.6,901,10.0,0,0,0,0,2025-12-14T13:20:00+05:30,Thangal Bazar area (synthetic demo),daytime,fog,paved,arterial,1
24.8177,93.9362,1292,36.2,16,17,6,0.1,4768,10.0,0,0,0,0,2025-06-08T19:23:00+05:30,Thangal Bazar area (synthetic demo),evening_peak,clear,paved,arterial,0
24.8177,93.9362,1569,29.3,16,19,6,0.4,8064,10.0,0,0,0,0,2025-01-26T18:04:00+05:30,Thangal Bazar area (synthetic demo),evening_peak,clear,paved,arterial,0
24.8177,93.9362,1314,21.9,16,18,6,0.2,5789,10.0,0,0,0,0,2025-02-16T19:32:00+05:30,Thangal Bazar area (synthetic demo),evening_peak,clear,paved,arterial,0
24.8177,93.9362,1177,27.0,16,19,6,0.3,9229,10.0,0,0,0,0,2025-08-10T19:06:00+05:30,Thangal Bazar area (synthetic demo),evening_peak,clear,paved,arterial,0
24.8177,93.9362,1132,55.5,16,19,6,17.8,988,10.0,0,0,0,0,2025-11-09T19:36:00+05:30,Thangal Bazar area (synthetic demo),evening_peak,rain,paved,arterial,1
24.8177,93.9362,1455,18.4,16,19,6,25.4,4733,10.0,0,0,0,0,2025-01-12T18:40:00+05:30,Thangal Bazar area (synthetic demo),evening_peak,rain,paved,arterial,1
24.8177,93.9362,1357,37.9,16,18,6,13.8,2422,10.0,0,0,0,0,2025-12-21T19:21:00+05:30,Thangal Bazar area (synthetic demo),evening_peak,rain,paved,arterial,0
24.8177,93.9362,1135,44.1,16,18,6,8.2,2000,10.0,0,0,0,0,2025-04-13T18:19:00+05:30,Thangal Bazar area (synthetic demo),evening_peak,rain,paved,arterial,0
24.8177,93.9362,1493,26.1,16,19,6,1.0,1404,10.0,0,0,0,0,2025-03-30T18:07:00+05:30,Thangal Bazar area (synthetic demo),evening_peak,fog,paved,arterial,0
24.8177,93.9362,1273,56.1,16,18,6,0.7,1323,10.0,0,0,0,0,2025-04-06T17:01:00+05:30,Thangal Bazar area (synthetic demo),evening_peak,fog,paved,arterial,1
24.8177,93.9362,1645,52.7,16,18,6,1.0,628,10.0,0,0,0,0,2025-02-09T17:55:00+05:30,Thangal Bazar area (synthetic demo),evening_peak,fog,paved,arterial,1
24.8177,93.9362,1523,20.5,16,18,6,0.9,673,10.0,0,0,0,0,2025-05-11T18:50:00+05:30,Thangal Bazar area (synthetic demo),evening_peak,fog,paved,arterial,1
24.8177,93.9362,436,31.7,16,0,6,0.3,5390,10.0,0,0,0,0,2025-06-29T00:02:00+05:30,Thangal Bazar area (synthetic demo),night,clear,paved,arterial,0
24.8177,93.9362,422,34.6,16,22,6,0.2,6145,10.0,0,1,0,0,2025-11-02T23:06:00+05:30,Thangal Bazar area (synthetic demo),night,clear,paved,arterial,1
24.8177,93.9362,323,27.7,16,0,6,0.5,8440,10.0,0,0,0,0,2025-07-20T22:38:00+05:30,Thangal Bazar area (synthetic demo),night,clear,paved,arterial,0
24.8177,93.9362,379,44.7,16,22,6,0.3,8945,10.0,0,0,0,0,2025-11-23T23:15:00+05:30,Thangal Bazar area (synthetic demo),night,clear,paved,arterial,0
24.8177,93.9362,355,48.2,16,23,6,23.3,5476,10.0,0,1,0,0,2025-10-05T23:55:00+05:30,Thangal Bazar area (synthetic demo),night,rain,paved,arterial,1
24.8177,93.9362,365,18.8,16,23,6,25.2,5592,10.0,0,1,0,0,2025-02-09T22:50:00+05:30,Thangal Bazar area (synthetic demo),night,rain,paved,arterial,1
24.8177,93.9362,326,57.3,16,0,6,13.5,2818,10.0,0,0,0,0,2025-08-31T23:25:00+05:30,Thangal Bazar area (synthetic demo),night,rain,paved,arterial,1
24.8177,93.9362,448,12.7,16,23,6,20.1,3334,10.0,0,1,0,0,2025-04-20T00:06:00+05:30,Thangal Bazar area (synthetic demo),night,rain,paved,arterial,1
24.8177,93.9362,441,41.5,16,22,6,0.2,820,10.0,0,0,0,0,2025-09-14T00:09:00+05:30,Thangal Bazar area (synthetic demo),night,fog,paved,arterial,0
24.8177,93.9362,393,20.1,16,0,6,0.8,1013,10.0,0,1,0,0,2025-06-01T23:09:00+05:30,Thangal Bazar area (synthetic demo),night,fog,paved,arterial,1
24.8177,93.9362,387,20.2,16,0,6,0.1,719,10.0,0,0,0,0,2025-03-16T00:52:00+05:30,Thangal Bazar area (synthetic demo),night,fog,paved,arterial,1
24.8177,93.9362,351,40.1,16,23,6,0.7,750,10.0,0,0,0,0,2025-12-14T00:45:00+05:30,Thangal Bazar area (synthetic demo),night,fog,paved,arterial,0
24.8157,93.9475,202,46.9,5,6,0,0.2,9236,5.5,3,0,2,2,2025-12-29T06:49:00+05:30,Paona Bazar area (synthetic demo),early_morning,clear,unsealed,local,0
24.8157,93.9475,207,34.7,5,6,0,0.2,8196,5.5,3,0,2,2,2025-07-21T04:03:00+05:30,Paona Bazar area (synthetic demo),early_morning,clear,unsealed,local,0
24.8157,93.9475,216,33.6,5,6,0,0.1,7193,5.5,3,0,2,2,2025-07-21T05:54:00+05:30,Paona Bazar area (synthetic demo),early_morning,clear,unsealed,local,0
24.8157,93.9475,179,56.3,5,4,0,0.0,6053,5.5,3,0,2,2,2025-12-01T06:51:00+05:30,Paona Bazar area (synthetic demo),early_morning,clear,unsealed,local,0
24.8157,93.9475,229,59.7,5,6,0,4.6,5541,5.5,3,0,2,2,2025-12-08T04:05:00+05:30,Paona Bazar area (synthetic demo),early_morning,rain,unsealed,local,1
24.8157,93.9475,171,60.5,5,5,0,9.6,2874,5.5,3,0,2,2,2025-04-21T04:07:00+05:30,Paona Bazar area (synthetic demo),early_morning,rain,unsealed,local,0
24.8157,93.9475,194,46.4,5,5,0,4.9,1629,5.5,3,0,2,2,2025-10-06T05:24:00+05:30,Paona Bazar area (synthetic demo),early_morning,rain,unsealed,local,1
24.8157,93.9475,169,14.7,5,4,0,31.7,4150,5.5,3,0,2,2,2025-11-10T06:03:00+05:30,Paona Bazar area (synthetic demo),early_morning,rain,unsealed,local,1
24.8157,93.9475,202,47.3,5,6,0,0.3,1096,5.5,3,0,2,2,2025-12-15T05:59:00+05:30,Paona Bazar area (synthetic demo),early_morning,fog,unsealed,local,1
24.8157,93.9475,168,15.6,5,6,0,0.4,148,5.5,3,0,2,2,2025-12-22T05:29:00+05:30,Paona Bazar area (synthetic demo),early_morning,fog,unsealed,local,1
24.8157,93.9475,204,54.1,5,5,0,1.2,1185,5.5,3,0,2,2,2025-09-22T06:23:00+05:30,Paona Bazar area (synthetic demo),early_morning,fog,unsealed,local,1
24.8157,93.9475,210,50.5,5,4,0,1.4,460,5.5,3,0,2,2,2025-11-24T04:56:00+05:30,Paona Bazar area (synthetic demo),early_morning,fog,unsealed,local,1
24.8157,93.9475,406,26.4,5,12,0,0.3,8296,5.5,3,0,2,2,2025-05-05T11:21:00+05:30,Paona Bazar area (synthetic demo),daytime,clear,unsealed,local,0
24.8157,93.9475,382,44.3,5,11,0,0.2,7796,5.5,3,0,2,2,2025-09-29T13:01:00+05:30,Paona Bazar area (synthetic demo),daytime,clear,unsealed,local,0
24.8157,93.9475,325,40.3,5,12,0,0.3,5758,5.5,3,0,2,2,2025-09-29T11:49:00+05:30,Paona Bazar area (synthetic demo),daytime,clear,unsealed,local,0
24.8157,93.9475,366,18.0,5,13,0,0.2,8886,5.5,3,0,2,2,2025-04-28T11:21:00+05:30,Paona Bazar area (synthetic demo),daytime,clear,unsealed,local,0
24.8157,93.9475,426,44.3,5,12,0,8.4,2580,5.5,3,0,2,2,2025-04-14T13:49:00+05:30,Paona Bazar area (synthetic demo),daytime,rain,unsealed,local,1
24.8157,93.9475,395,18.7,5,12,0,24.7,4564,5.5,3,0,2,2,2025-10-06T11:21:00+05:30,Paona Bazar area (synthetic demo),daytime,rain,unsealed,local,1
24.8157,93.9475,370,29.8,5,13,0,32.2,2966,5.5,3,0,2,2,2025-10-13T13:33:00+05:30,Paona Bazar area (synthetic demo),daytime,rain,unsealed,local,1
24.8157,93.9475,375,41.7,5,12,0,17.1,590,5.5,3,0,2,2,2025-09-01T13:30:00+05:30,Paona Bazar area (synthetic demo),daytime,rain,unsealed,local,1
24.8157,93.9475,315,34.8,5,12,0,0.6,368,5.5,3,0,2,2,2025-07-14T13:02:00+05:30,Paona Bazar area (synthetic demo),daytime,fog,unsealed,local,1
24.8157,93.9475,343,53.3,5,13,0,1.5,341,5.5,3,0,2,2,2025-12-22T11:18:00+05:30,Paona Bazar area (synthetic demo),daytime,fog,unsealed,local,1
24.8157,93.9475,428,49.9,5,13,0,0.4,972,5.5,3,0,2,2,2025-10-20T12:10:00+05:30,Paona Bazar area (synthetic demo),daytime,fog,unsealed,local,1
24.8157,93.9475,377,51.6,5,11,0,1.0,260,5.5,3,0,2,2,2025-08-11T11:15:00+05:30,Paona Bazar area (synthetic demo),daytime,fog,unsealed,local,1
24.8157,93.9475,455,64.6,5,18,0,0.4,9533,5.5,3,0,2,2,2025-03-31T19:42:00+05:30,Paona Bazar area (synthetic demo),evening_peak,clear,unsealed,local,0
24.8157,93.9475,592,13.6,5,19,0,0.1,5443,5.5,3,0,2,2,2025-09-29T17:34:00+05:30,Paona Bazar area (synthetic demo),evening_peak,clear,unsealed,local,0
24.8157,93.9475,611,25.9,5,18,0,0.3,8042,5.5,3,0,2,2,2025-01-13T19:13:00+05:30,Paona Bazar area (synthetic demo),evening_peak,clear,unsealed,local,0
24.8157,93.9475,447,63.7,5,18,0,0.3,8668,5.5,3,0,2,2,2025-06-09T19:14:00+05:30,Paona Bazar area (synthetic demo),evening_peak,clear,unsealed,local,0
24.8157,93.9475,613,35.3,5,18,0,8.7,3445,5.5,3,0,2,2,2025-01-27T18:08:00+05:30,Paona Bazar area (synthetic demo),evening_peak,rain,unsealed,local,0
24.8157,93.9475,631,25.4,5,19,0,32.5,5419,5.5,3,0,2,2,2025-04-14T17:01:00+05:30,Paona Bazar area (synthetic demo),evening_peak,rain,unsealed,local,1
24.8157,93.9475,479,35.7,5,19,0,20.3,4304,5.5,3,0,2,2,2025-02-10T17:36:00+05:30,Paona Bazar area (synthetic demo),evening_peak,rain,unsealed,local,0
24.8157,93.9475,643,49.4,5,17,0,7.0,641,5.5,3,0,2,2,2025-01-06T17:49:00+05:30,Paona Bazar area (synthetic demo),evening_peak,rain,unsealed,local,1
24.8157,93.9475,644,12.4,5,17,0,0.5,527,5.5,3,0,2,2,2025-03-31T19:09:00+05:30,Paona Bazar area (synthetic demo),evening_peak,fog,unsealed,local,1
24.8157,93.9475,482,26.9,5,17,0,0.0,395,5.5,3,0,2,2,2025-11-17T17:35:00+05:30,Paona Bazar area (synthetic demo),evening_peak,fog,unsealed,local,1
24.8157,93.9475,548,55.2,5,18,0,0.4,1382,5.5,3,0,2,2,2025-02-17T19:53:00+05:30,Paona Bazar area (synthetic demo),evening_peak,fog,unsealed,local,1
24.8157,93.9475,581,40.3,5,18,0,0.6,482,5.5,3,0,2,2,2025-09-15T19:13:00+05:30,Paona Bazar area (synthetic demo),evening_peak,fog,unsealed,local,1
24.8157,93.9475,167,39.1,5,23,0,0.1,6002,5.5,3,1,2,2,2025-08-11T23:58:00+05:30,Paona Bazar area (synthetic demo),night,clear,unsealed,local,1
24.8157,93.9475,165,12.8,5,0,0,0.5,7987,5.5,3,1,2,2,2025-09-29T00:43:00+05:30,Paona Bazar area (synthetic demo),night,clear,unsealed,local,1
24.8157,93.9475,177,63.1,5,0,0,0.1,7204,5.5,3,0,2,2,2025-10-20T22:19:00+05:30,Paona Bazar area (synthetic demo),night,clear,unsealed,local,1
24.8157,93.9475,145,21.5,5,0,0,0.3,9768,5.5,3,1,2,2,2025-01-06T00:19:00+05:30,Paona Bazar area (synthetic demo),night,clear,unsealed,local,1
24.8157,93.9475,125,23.9,5,22,0,14.9,2624,5.5,3,1,2,2,2025-05-05T00:44:00+05:30,Paona Bazar area (synthetic demo),night,rain,unsealed,local,1
24.8157,93.9475,149,28.1,5,23,0,28.5,2588,5.5,3,0,2,2,2025-02-24T22:21:00+05:30,Paona Bazar area (synthetic demo),night,rain,unsealed,local,1
24.8157,93.9475,151,54.4,5,22,0,22.8,562,5.5,3,1,2,2,2025-11-03T23:26:00+05:30,Paona Bazar area (synthetic demo),night,rain,unsealed,local,1
24.8157,93.9475,139,22.2,5,22,0,24.4,2835,5.5,3,0,2,2,2025-08-11T23:26:00+05:30,Paona Bazar area (synthetic demo),night,rain,unsealed,local,1
24.8157,93.9475,166,56.9,5,0,0,1.3,137,5.5,3,1,2,2,2025-10-27T00:56:00+05:30,Paona Bazar area (synthetic demo),night,fog,unsealed,local,1
24.8157,93.9475,163,38.3,5,23,0,1.1,1445,5.5,3,1,2,2,2025-09-15T23:25:00+05:30,Paona Bazar area (synthetic demo),night,fog,unsealed,local,1
24.8157,93.9475,180,21.3,5,22,0,0.2,1627,5.5,3,1,2,2,2025-12-29T00:31:00+05:30,Paona Bazar area (synthetic demo),night,fog,unsealed,local,1
24.8157,93.9475,145,58.2,5,23,0,0.2,1044,5.5,3,0,2,2,2025-09-08T22:25:00+05:30,Paona Bazar area (synthetic demo),night,fog,unsealed,local,1
24.8157,93.9475,204,64.6,5,6,1,0.3,4377,5.5,3,0,2,2,2025-02-25T06:16:00+05:30,Paona Bazar area (synthetic demo),early_morning,clear,unsealed,local,0
24.8157,93.9475,184,14.2,5,6,1,0.1,5435,5.5,3,0,2,2,2025-09-09T04:14:00+05:30,Paona Bazar area (synthetic demo),early_morning,clear,unsealed,local,0
24.8157,93.9475,166,18.9,5,5,1,0.1,7954,5.5,3,0,2,2,2025-01-21T05:30:00+05:30,Paona Bazar area (synthetic demo),early_morning,clear,unsealed,local,0
24.8157,93.9475,215,44.3,5,4,1,0.4,5193,5.5,3,0,2,2,2025-03-11T04:58:00+05:30,Paona Bazar area (synthetic demo),early_morning,clear,unsealed,local,0
24.8157,93.9475,178,17.5,5,5,1,34.5,5828,5.5,3,0,2,2,2025-03-25T06:33:00+05:30,Paona Bazar area (synthetic demo),early_morning,rain,unsealed,local,1
24.8157,93.9475,180,40.1,5,6,1,11.1,1356,5.5,3,0,2,2,2025-07-01T06:31:00+05:30,Paona Bazar area (synthetic demo),early_morning,rain,unsealed,local,1
24.8157,93.9475,186,41.2,5,4,1,31.1,4528,5.5,3,0,2,2,2025-10-21T04:13:00+05:30,Paona Bazar area (synthetic demo),early_morning,rain,unsealed,local,0
24.8157,93.9475,181,15.7,5,4,1,28.4,2203,5.5,3,0,2,2,2025-10-14T06:59:00+05:30,Paona Bazar area (synthetic demo),early_morning,rain,unsealed,local,1
24.8157,93.9475,205,16.5,5,6,1,0.4,1295,5.5,3,0,2,2,2025-04-01T05:13:00+05:30,Paona Bazar area (synthetic demo),early_morning,fog,unsealed,local,1
24.8157,93.9475,202,49.7,5,4,1,0.3,958,5.5,3,0,2,2,2025-12-30T06:45:00+05:30,Paona Bazar area (synthetic demo),early_morning,fog,unsealed,local,1
24.8157,93.9475,226,25.8,5,6,1,0.3,1795,5.5,3,0,2,2,2025-05-27T05:57:00+05:30,Paona Bazar area (synthetic demo),early_morning,fog,unsealed,local,0
24.8157,93.9475,173,35.8,5,5,1,0.8,1585,5.5,3,0,2,2,2025-03-25T05:15:00+05:30,Paona Bazar area (synthetic demo),early_morning,fog,unsealed,local,1
24.8157,93.9475,316,53.7,5,12,1,0.3,5408,5.5,3,0,2,2,2025-05-20T12:10:00+05:30,Paona Bazar area (synthetic demo),daytime,clear,unsealed,local,0
24.8157,93.9475,370,30.7,5,13,1,0.2,9164,5.5,3,0,2,2,2025-08-19T13:13:00+05:30,Paona Bazar area (synthetic demo),daytime,clear,unsealed,local,0
24.8157,93.9475,327,24.3,5,13,1,0.2,8028,5.5,3,0,2,2,2025-04-01T13:17:00+05:30,Paona Bazar area (synthetic demo),daytime,clear,unsealed,local,0
24.8157,93.9475,397,13.4,5,12,1,0.0,9152,5.5,3,0,2,2,2025-06-24T13:21:00+05:30,Paona Bazar area (synthetic demo),daytime,clear,unsealed,local,0
24.8157,93.9475,363,58.4,5,12,1,25.6,4347,5.5,3,0,2,2,2025-06-24T11:48:00+05:30,Paona Bazar area (synthetic demo),daytime,rain,unsealed,local,1
24.8157,93.9475,362,15.9,5,12,1,12.6,4860,5.5,3,0,2,2,2025-09-09T11:46:00+05:30,Paona Bazar area (synthetic demo),daytime,rain,unsealed,local,0
24.8157,93.9475,332,52.8,5,11,1,21.1,559,5.5,3,0,2,2,2025-03-25T11:05:00+05:30,Paona Bazar area (synthetic demo),daytime,rain,unsealed,local,1
24.8157,93.9475,428,40.7,5,12,1,13.5,3278,5.5,3,0,2,2,2025-11-11T13:45:00+05:30,Paona Bazar area (synthetic demo),daytime,rain,unsealed,local,1
24.8157,93.9475,457,57.7,5,13,1,1.1,443,5.5,3,0,2,2,2025-09-23T12:21:00+05:30,Paona Bazar area (synthetic demo),daytime,fog,unsealed,local,1
24.8157,93.9475,459,56.4,5,11,1,0.3,947,5.5,3,0,2,2,2025-02-04T11:15:00+05:30,Paona Bazar area (synthetic demo),daytime,fog,unsealed,local,1
24.8157,93.9475,376,64.6,5,11,1,0.8,180,5.5,3,0,2,2,2025-06-03T13:12:00+05:30,Paona Bazar area (synthetic demo),daytime,fog,unsealed,local,1
24.8157,93.9475,338,55.5,5,13,1,1.2,1079,5.5,3,0,2,2,2025-05-06T11:20:00+05:30,Paona Bazar area (synthetic demo),daytime,fog,unsealed,local,1
24.8157,93.9475,442,51.7,5,18,1,0.1,4836,5.5,3,0,2,2,2025-04-22T18:34:00+05:30,Paona Bazar area (synthetic demo),evening_peak,clear,unsealed,local,0
24.8157,93.9475,436,62.1,5,18,1,0.3,8713,5.5,3,0,2,2,2025-12-30T19:16:00+05:30,Paona Bazar area (synthetic demo),evening_peak,clear,unsealed,local,0
24.8157,93.9475,454,29.5,5,19,1,0.2,4294,5.5,3,0,2,2,2025-12-02T19:21:00+05:30,Paona Bazar area (synthetic demo),evening_peak,clear,unsealed,local,0
24.8157,93.9475,547,64.4,5,18,1,0.1,7554,5.5,3,0,2,2,2025-12-30T17:43:00+05:30,Paona Bazar area (synthetic demo),evening_peak,clear,unsealed,local,1
24.8157,93.9475,567,38.3,5,18,1,9.5,892,5.5,3,0,2,2,2025-11-11T19:31:00+05:30,Paona Bazar area (synthetic demo),evening_peak,rain,unsealed,local,1
24.8157,93.9475,637,64.6,5,19,1,14.4,5331,5.5,3,0,2,2,2025-12-30T17:16:00+05:30,Paona Bazar area (synthetic demo),evening_peak,rain,unsealed,local,1
24.8157,93.9475,525,23.1,5,19,1,17.9,2176,5.5,3,0,2,2,2025-08-19T18:37:00+05:30,Paona Bazar area (synthetic demo),evening_peak,rain,unsealed,local,1
24.8157,93.9475,487,55.8,5,19,1,29.4,4952,5.5,3,0,2,2,2025-09-09T17:04:00+05:30,Paona Bazar area (synthetic demo),evening_peak,rain,unsealed,local,1
24.8157,93.9475,502,56.7,5,18,1,1.1,570,5.5,3,0,2,2,2025-08-12T19:26:00+05:30,Paona Bazar area (synthetic demo),evening_peak,fog,unsealed,local,1
24.8157,93.9475,448,63.7,5,18,1,0.2,315,5.5,3,0,2,2,2025-05-13T18:00:00+05:30,Paona Bazar area (synthetic demo),evening_peak,fog,unsealed,local,1
24.8157,93.9475,592,32.0,5,18,1,1.4,1543,5.5,3,0,2,2,2025-04-01T17:11:00+05:30,Paona Bazar area (synthetic demo),evening_peak,fog,unsealed,local,1
24.8157,93.9475,549,23.0,5,18,1,0.1,221,5.5,3,0,2,2,2025-11-25T18:51:00+05:30,Paona Bazar area (synthetic demo),evening_peak,fog,unsealed,local,1
24.8157,93.9475,141,29.8,5,22,1,0.3,4193,5.5,3,1,2,2,2025-12-02T00:03:00+05:30,Paona Bazar area (synthetic demo),night,clear,unsealed,local,1
24.8157,93.9475,164,28.3,5,22,1,0.0,5629,5.5,3,1,2,2,2025-12-30T23:04:00+05:30,Paona Bazar area (synthetic demo),night,clear,unsealed,local,1
24.8157,93.9475,149,24.9,5,0,1,0.3,7409,5.5,3,1,2,2,2025-01-14T23:23:00+05:30,Paona Bazar area (synthetic demo),night,clear,unsealed,local,1
24.8157,93.9475,157,33.7,5,23,1,0.4,7115,5.5,3,0,2,2,2025-04-22T00:31:00+05:30,Paona Bazar area (synthetic demo),night,clear,unsealed,local,0
24.8157,93.9475,170,44.1,5,22,1,13.8,1391,5.5,3,0,2,2,2025-02-18T23:19:00+05:30,Paona Bazar area (synthetic demo),night,rain,unsealed,local,1
24.8157,93.9475,123,51.1,5,23,1,23.7,2386,5.5,3,1,2,2,2025-06-03T22:16:00+05:30,Paona Bazar area (synthetic demo),night,rain,unsealed,local,1
24.8157,93.9475,134,17.9,5,23,1,28.9,3488,5.5,3,0,2,2,2025-01-28T23:19:00+05:30,Paona Bazar area (synthetic demo),night,rain,unsealed,local,1
24.8157,93.9475,161,21.3,5,0,1,34.2,2799,5.5,3,1,2,2,2025-01-07T00:44:00+05:30,Paona Bazar area (synthetic demo),night,rain,unsealed,local,1
24.8157,93.9475,132,21.0,5,22,1,0.1,733,5.5,3,0,2,2,2025-09-23T00:03:00+05:30,Paona Bazar area (synthetic demo),night,fog,unsealed,local,1
24.8157,93.9475,161,50.7,5,23,1,1.3,769,5.5,3,1,2,2,2025-08-26T23:47:00+05:30,Paona Bazar area (synthetic demo),night,fog,unsealed,local,1
24.8157,93.9475,136,26.3,5,23,1,1.1,976,5.5,3,0,2,2,2025-07-15T00:15:00+05:30,Paona Bazar area (synthetic demo),night,fog,unsealed,local,1
24.8157,93.9475,177,62.2,5,22,1,1.2,1394,5.5,3,0,2,2,2025-05-20T00:41:00+05:30,Paona Bazar area (synthetic demo),night,fog,unsealed,local,1
24.8157,93.9475,171,60.2,5,4,2,0.4,6273,5.5,3,0,2,2,2025-12-31T05:10:00+05:30,Paona Bazar area (synthetic demo),early_morning,clear,unsealed,local,0
24.8157,93.9475,220,34.5,5,5,2,0.1,4857,5.5,3,0,2,2,2025-02-19T06:23:00+05:30,Paona Bazar area (synthetic demo),early_morning,clear,unsealed,local,0
24.8157,93.9475,168,63.7,5,5,2,0.1,8812,5.5,3,0,2,2,2025-11-05T06:47:00+05:30,Paona Bazar area (synthetic demo),early_morning,clear,unsealed,local,0
24.8157,93.9475,224,64.4,5,6,2,0.1,8575,5.5,3,0,2,2,2025-05-28T06:44:00+05:30,Paona Bazar area (synthetic demo),early_morning,clear,unsealed,local,0
24.8157,93.9475,157,55.6,5,5,2,32.8,3142,5.5,3,0,2,2,2025-07-09T06:29:00+05:30,Paona Bazar area (synthetic demo),early_morning,rain,unsealed,local,1
24.8157,93.9475,161,62.2,5,6,2,6.6,3616,5.5,3,0,2,2,2025-05-14T06:32:00+05:30,Paona Bazar area (synthetic demo),early_morning,rain,unsealed,local,1
24.8157,93.9475,181,16.3,5,4,2,18.2,3916,5.5,3,0,2,2,2025-12-17T05:53:00+05:30,Paona Bazar area (synthetic demo),early_morning,rain,unsealed,local,0
24.8157,93.9475,203,22.3,5,5,2,9.5,4188,5.5,3,0,2,2,2025-01-15T05:27:00+05:30,Paona Bazar area (synthetic demo),early_morning,rain,unsealed,local,0
24.8157,93.9475,224,22.4,5,5,2,1.1,809,5.5,3,0,2,2,2025-04-30T04:04:00+05:30,Paona Bazar area (synthetic demo),early_morning,fog,unsealed,local,1
24.8157,93.9475,182,41.3,5,4,2,0.9,326,5.5,3,0,2,2,2025-12-24T04:30:00+05:30,Paona Bazar area (synthetic demo),early_morning,fog,unsealed,local,1
24.8157,93.9475,172,54.7,5,5,2,0.4,1006,5.5,3,0,2,2,2025-06-11T06:42:00+05:30,Paona Bazar area (synthetic demo),early_morning,fog,unsealed,local,1
24.8157,93.9475,181,54.7,5,4,2,1.0,1460,5.5,3,0,2,2,2025-05-07T06:20:00+05:30,Paona Bazar area (synthetic demo),early_morning,fog,unsealed,local,1
24.8157,93.9475,398,16.9,5,13,2,0.4,8302,5.5,3,0,2,2,2025-10-22T12:06:00+05:30,Paona Bazar area (synthetic demo),daytime,clear,unsealed,local,0
24.8157,93.9475,358,31.4,5,11,2,0.3,7737,5.5,3,0,2,2,2025-07-09T11:02:00+05:30,Paona Bazar area (synthetic demo),daytime,clear,unsealed,local,0
24.8157,93.9475,393,17.0,5,11,2,0.1,6739,5.5,3,0,2,2,2025-10-29T11:14:00+05:30,Paona Bazar area (synthetic demo),daytime,clear,unsealed,local,0
24.8157,93.9475,414,42.1,5,13,2,0.1,7569,5.5,3,0,2,2,2025-12-10T11:34:00+05:30,Paona Bazar area (synthetic demo),daytime,clear,unsealed,local,0
24.8157,93.9475,408,45.1,5,12,2,3.9,2235,5.5,3,0,2,2,2025-12-17T11:28:00+05:30,Paona Bazar area (synthetic demo),daytime,rain,unsealed,local,1
24.8157,93.9475,312,37.2,5,12,2,10.8,1222,5.5,3,0,2,2,2025-05-28T11:11:00+05:30,Paona Bazar area (synthetic demo),daytime,rain,unsealed,local,1
24.8157,93.9475,376,64.7,5,13,2,32.3,2741,5.5,3,0,2,2,2025-06-25T13:56:00+05:30,Paona Bazar area (synthetic demo),daytime,rain,unsealed,local,1
24.8157,93.9475,464,20.4,5,11,2,31.1,782,5.5,3,0,2,2,2025-12-03T12:32:00+05:30,Paona Bazar area (synthetic demo),daytime,rain,unsealed,local,1
24.8157,93.9475,363,28.5,5,13,2,1.2,1713,5.5,3,0,2,2,2025-12-03T12:07:00+05:30,Paona Bazar area (synthetic demo),daytime,fog,unsealed,local,0
24.8157,93.9475,344,48.9,5,12,2,0.4,839,5.5,3,0,2,2,2025-11-12T12:28:00+05:30,Paona Bazar area (synthetic demo),daytime,fog,unsealed,local,1
24.8157,93.9475,398,49.1,5,13,2,1.0,1219,5.5,3,0,2,2,2025-08-13T13:44:00+05:30,Paona Bazar area (synthetic demo),daytime,fog,unsealed,local,1
24.8157,93.9475,342,44.2,5,13,2,0.2,833,5.5,3,0,2,2,2025-04-02T11:50:00+05:30,Paona Bazar area (synthetic demo),daytime,fog,unsealed,local,1
24.8157,93.9475,527,54.3,5,18,2,0.4,8245,5.5,3,0,2,2,2025-08-13T18:55:00+05:30,Paona Bazar area (synthetic demo),evening_peak,clear,unsealed,local,0
24.8157,93.9475,633,34.1,5,17,2,0.4,5325,5.5,3,0,2,2,2025-06-18T18:41:00+05:30,Paona Bazar area (synthetic demo),evening_peak,clear,unsealed,local,0
24.8157,93.9475,541,40.6,5,17,2,0.3,4296,5.5,3,0,2,2,2025-03-19T17:03:00+05:30,Paona Bazar area (synthetic demo),evening_peak,clear,unsealed,local,0
24.8157,93.9475,610,47.3,5,18,2,0.3,9793,5.5,3,0,2,2,2025-06-25T18:44:00+05:30,Paona Bazar area (synthetic demo),evening_peak,clear,unsealed,local,0
24.8157,93.9475,611,58.3,5,18,2,17.6,1478,5.5,3,0,2,2,2025-08-27T18:25:00+05:30,Paona Bazar area (synthetic demo),evening_peak,rain,unsealed,local,1
24.8157,93.9475,570,12.2,5,17,2,25.4,5425,5.5,3,0,2,2,2025-02-26T19:55:00+05:30,Paona Bazar area (synthetic demo),evening_peak,rain,unsealed,local,1
24.8157,93.9475,574,27.8,5,17,2,30.1,2265,5.5,3,0,2,2,2025-09-24T17:16:00+05:30,Paona Bazar area (synthetic demo),evening_peak,rain,unsealed,local,1
24.8157,93.9475,460,31.6,5,17,2,3.2,1933,5.5,3,0,2,2,2025-01-01T19:24:00+05:30,Paona Bazar area (synthetic demo),evening_peak,rain,unsealed,local,1
24.8157,93.9475,567,29.7,5,17,2,1.1,960,5.5,3,0,2,2,2025-08-06T18:33:00+05:30,Paona Bazar area (synthetic demo),evening_peak,fog,unsealed,local,1
24.8157,93.9475,603,57.6,5,18,2,0.5,769,5.5,3,0,2,2,2025-10-29T19:06:00+05:30,Paona Bazar area (synthetic demo),evening_peak,fog,unsealed,local,1
24.8157,93.9475,484,45.3,5,19,2,0.3,196,5.5,3,0,2,2,2025-10-08T19:49:00+05:30,Paona Bazar area (synthetic demo),evening_peak,fog,unsealed,local,1
24.8157,93.9475,607,60.9,5,17,2,0.5,1611,5.5,3,0,2,2,2025-11-26T17:22:00+05:30,Paona Bazar area (synthetic demo),evening_peak,fog,unsealed,local,1
24.8157,93.9475,121,18.1,5,22,2,0.2,4653,5.5,3,1,2,2,2025-04-30T22:10:00+05:30,Paona Bazar area (synthetic demo),night,clear,unsealed,local,1
24.8157,93.9475,145,27.1,5,22,2,0.1,6952,5.5,3,1,2,2,2025-01-15T00:07:00+05:30,Paona Bazar area (synthetic demo),night,clear,unsealed,local,1
24.8157,93.9475,156,44.6,5,23,2,0.4,5275,5.5,3,0,2,2,2025-04-16T23:13:00+05:30,Paona Bazar area (synthetic demo),night,clear,unsealed,local,1
24.8157,93.9475,162,43.7,5,0,2,0.3,7728,5.5,3,1,2,2,2025-07-02T23:44:00+05:30,Paona Bazar area (synthetic demo),night,clear,unsealed,local,1
24.8157,93.9475,168,40.9,5,23,2,29.1,3978,5.5,3,1,2,2,2025-06-25T22:58:00+05:30,Paona Bazar area (synthetic demo),night,rain,unsealed,local,1
24.8157,93.9475,133,40.6,5,23,2,30.2,1175,5.5,3,1,2,2,2025-08-13T00:16:00+05:30,Paona Bazar area (synthetic demo),night,rain,unsealed,local,1
24.8157,93.9475,130,59.6,5,0,2,4.7,4085,5.5,3,0,2,2,2025-07-09T23:35:00+05:30,Paona Bazar area (synthetic demo),night,rain,unsealed,local,1
24.8157,93.9475,122,48.5,5,0,2,30.1,2723,5.5,3,1,2,2,2025-08-13T22:01:00+05:30,Paona Bazar area (synthetic demo),night,rain,unsealed,local,1
24.8157,93.9475,166,23.9,5,23,2,1.0,744,5.5,3,1,2,2,2025-04-23T00:03:00+05:30,Paona Bazar area (synthetic demo),night,fog,unsealed,local,1
24.8157,93.9475,155,42.6,5,23,2,0.6,720,5.5,3,1,2,2,2025-12-10T22:21:00+05:30,Paona Bazar area (synthetic demo),night,fog,unsealed,local,1
24.8157,93.9475,174,57.5,5,0,2,1.5,1344,5.5,3,0,2,2,2025-06-11T00:26:00+05:30,Paona Bazar area (synthetic demo),night,fog,unsealed,local,1
24.8157,93.9475,172,41.3,5,23,2,0.6,1376,5.5,3,1,2,2,2025-12-03T22:32:00+05:30,Paona Bazar area (synthetic demo),night,fog,unsealed,local,1
24.8157,93.9475,174,56.5,5,4,3,0.1,7154,5.5,3,0,2,2,2025-05-01T05:37:00+05:30,Paona Bazar area (synthetic demo),early_morning,clear,unsealed,local,0
24.8157,93.9475,224,49.2,5,4,3,0.1,6814,5.5,3,0,2,2,2025-09-04T05:46:00+05:30,Paona Bazar area (synthetic demo),early_morning,clear,unsealed,local,0
24.8157,93.9475,175,17.6,5,5,3,0.2,8152,5.5,3,0,2,2,2025-08-07T04:39:00+05:30,Paona Bazar area (synthetic demo),early_morning,clear,unsealed,local,0
24.8157,93.9475,162,59.2,5,5,3,0.5,8379,5.5,3,0,2,2,2025-11-27T05:27:00+05:30,Paona Bazar area (synthetic demo),early_morning,clear,unsealed,local,0
24.8157,93.9475,158,64.1,5,4,3,11.3,1326,5.5,3,0,2,2,2025-03-20T04:34:00+05:30,Paona Bazar area (synthetic demo),early_morning,rain,unsealed,local,1
24.8157,93.9475,155,23.2,5,5,3,21.0,5093,5.5,3,0,2,2,2025-12-25T06:38:00+05:30,Paona Bazar area (synthetic demo),early_morning,rain,unsealed,local,0
24.8157,93.9475,224,16.9,5,4,3,10.4,4374,5.5,3,0,2,2,2025-04-24T05:17:00+05:30,Paona Bazar area (synthetic demo),early_morning,rain,unsealed,local,0
24.8157,93.9475,205,23.1,5,4,3,7.7,2176,5.5,3,0,2,2,2025-01-16T06:57:00+05:30,Paona Bazar area (synthetic demo),early_morning,rain,unsealed,local,1
24.8157,93.9475,168,40.2,5,5,3,0.3,1122,5.5,3,0,2,2,2025-12-25T06:58:00+05:30,Paona Bazar area (synthetic demo),early_morning,fog,unsealed,local,0
24.8157,93.9475,182,61.9,5,4,3,0.7,1175,5.5,3,0,2,2,2025-02-27T05:28:00+05:30,Paona Bazar area (synthetic demo),early_morning,fog,unsealed,local,1
24.8157,93.9475,181,23.6,5,5,3,0.9,1504,5.5,3,0,2,2,2025-11-20T06:41:00+05:30,Paona Bazar area (synthetic demo),early_morning,fog,unsealed,local,1
24.8157,93.9475,176,61.1,5,6,3,1.2,512,5.5,3,0,2,2,2025-11-13T04:01:00+05:30,Paona Bazar area (synthetic demo),early_morning,fog,unsealed,local,1
24.8157,93.9475,414,16.2,5,11,3,0.2,9208,5.5,3,0,2,2,2025-06-19T13:15:00+05:30,Paona Bazar area (synthetic demo),daytime,clear,unsealed,local,0
24.8157,93.9475,382,34.3,5,11,3,0.1,7395,5.5,3,0,2,2,2025-02-27T13:52:00+05:30,Paona Bazar area (synthetic demo),daytime,clear,unsealed,local,0
24.8157,93.9475,358,63.5,5,13,3,0.2,8837,5.5,3,0,2,2,2025-08-07T13:22:00+05:30,Paona Bazar area (synthetic demo),daytime,clear,unsealed,local,0
24.8157,93.9475,436,51.9,5,13,3,0.4,8371,5.5,3,0,2,2,2025-12-04T12:23:00+05:30,Paona Bazar area (synthetic demo),daytime,clear,unsealed,local,0
24.8157,93.9475,462,63.3,5,11,3,7.3,4669,5.5,3,0,2,2,2025-05-29T11:26:00+05:30,Paona Bazar area (synthetic demo),daytime,rain,unsealed,local,1
24.8157,93.9475,361,30.7,5,13,3,6.7,2620,5.5,3,0,2,2,2025-02-13T13:16:00+05:30,Paona Bazar area (synthetic demo),daytime,rain,unsealed,local,0
24.8157,93.9475,413,46.6,5,12,3,33.4,3711,5.5,3,0,2,2,2025-05-01T13:30:00+05:30,Paona Bazar area (synthetic demo),daytime,rain,unsealed,local,1
24.8157,93.9475,378,53.6,5,11,3,20.4,1135,5.5,3,0,2,2,2025-01-23T11:39:00+05:30,Paona Bazar area (synthetic demo),daytime,rain,unsealed,local,1
24.8157,93.9475,426,26.8,5,13,3,0.4,912,5.5,3,0,2,2,2025-02-13T12:10:00+05:30,Paona Bazar area (synthetic demo),daytime,fog,unsealed,local,1
24.8157,93.9475,318,21.2,5,11,3,0.3,246,5.5,3,0,2,2,2025-01-16T13:09:00+05:30,Paona Bazar area (synthetic demo),daytime,fog,unsealed,local,1
24.8157,93.9475,370,35.9,5,11,3,1.5,581,5.5,3,0,2,2,2025-01-16T12:45:00+05:30,Paona Bazar area (synthetic demo),daytime,fog,unsealed,local,1
24.8157,93.9475,314,33.9,5,13,3,1.2,1583,5.5,3,0,2,2,2025-08-21T12:00:00+05:30,Paona Bazar area (synthetic demo),daytime,fog,unsealed,local,1
24.8157,93.9475,564,41.7,5,18,3,0.0,5050,5.5,3,0,2,2,2025-08-07T19:33:00+05:30,Paona Bazar area (synthetic demo),evening_peak,clear,unsealed,local,0
24.8157,93.9475,603,12.9,5,19,3,0.3,6958,5.5,3,0,2,2,2025-09-11T19:16:00+05:30,Paona Bazar area (synthetic demo),evening_peak,clear,unsealed,local,0
24.8157,93.9475,435,51.7,5,18,3,0.1,8591,5.5,3,0,2,2,2025-07-17T17:21:00+05:30,Paona Bazar area (synthetic demo),evening_peak,clear,unsealed,local,0
24.8157,93.9475,497,41.8,5,19,3,0.1,9808,5.5,3,0,2,2,2025-03-27T17:47:00+05:30,Paona Bazar area (synthetic demo),evening_peak,clear,unsealed,local,0
24.8157,93.9475,597,29.9,5,18,3,20.7,2143,5.5,3,0,2,2,2025-01-09T17:25:00+05:30,Paona Bazar area (synthetic demo),evening_peak,rain,unsealed,local,1
24.8157,93.9475,580,34.9,5,18,3,32.5,1096,5.5,3,0,2,2,2025-06-12T19:34:00+05:30,Paona Bazar area (synthetic demo),evening_peak,rain,unsealed,local,1
24.8157,93.9475,597,52.7,5,18,3,10.4,3533,5.5,3,0,2,2,2025-02-20T18:47:00+05:30,Paona Bazar area (synthetic demo),evening_peak,rain,unsealed,local,1
24.8157,93.9475,442,26.6,5,17,3,25.6,4346,5.5,3,0,2,2,2025-06-19T18:13:00+05:30,Paona Bazar area (synthetic demo),evening_peak,rain,unsealed,local,1
24.8157,93.9475,605,26.0,5,19,3,0.5,1148,5.5,3,0,2,2,2025-04-03T19:17:00+05:30,Paona Bazar area (synthetic demo),evening_peak,fog,unsealed,local,1
24.8157,93.9475,504,34.1,5,19,3,1.0,545,5.5,3,0,2,2,2025-01-02T17:55:00+05:30,Paona Bazar area (synthetic demo),evening_peak,fog,unsealed,local,1
24.8157,93.9475,560,15.5,5,19,3,0.2,471,5.5,3,0,2,2,2025-08-28T18:13:00+05:30,Paona Bazar area (synthetic demo),evening_peak,fog,unsealed,local,1
24.8157,93.9475,604,31.4,5,18,3,1.3,1626,5.5,3,0,2,2,2025-10-23T19:25:00+05:30,Paona Bazar area (synthetic demo),evening_peak,fog,unsealed,local,1
24.8157,93.9475,138,61.1,5,22,3,0.3,7342,5.5,3,1,2,2,2025-09-18T22:11:00+05:30,Paona Bazar area (synthetic demo),night,clear,unsealed,local,1
24.8157,93.9475,125,14.7,5,22,3,0.1,5361,5.5,3,1,2,2,2025-01-30T23:11:00+05:30,Paona Bazar area (synthetic demo),night,clear,unsealed,local,1
24.8157,93.9475,152,33.7,5,23,3,0.4,7452,5.5,3,1,2,2,2025-03-20T00:49:00+05:30,Paona Bazar area (synthetic demo),night,clear,unsealed,local,1
24.8157,93.9475,148,60.8,5,0,3,0.4,8998,5.5,3,0,2,2,2025-01-09T22:33:00+05:30,Paona Bazar area (synthetic demo),night,clear,unsealed,local,1
24.8157,93.9475,124,65.0,5,22,3,34.9,864,5.5,3,1,2,2,2025-12-18T00:31:00+05:30,Paona Bazar area (synthetic demo),night,rain,unsealed,local,1
24.8157,93.9475,139,27.5,5,23,3,22.1,2726,5.5,3,1,2,2,2025-03-27T00:59:00+05:30,Paona Bazar area (synthetic demo),night,rain,unsealed,local,1
24.8157,93.9475,128,41.6,5,22,3,18.4,5685,5.5,3,1,2,2,2025-11-13T00:42:00+05:30,Paona Bazar area (synthetic demo),night,rain,unsealed,local,1
24.8157,93.9475,139,54.6,5,22,3,3.9,4287,5.5,3,0,2,2,2025-12-18T23:55:00+05:30,Paona Bazar area (synthetic demo),night,rain,unsealed,local,1
24.8157,93.9475,129,50.8,5,22,3,0.5,161,5.5,3,0,2,2,2025-09-25T22:31:00+05:30,Paona Bazar area (synthetic demo),night,fog,unsealed,local,1
24.8157,93.9475,121,55.1,5,22,3,1.4,1064,5.5,3,0,2,2,2025-04-17T00:44:00+05:30,Paona Bazar area (synthetic demo),night,fog,unsealed,local,1
24.8157,93.9475,154,30.0,5,23,3,1.1,390,5.5,3,0,2,2,2025-05-01T22:38:00+05:30,Paona Bazar area (synthetic demo),night,fog,unsealed,local,1
24.8157,93.9475,132,18.3,5,22,3,0.0,237,5.5,3,1,2,2,2025-08-21T00:43:00+05:30,Paona Bazar area (synthetic demo),night,fog,unsealed,local,1
24.8157,93.9475,222,12.1,5,6,4,0.3,7406,5.5,3,0,2,2,2025-01-10T04:56:00+05:30,Paona Bazar area (synthetic demo),early_morning,clear,unsealed,local,0
24.8157,93.9475,167,35.3,5,4,4,0.1,5430,5.5,3,0,2,2,2025-02-07T06:40:00+05:30,Paona Bazar area (synthetic demo),early_morning,clear,unsealed,local,0
24.8157,93.9475,215,18.5,5,6,4,0.0,4253,5.5,3,0,2,2,2025-04-04T06:30:00+05:30,Paona Bazar area (synthetic demo),early_morning,clear,unsealed,local,0
24.8157,93.9475,177,21.1,5,5,4,0.3,4963,5.5,3,0,2,2,2025-12-05T05:09:00+05:30,Paona Bazar area (synthetic demo),early_morning,clear,unsealed,local,0
24.8157,93.9475,181,48.7,5,6,4,18.3,4244,5.5,3,0,2,2,2025-03-21T04:05:00+05:30,Paona Bazar area (synthetic demo),early_morning,rain,unsealed,local,0
24.8157,93.9475,210,28.5,5,4,4,21.8,4856,5.5,3,0,2,2,2025-06-20T05:35:00+05:30,Paona Bazar area (synthetic demo),early_morning,rain,unsealed,local,0
24.8157,93.9475,158,24.9,5,5,4,29.3,2385,5.5,3,0,2,2,2025-04-18T04:05:00+05:30,Paona Bazar area (synthetic demo),early_morning,rain,unsealed,local,1
24.8157,93.9475,158,20.0,5,5,4,9.9,2193,5.5,3,0,2,2,2025-06-13T04:30:00+05:30,Paona Bazar area (synthetic demo),early_morning,rain,unsealed,local,1
24.8157,93.9475,182,18.4,5,5,4,1.3,857,5.5,3,0,2,2,2025-02-14T04:44:00+05:30,Paona Bazar area (synthetic demo),early_morning,fog,unsealed,local,1
24.8157,93.9475,224,55.9,5,5,4,1.0,1319,5.5,3,0,2,2,2025-04-18T06:29:00+05:30,Paona Bazar area (synthetic demo),early_morning,fog,unsealed,local,1
24.8157,93.9475,198,59.0,5,4,4,1.2,213,5.5,3,0,2,2,2025-03-07T04:09:00+05:30,Paona Bazar area (synthetic demo),early_morning,fog,unsealed,local,1
24.8157,93.9475,171,58.4,5,4,4,1.1,1116,5.5,3,0,2,2,2025-04-11T04:53:00+05:30,Paona Bazar area (synthetic demo),early_morning,fog,unsealed,local,1
24.8157,93.9475,442,29.9,5,13,4,0.5,8018,5.5,3,0,2,2,2025-08-29T12:20:00+05:30,Paona Bazar area (synthetic demo),daytime,clear,unsealed,local,0
24.8157,93.9475,462,31.4,5,12,4,0.4,9569,5.5,3,0,2,2,2025-10-31T11:52:00+05:30,Paona Bazar area (synthetic demo),daytime,clear,unsealed,local,0
24.8157,93.9475,427,24.6,5,12,4,0.2,7541,5.5,3,0,2,2,2025-08-22T13:35:00+05:30,Paona Bazar area (synthetic demo),daytime,clear,unsealed,local,0
24.8157,93.9475,314,51.5,5,11,4,0.4,7695,5.5,3,0,2,2,2025-02-28T11:35:00+05:30,Paona Bazar area (synthetic demo),daytime,clear,unsealed,local,0
24.8157,93.9475,347,22.2,5,12,4,29.6,2610,5.5,3,0,2,2,2025-08-08T13:48:00+05:30,Paona Bazar area (synthetic demo),daytime,rain,unsealed,local,1
24.8157,93.9475,405,30.2,5,12,4,23.5,3686,5.5,3,0,2,2,2025-09-19T12:50:00+05:30,Paona Bazar area (synthetic demo),daytime,rain,unsealed,local,0
24.8157,93.9475,418,52.4,5,13,4,20.5,4961,5.5,3,0,2,2,2025-10-03T11:39:00+05:30,Paona Bazar area (synthetic demo),daytime,rain,unsealed,local,1
24.8157,93.9475,359,55.2,5,11,4,19.4,4668,5.5,3,0,2,2,2025-10-31T13:46:00+05:30,Paona Bazar area (synthetic demo),daytime,rain,unsealed,local,1
24.8157,93.9475,342,36.7,5,13,4,1.2,277,5.5,3,0,2,2,2025-12-12T11:05:00+05:30,Paona Bazar area (synthetic demo),daytime,fog,unsealed,local,1
24.8157,93.9475,463,55.0,5,12,4,1.1,1734,5.5,3,0,2,2,2025-08-29T11:53:00+05:30,Paona Bazar area (synthetic demo),daytime,fog,unsealed,local,1
24.8157,93.9475,449,25.0,5,13,4,1.5,1178,5.5,3,0,2,2,2025-07-04T13:33:00+05:30,Paona Bazar area (synthetic demo),daytime,fog,unsealed,local,1
24.8157,93.9475,394,31.0,5,13,4,1.0,299,5.5,3,0,2,2,2025-08-22T11:38:00+05:30,Paona Bazar area (synthetic demo),daytime,fog,unsealed,local,1
24.8157,93.9475,610,64.2,5,19,4,0.4,5776,5.5,3,0,2,2,2025-10-17T19:59:00+05:30,Paona Bazar area (synthetic demo),evening_peak,clear,unsealed,local,1
24.8157,93.9475,473,61.7,5,18,4,0.2,5382,5.5,3,0,2,2,2025-03-14T18:32:00+05:30,Paona Bazar area (synthetic demo),evening_peak,clear,unsealed,local,0
24.8157,93.9475,631,25.0,5,19,4,0.4,6917,5.5,3,0,2,2,2025-11-28T19:58:00+05:30,Paona Bazar area (synthetic demo),evening_peak,clear,unsealed,local,0
24.8157,93.9475,459,37.4,5,18,4,0.2,8924,5.5,3,0,2,2,2025-10-10T19:20:00+05:30,Paona Bazar area (synthetic demo),evening_peak,clear,unsealed,local,0
24.8157,93.9475,542,40.5,5,17,4,20.4,4362,5.5,3,0,2,2,2025-07-18T18:47:00+05:30,Paona Bazar area (synthetic demo),evening_peak,rain,unsealed,local,0
24.8157,93.9475,540,18.1,5,17,4,28.2,3011,5.5,3,0,2,2,2025-09-05T19:55:00+05:30,Paona Bazar area (synthetic demo),evening_peak,rain,unsealed,local,1
24.8157,93.9475,640,32.0,5,17,4,7.7,2967,5.5,3,0,2,2,2025-06-27T19:31:00+05:30,Paona Bazar area (synthetic demo),evening_peak,rain,unsealed,local,0
24.8157,93.9475,568,34.9,5,17,4,19.2,1579,5.5,3,0,2,2,2025-07-11T19:09:00+05:30,Paona Bazar area (synthetic demo),evening_peak,rain,unsealed,local,1
24.8157,93.9475,569,45.2,5,18,4,1.4,941,5.5,3,0,2,2,2025-12-05T17:05:00+05:30,Paona Bazar area (synthetic demo),evening_peak,fog,unsealed,local,1
24.8157,93.9475,547,55.8,5,17,4,1.3,411,5.5,3,0,2,2,2025-04-18T17:36:00+05:30,Paona Bazar area (synthetic demo),evening_peak,fog,unsealed,local,1
24.8157,93.9475,586,46.1,5,17,4,1.2,525,5.5,3,0,2,2,2025-11-07T17:03:00+05:30,Paona Bazar area (synthetic demo),evening_peak,fog,unsealed,local,1
24.8157,93.9475,559,53.0,5,19,4,0.9,1496,5.5,3,0,2,2,2025-03-28T17:04:00+05:30,Paona Bazar area (synthetic demo),evening_peak,fog,unsealed,local,1
24.8157,93.9475,167,32.1,5,22,4,0.4,5160,5.5,3,1,2,2,2025-11-14T23:59:00+05:30,Paona Bazar area (synthetic demo),night,clear,unsealed,local,1
24.8157,93.9475,121,49.9,5,22,4,0.4,5940,5.5,3,0,2,2,2025-11-28T23:28:00+05:30,Paona Bazar area (synthetic demo),night,clear,unsealed,local,1
24.8157,93.9475,136,55.6,5,22,4,0.4,9545,5.5,3,1,2,2,2025-06-20T23:41:00+05:30,Paona Bazar area (synthetic demo),night,clear,unsealed,local,1
24.8157,93.9475,157,62.3,5,22,4,0.1,6126,5.5,3,0,2,2,2025-02-28T00:09:00+05:30,Paona Bazar area (synthetic demo),night,clear,unsealed,local,1
24.8157,93.9475,152,16.1,5,23,4,20.7,1522,5.5,3,1,2,2,2025-12-19T00:31:00+05:30,Paona Bazar area (synthetic demo),night,rain,unsealed,local,1
24.8157,93.9475,166,38.2,5,23,4,19.2,5966,5.5,3,1,2,2,2025-07-11T22:32:00+05:30,Paona Bazar area (synthetic demo),night,rain,unsealed,local,1
24.8157,93.9475,129,15.5,5,22,4,19.8,1444,5.5,3,1,2,2,2025-09-05T22:37:00+05:30,Paona Bazar area (synthetic demo),night,rain,unsealed,local,1
24.8157,93.9475,150,59.9,5,0,4,6.8,2090,5.5,3,1,2,2,2025-05-02T22:51:00+05:30,Paona Bazar area (synthetic demo),night,rain,unsealed,local,1
24.8157,93.9475,162,19.1,5,23,4,0.1,295,5.5,3,1,2,2,2025-01-10T23:41:00+05:30,Paona Bazar area (synthetic demo),night,fog,unsealed,local,1
24.8157,93.9475,146,43.7,5,0,4,1.4,1033,5.5,3,1,2,2,2025-06-06T23:12:00+05:30,Paona Bazar area (synthetic demo),night,fog,unsealed,local,1
24.8157,93.9475,154,34.1,5,23,4,1.1,1187,5.5,3,1,2,2,2025-12-12T00:23:00+05:30,Paona Bazar area (synthetic demo),night,fog,unsealed,local,1
24.8157,93.9475,158,45.1,5,23,4,0.9,1451,5.5,3,1,2,2,2025-09-05T00:36:00+05:30,Paona Bazar area (synthetic demo),night,fog,unsealed,local,1
24.8157,93.9475,157,46.3,5,5,5,0.4,9934,5.5,3,0,2,2,2025-11-22T05:40:00+05:30,Paona Bazar area (synthetic demo),early_morning,clear,unsealed,local,0
24.8157,93.9475,229,50.1,5,6,5,0.2,4228,5.5,3,0,2,2,2025-12-06T05:29:00+05:30,Paona Bazar area (synthetic demo),early_morning,clear,unsealed,local,0
24.8157,93.9475,216,50.4,5,4,5,0.5,8838,5.5,3,0,2,2,2025-11-15T05:32:00+05:30,Paona Bazar area (synthetic demo),early_morning,clear,unsealed,local,0
24.8157,93.9475,221,44.4,5,4,5,0.4,7371,5.5,3,0,2,2,2025-11-22T05:02:00+05:30,Paona Bazar area (synthetic demo),early_morning,clear,unsealed,local,0
24.8157,93.9475,222,38.0,5,5,5,18.8,503,5.5,3,0,2,2,2025-11-22T06:28:00+05:30,Paona Bazar area (synthetic demo),early_morning,rain,unsealed,local,1
24.8157,93.9475,203,14.9,5,4,5,9.5,4698,5.5,3,0,2,2,2025-01-18T06:07:00+05:30,Paona Bazar area (synthetic demo),early_morning,rain,unsealed,local,0
24.8157,93.9475,203,20.5,5,5,5,9.7,4722,5.5,3,0,2,2,2025-12-27T04:51:00+05:30,Paona Bazar area (synthetic demo),early_morning,rain,unsealed,local,0
24.8157,93.9475,219,57.8,5,5,5,28.1,2424,5.5,3,0,2,2,2025-01-04T05:47:00+05:30,Paona Bazar area (synthetic demo),early_morning,rain,unsealed,local,1
24.8157,93.9475,199,40.5,5,5,5,0.3,948,5.5,3,0,2,2,2025-10-18T05:49:00+05:30,Paona Bazar area (synthetic demo),early_morning,fog,unsealed,local,1
24.8157,93.9475,202,28.1,5,4,5,0.9,885,5.5,3,0,2,2,2025-07-26T05:52:00+05:30,Paona Bazar area (synthetic demo),early_morning,fog,unsealed,local,1
24.8157,93.9475,180,16.5,5,5,5,0.7,1308,5.5,3,0,2,2,2025-07-12T05:27:00+05:30,Paona Bazar area (synthetic demo),early_morning,fog,unsealed,local,1
24.8157,93.9475,225,50.0,5,5,5,0.6,1049,5.5,3,0,2,2,2025-01-11T06:37:00+05:30,Paona Bazar area (synthetic demo),early_morning,fog,unsealed,local,1
24.8157,93.9475,426,15.1,5,12,5,0.1,6007,5.5,3,0,2,2,2025-05-24T12:39:00+05:30,Paona Bazar area (synthetic demo),daytime,clear,unsealed,local,0
24.8157,93.9475,332,14.4,5,11,5,0.4,9045,5.5,3,0,2,2,2025-10-11T12:23:00+05:30,Paona Bazar area (synthetic demo),daytime,clear,unsealed,local,0
24.8157,93.9475,411,34.7,5,11,5,0.2,9734,5.5,3,0,2,2,2025-10-25T11:23:00+05:30,Paona Bazar area (synthetic demo),daytime,clear,unsealed,local,0
24.8157,93.9475,355,43.9,5,12,5,0.0,7937,5.5,3,0,2,2,2025-04-26T11:27:00+05:30,Paona Bazar area (synthetic demo),daytime,clear,unsealed,local,0
24.8157,93.9475,415,61.5,5,11,5,11.4,3767,5.5,3,0,2,2,2025-09-20T11:22:00+05:30,Paona Bazar area (synthetic demo),daytime,rain,unsealed,local,1
24.8157,93.9475,450,64.2,5,13,5,3.4,3508,5.5,3,0,2,2,2025-03-29T12:48:00+05:30,Paona Bazar area (synthetic demo),daytime,rain,unsealed,local,0
24.8157,93.9475,344,51.3,5,13,5,31.5,5145,5.5,3,0,2,2,2025-07-19T13:14:00+05:30,Paona Bazar area (synthetic demo),daytime,rain,unsealed,local,1
24.8157,93.9475,455,30.8,5,13,5,24.4,1014,5.5,3,0,2,2,2025-05-17T11:52:00+05:30,Paona Bazar area (synthetic demo),daytime,rain,unsealed,local,1
24.8157,93.9475,409,15.9,5,12,5,0.9,1241,5.5,3,0,2,2,2025-04-26T12:00:00+05:30,Paona Bazar area (synthetic demo),daytime,fog,unsealed,local,1
24.8157,93.9475,363,42.9,5,11,5,0.2,654,5.5,3,0,2,2,2025-09-13T13:23:00+05:30,Paona Bazar area (synthetic demo),daytime,fog,unsealed,local,1
24.8157,93.9475,331,46.1,5,11,5,1.1,659,5.5,3,0,2,2,2025-06-28T12:15:00+05:30,Paona Bazar area (synthetic demo),daytime,fog,unsealed,local,1
24.8157,93.9475,439,34.8,5,12,5,1.2,445,5.5,3,0,2,2,2025-07-05T11:57:00+05:30,Paona Bazar area (synthetic demo),daytime,fog,unsealed,local,1
24.8157,93.9475,582,35.4,5,18,5,0.3,5049,5.5,3,0,2,2,2025-05-17T18:35:00+05:30,Paona Bazar area (synthetic demo),evening_peak,clear,unsealed,local,0
24.8157,93.9475,525,55.5,5,19,5,0.1,6555,5.5,3,0,2,2,2025-11-08T18:47:00+05:30,Paona Bazar area (synthetic demo),evening_peak,clear,unsealed,local,1
24.8157,93.9475,517,37.0,5,19,5,0.5,4572,5.5,3,0,2,2,2025-05-03T18:13:00+05:30,Paona Bazar area (synthetic demo),evening_peak,clear,unsealed,local,0
24.8157,93.9475,541,58.3,5,18,5,0.4,6033,5.5,3,0,2,2,2025-09-13T18:40:00+05:30,Paona Bazar area (synthetic demo),evening_peak,clear,unsealed,local,1
24.8157,93.9475,565,45.9,5,18,5,22.4,1667,5.5,3,0,2,2,2025-07-12T18:45:00+05:30,Paona Bazar area (synthetic demo),evening_peak,rain,unsealed,local,1
24.8157,93.9475,434,64.8,5,17,5,22.3,4340,5.5,3,0,2,2,2025-11-15T17:52:00+05:30,Paona Bazar area (synthetic demo),evening_peak,rain,unsealed,local,1
24.8157,93.9475,585,49.9,5,18,5,10.4,4373,5.5,3,0,2,2,2025-06-28T18:12:00+05:30,Paona Bazar area (synthetic demo),evening_peak,rain,unsealed,local,1
24.8157,93.9475,593,57.1,5,19,5,16.8,576,5.5,3,0,2,2,2025-05-03T19:09:00+05:30,Paona Bazar area (synthetic demo),evening_peak,rain,unsealed,local,1
24.8157,93.9475,615,59.6,5,19,5,0.2,416,5.5,3,0,2,2,2025-02-22T18:12:00+05:30,Paona Bazar area (synthetic demo),evening_peak,fog,unsealed,local,1
24.8157,93.9475,624,41.1,5,19,5,0.0,1466,5.5,3,0,2,2,2025-11-01T19:05:00+05:30,Paona Bazar area (synthetic demo),evening_peak,fog,unsealed,local,1
24.8157,93.9475,499,12.1,5,19,5,1.0,791,5.5,3,0,2,2,2025-11-01T18:53:00+05:30,Paona Bazar area (synthetic demo),evening_peak,fog,unsealed,local,1
24.8157,93.9475,473,28.0,5,19,5,1.2,540,5.5,3,0,2,2,2025-04-05T18:50:00+05:30,Paona Bazar area (synthetic demo),evening_peak,fog,unsealed,local,1
24.8157,93.9475,170,54.6,5,0,5,0.0,5828,5.5,3,0,2,2,2025-05-10T22:57:00+05:30,Paona Bazar area (synthetic demo),night,clear,unsealed,local,1
24.8157,93.9475,159,47.9,5,23,5,0.2,4767,5.5,3,1,2,2,2025-01-25T22:47:00+05:30,Paona Bazar area (synthetic demo),night,clear,unsealed,local,1
24.8157,93.9475,166,37.1,5,23,5,0.4,5001,5.5,3,0,2,2,2025-08-02T00:49:00+05:30,Paona Bazar area (synthetic demo),night,clear,unsealed,local,1
24.8157,93.9475,138,56.6,5,22,5,0.1,6174,5.5,3,0,2,2,2025-03-15T23:34:00+05:30,Paona Bazar area (synthetic demo),night,clear,unsealed,local,1
24.8157,93.9475,153,54.1,5,0,5,4.4,1725,5.5,3,0,2,2,2025-06-07T23:51:00+05:30,Paona Bazar area (synthetic demo),night,rain,unsealed,local,1
24.8157,93.9475,129,38.7,5,23,5,24.0,1692,5.5,3,0,2,2,2025-07-12T22:54:00+05:30,Paona Bazar area (synthetic demo),night,rain,unsealed,local,1
24.8157,93.9475,131,12.8,5,22,5,3.3,2703,5.5,3,1,2,2,2025-03-29T22:16:00+05:30,Paona Bazar area (synthetic demo),night,rain,unsealed,local,1
24.8157,93.9475,124,14.2,5,22,5,23.0,2950,5.5,3,1,2,2,2025-09-20T23:27:00+05:30,Paona Bazar area (synthetic demo),night,rain,unsealed,local,1
24.8157,93.9475,170,38.5,5,0,5,1.2,1725,5.5,3,1,2,2,2025-04-05T23:20:00+05:30,Paona Bazar area (synthetic demo),night,fog,unsealed,local,1
24.8157,93.9475,123,46.2,5,23,5,0.6,1142,5.5,3,1,2,2,2025-08-23T22:26:00+05:30,Paona Bazar area (synthetic demo),night,fog,unsealed,local,1
24.8157,93.9475,125,38.2,5,22,5,0.1,954,5.5,3,0,2,2,2025-08-16T23:54:00+05:30,Paona Bazar area (synthetic demo),night,fog,unsealed,local,1
24.8157,93.9475,129,45.4,5,23,5,1.0,1260,5.5,3,1,2,2,2025-09-27T00:24:00+05:30,Paona Bazar area (synthetic demo),night,fog,unsealed,local,1
24.8157,93.9475,168,51.3,5,4,6,0.3,4618,5.5,3,0,2,2,2025-05-18T06:02:00+05:30,Paona Bazar area (synthetic demo),early_morning,clear,unsealed,local,0
24.8157,93.9475,211,19.9,5,6,6,0.0,9590,5.5,3,0,2,2,2025-06-08T06:53:00+05:30,Paona Bazar area (synthetic demo),early_morning,clear,unsealed,local,0
24.8157,93.9475,209,47.3,5,4,6,0.4,9678,5.5,3,0,2,2,2025-12-28T05:11:00+05:30,Paona Bazar area (synthetic demo),early_morning,clear,unsealed,local,0
24.8157,93.9475,180,15.7,5,5,6,0.4,8758,5.5,3,0,2,2,2025-03-30T06:13:00+05:30,Paona Bazar area (synthetic demo),early_morning,clear,unsealed,local,0
24.8157,93.9475,175,47.9,5,5,6,7.0,2756,5.5,3,0,2,2,2025-01-05T04:11:00+05:30,Paona Bazar area (synthetic demo),early_morning,rain,unsealed,local,0
24.8157,93.9475,160,41.1,5,4,6,27.6,933,5.5,3,0,2,2,2025-08-31T05:43:00+05:30,Paona Bazar area (synthetic demo),early_morning,rain,unsealed,local,1
24.8157,93.9475,181,62.3,5,4,6,24.7,2960,5.5,3,0,2,2,2025-11-02T06:40:00+05:30,Paona Bazar area (synthetic demo),early_morning,rain,unsealed,local,1
24.8157,93.9475,174,18.2,5,6,6,34.3,4806,5.5,3,0,2,2,2025-03-23T04:09:00+05:30,Paona Bazar area (synthetic demo),early_morning,rain,unsealed,local,1
24.8157,93.9475,225,38.9,5,6,6,0.1,517,5.5,3,0,2,2,2025-03-09T06:56:00+05:30,Paona Bazar area (synthetic demo),early_morning,fog,unsealed,local,1
24.8157,93.9475,168,45.3,5,6,6,0.0,770,5.5,3,0,2,2,2025-10-19T04:59:00+05:30,Paona Bazar area (synthetic demo),early_morning,fog,unsealed,local,1
24.8157,93.9475,223,49.4,5,4,6,1.2,1413,5.5,3,0,2,2,2025-03-23T04:06:00+05:30,Paona Bazar area (synthetic demo),early_morning,fog,unsealed,local,1
24.8157,93.9475,221,30.5,5,5,6,1.3,1456,5.5,3,0,2,2,2025-06-08T04:09:00+05:30,Paona Bazar area (synthetic demo),early_morning,fog,unsealed,local,0
24.8157,93.9475,330,42.4,5,11,6,0.3,6105,5.5,3,0,2,2,2025-11-23T11:04:00+05:30,Paona Bazar area (synthetic demo),daytime,clear,unsealed,local,0
24.8157,93.9475,358,12.0,5,13,6,0.2,5748,5.5,3,0,2,2,2025-04-13T13:37:00+05:30,Paona Bazar area (synthetic demo),daytime,clear,unsealed,local,0
24.8157,93.9475,383,31.1,5,13,6,0.2,4384,5.5,3,0,2,2,2025-02-23T13:14:00+05:30,Paona Bazar area (synthetic demo),daytime,clear,unsealed,local,0
24.8157,93.9475,423,40.8,5,11,6,0.4,9516,5.5,3,0,2,2,2025-03-23T12:15:00+05:30,Paona Bazar area (synthetic demo),daytime,clear,unsealed,local,0
24.8157,93.9475,393,57.3,5,11,6,28.4,5188,5.5,3,0,2,2,2025-09-28T13:52:00+05:30,Paona Bazar area (synthetic demo),daytime,rain,unsealed,local,1
24.8157,93.9475,349,46.8,5,11,6,11.2,858,5.5,3,0,2,2,2025-12-21T13:19:00+05:30,Paona Bazar area (synthetic demo),daytime,rain,unsealed,local,1
24.8157,93.9475,434,27.3,5,13,6,18.1,1063,5.5,3,0,2,2,2025-09-14T12:41:00+05:30,Paona Bazar area (synthetic demo),daytime,rain,unsealed,local,1
24.8157,93.9475,374,17.0,5,13,6,23.3,2132,5.5,3,0,2,2,2025-04-06T12:37:00+05:30,Paona Bazar area (synthetic demo),daytime,rain,unsealed,local,1
24.8157,93.9475,357,52.0,5,12,6,1.1,479,5.5,3,0,2,2,2025-03-23T13:19:00+05:30,Paona Bazar area (synthetic demo),daytime,fog,unsealed,local,1
24.8157,93.9475,358,21.1,5,12,6,1.4,856,5.5,3,0,2,2,2025-11-02T13:04:00+05:30,Paona Bazar area (synthetic demo),daytime,fog,unsealed,local,1
24.8157,93.9475,340,64.6,5,12,6,0.4,1296,5.5,3,0,2,2,2025-08-31T11:40:00+05:30,Paona Bazar area (synthetic demo),daytime,fog,unsealed,local,1
24.8157,93.9475,463,36.5,5,12,6,0.8,921,5.5,3,0,2,2,2025-04-20T12:25:00+05:30,Paona Bazar area (synthetic demo),daytime,fog,unsealed,local,1
24.8157,93.9475,472,51.4,5,17,6,0.1,4369,5.5,3,0,2,2,2025-03-30T19:11:00+05:30,Paona Bazar area (synthetic demo),evening_peak,clear,unsealed,local,0
24.8157,93.9475,586,15.9,5,18,6,0.2,8617,5.5,3,0,2,2,2025-07-06T17:31:00+05:30,Paona Bazar area (synthetic demo),evening_peak,clear,unsealed,local,1
24.8157,93.9475,499,45.8,5,18,6,0.4,5830,5.5,3,0,2,2,2025-06-01T18:53:00+05:30,Paona Bazar area (synthetic demo),evening_peak,clear,unsealed,local,0
24.8157,93.9475,509,43.4,5,19,6,0.2,8961,5.5,3,0,2,2,2025-05-18T18:39:00+05:30,Paona Bazar area (synthetic demo),evening_peak,clear,unsealed,local,0
24.8157,93.9475,467,41.6,5,17,6,5.1,2020,5.5,3,0,2,2,2025-09-28T19:02:00+05:30,Paona Bazar area (synthetic demo),evening_peak,rain,unsealed,local,0
24.8157,93.9475,484,31.7,5,17,6,27.5,5439,5.5,3,0,2,2,2025-04-13T18:03:00+05:30,Paona Bazar area (synthetic demo),evening_peak,rain,unsealed,local,1
24.8157,93.9475,573,14.9,5,17,6,30.1,2901,5.5,3,0,2,2,2025-05-11T18:44:00+05:30,Paona Bazar area (synthetic demo),evening_peak,rain,unsealed,local,1
24.8157,93.9475,486,46.3,5,18,6,15.5,1223,5.5,3,0,2,2,2025-11-02T17:09:00+05:30,Paona Bazar area (synthetic demo),evening_peak,rain,unsealed,local,1
24.8157,93.9475,483,43.8,5,19,6,0.2,993,5.5,3,0,2,2,2025-01-19T19:20:00+05:30,Paona Bazar area (synthetic demo),evening_peak,fog,unsealed,local,1
24.8157,93.9475,614,30.0,5,19,6,0.4,1091,5.5,3,0,2,2,2025-10-26T19:30:00+05:30,Paona Bazar area (synthetic demo),evening_peak,fog,unsealed,local,1
24.8157,93.9475,590,25.7,5,17,6,0.0,388,5.5,3,0,2,2,2025-11-16T19:43:00+05:30,Paona Bazar area (synthetic demo),evening_peak,fog,unsealed,local,1
24.8157,93.9475,622,24.2,5,19,6,0.1,1399,5.5,3,0,2,2,2025-07-13T19:39:00+05:30,Paona Bazar area (synthetic demo),evening_peak,fog,unsealed,local,1
24.8157,93.9475,134,48.9,5,23,6,0.4,8443,5.5,3,1,2,2,2025-01-05T00:14:00+05:30,Paona Bazar area (synthetic demo),night,clear,unsealed,local,1
24.8157,93.9475,123,22.5,5,0,6,0.2,5558,5.5,3,0,2,2,2025-08-24T23:38:00+05:30,Paona Bazar area (synthetic demo),night,clear,unsealed,local,1
24.8157,93.9475,122,12.3,5,23,6,0.3,8197,5.5,3,1,2,2,2025-02-09T22:14:00+05:30,Paona Bazar area (synthetic demo),night,clear,unsealed,local,1
24.8157,93.9475,142,32.7,5,22,6,0.4,4776,5.5,3,0,2,2,2025-02-16T23:56:00+05:30,Paona Bazar area (synthetic demo),night,clear,unsealed,local,1
24.8157,93.9475,123,25.5,5,22,6,14.4,2675,5.5,3,1,2,2,2025-04-13T00:27:00+05:30,Paona Bazar area (synthetic demo),night,rain,unsealed,local,1
24.8157,93.9475,172,25.1,5,22,6,15.1,3029,5.5,3,1,2,2,2025-08-03T23:43:00+05:30,Paona Bazar area (synthetic demo),night,rain,unsealed,local,1
24.8157,93.9475,130,59.2,5,22,6,32.2,3334,5.5,3,1,2,2,2025-08-10T00:43:00+05:30,Paona Bazar area (synthetic demo),night,rain,unsealed,local,1
24.8157,93.9475,126,19.1,5,23,6,24.3,4612,5.5,3,1,2,2,2025-12-28T22:53:00+05:30,Paona Bazar area (synthetic demo),night,rain,unsealed,local,1
24.8157,93.9475,121,44.6,5,23,6,1.2,1292,5.5,3,0,2,2,2025-10-12T23:00:00+05:30,Paona Bazar area (synthetic demo),night,fog,unsealed,local,1
24.8157,93.9475,139,30.5,5,23,6,0.1,540,5.5,3,0,2,2,2025-10-19T23:18:00+05:30,Paona Bazar area (synthetic demo),night,fog,unsealed,local,1
24.8157,93.9475,135,14.2,5,0,6,0.9,997,5.5,3,1,2,2,2025-08-31T23:16:00+05:30,Paona Bazar area (synthetic demo),night,fog,unsealed,local,1
24.8157,93.9475,145,26.4,5,23,6,0.0,946,5.5,3,1,2,2,2025-02-23T00:43:00+05:30,Paona Bazar area (synthetic demo),night,fog,unsealed,local,1
24.7996733,93.9350847,297,42.2,9,5,0,0.3,5689,7.0,1,0,1,1,2025-06-09T04:58:00+05:30,Keishampat Junction area (synthetic demo),early_morning,clear,gravel,collector,0
24.7996733,93.9350847,260,19.0,9,4,0,0.4,4231,7.0,1,0,1,1,2025-08-11T04:16:00+05:30,Keishampat Junction area (synthetic demo),early_morning,clear,gravel,collector,0
24.7996733,93.9350847,239,17.4,9,5,0,0.0,5042,7.0,1,0,1,1,2025-01-06T04:30:00+05:30,Keishampat Junction area (synthetic demo),early_morning,clear,gravel,collector,0
24.7996733,93.9350847,269,19.3,9,5,0,0.2,6980,7.0,1,0,1,1,2025-07-07T05:54:00+05:30,Keishampat Junction area (synthetic demo),early_morning,clear,gravel,collector,0
24.7996733,93.9350847,269,28.3,9,5,0,6.6,3254,7.0,1,0,1,1,2025-08-04T06:19:00+05:30,Keishampat Junction area (synthetic demo),early_morning,rain,gravel,collector,0
24.7996733,93.9350847,251,24.2,9,4,0,19.5,5022,7.0,1,0,1,1,2025-04-28T06:57:00+05:30,Keishampat Junction area (synthetic demo),early_morning,rain,gravel,collector,0
24.7996733,93.9350847,257,40.8,9,5,0,26.2,505,7.0,1,0,1,1,2025-09-08T05:54:00+05:30,Keishampat Junction area (synthetic demo),early_morning,rain,gravel,collector,0
24.7996733,93.9350847,288,54.7,9,4,0,8.6,5687,7.0,1,0,1,1,2025-05-12T06:42:00+05:30,Keishampat Junction area (synthetic demo),early_morning,rain,gravel,collector,0
24.7996733,93.9350847,250,56.3,9,6,0,0.8,1288,7.0,1,0,1,1,2025-04-28T06:12:00+05:30,Keishampat Junction area (synthetic demo),early_morning,fog,gravel,collector,0
24.7996733,93.9350847,232,23.9,9,6,0,1.5,1471,7.0,1,0,1,1,2025-04-28T05:51:00+05:30,Keishampat Junction area (synthetic demo),early_morning,fog,gravel,collector,0
24.7996733,93.9350847,247,43.5,9,5,0,0.4,1278,7.0,1,0,1,1,2025-11-10T06:43:00+05:30,Keishampat Junction area (synthetic demo),early_morning,fog,gravel,collector,0
24.7996733,93.9350847,328,52.4,9,6,0,1.1,580,7.0,1,0,1,1,2025-10-06T04:24:00+05:30,Keishampat Junction area (synthetic demo),early_morning,fog,gravel,collector,0
24.7996733,93.9350847,512,25.2,9,12,0,0.3,8755,7.0,1,0,1,1,2025-05-19T11:14:00+05:30,Keishampat Junction area (synthetic demo),daytime,clear,gravel,collector,0
24.7996733,93.9350847,584,17.4,9,13,0,0.0,6514,7.0,1,0,1,1,2025-10-13T13:22:00+05:30,Keishampat Junction area (synthetic demo),daytime,clear,gravel,collector,0
24.7996733,93.9350847,622,51.2,9,11,0,0.3,7824,7.0,1,0,1,1,2025-07-21T13:46:00+05:30,Keishampat Junction area (synthetic demo),daytime,clear,gravel,collector,0
24.7996733,93.9350847,682,48.7,9,11,0,0.4,8810,7.0,1,0,1,1,2025-11-03T12:42:00+05:30,Keishampat Junction area (synthetic demo),daytime,clear,gravel,collector,0
24.7996733,93.9350847,610,64.4,9,11,0,15.9,5700,7.0,1,0,1,1,2025-07-28T13:45:00+05:30,Keishampat Junction area (synthetic demo),daytime,rain,gravel,collector,0
24.7996733,93.9350847,620,60.9,9,11,0,18.6,2730,7.0,1,0,1,1,2025-02-10T13:03:00+05:30,Keishampat Junction area (synthetic demo),daytime,rain,gravel,collector,0
24.7996733,93.9350847,543,47.0,9,11,0,12.3,1593,7.0,1,0,1,1,2025-07-21T11:17:00+05:30,Keishampat Junction area (synthetic demo),daytime,rain,gravel,collector,0
24.7996733,93.9350847,479,48.3,9,13,0,31.7,2722,7.0,1,0,1,1,2025-05-19T11:27:00+05:30,Keishampat Junction area (synthetic demo),daytime,rain,gravel,collector,1
24.7996733,93.9350847,538,63.5,9,12,0,1.5,1314,7.0,1,0,1,1,2025-06-09T12:35:00+05:30,Keishampat Junction area (synthetic demo),daytime,fog,gravel,collector,0
24.7996733,93.9350847,544,21.3,9,13,0,0.3,977,7.0,1,0,1,1,2025-12-15T13:45:00+05:30,Keishampat Junction area (synthetic demo),daytime,fog,gravel,collector,0
24.7996733,93.9350847,671,64.2,9,12,0,0.8,970,7.0,1,0,1,1,2025-05-19T11:42:00+05:30,Keishampat Junction area (synthetic demo),daytime,fog,gravel,collector,1
24.7996733,93.9350847,593,35.6,9,11,0,1.4,1725,7.0,1,0,1,1,2025-06-09T12:28:00+05:30,Keishampat Junction area (synthetic demo),daytime,fog,gravel,collector,0
24.7996733,93.9350847,692,12.0,9,19,0,0.1,6682,7.0,1,0,1,1,2025-03-03T18:33:00+05:30,Keishampat Junction area (synthetic demo),evening_peak,clear,gravel,collector,0
24.7996733,93.9350847,742,52.8,9,17,0,0.3,6152,7.0,1,0,1,1,2025-09-08T17:32:00+05:30,Keishampat Junction area (synthetic demo),evening_peak,clear,gravel,collector,0
24.7996733,93.9350847,959,20.2,9,18,0,0.1,8780,7.0,1,0,1,1,2025-06-30T19:06:00+05:30,Keishampat Junction area (synthetic demo),evening_peak,clear,gravel,collector,0
24.7996733,93.9350847,844,16.0,9,19,0,0.2,6223,7.0,1,0,1,1,2025-01-20T18:37:00+05:30,Keishampat Junction area (synthetic demo),evening_peak,clear,gravel,collector,0
24.7996733,93.9350847,830,25.9,9,19,0,30.3,5562,7.0,1,0,1,1,2025-06-30T17:31:00+05:30,Keishampat Junction area (synthetic demo),evening_peak,rain,gravel,collector,0
24.7996733,93.9350847,715,53.4,9,18,0,7.7,1394,7.0,1,0,1,1,2025-06-02T19:17:00+05:30,Keishampat Junction area (synthetic demo),evening_peak,rain,gravel,collector,0
24.7996733,93.9350847,783,38.9,9,17,0,4.7,5900,7.0,1,0,1,1,2025-01-20T19:06:00+05:30,Keishampat Junction area (synthetic demo),evening_peak,rain,gravel,collector,0
24.7996733,93.9350847,799,50.1,9,17,0,10.0,1858,7.0,1,0,1,1,2025-05-05T18:00:00+05:30,Keishampat Junction area (synthetic demo),evening_peak,rain,gravel,collector,1
24.7996733,93.9350847,675,42.3,9,19,0,0.6,144,7.0,1,0,1,1,2025-12-22T17:26:00+05:30,Keishampat Junction area (synthetic demo),evening_peak,fog,gravel,collector,1
24.7996733,93.9350847,866,32.2,9,18,0,0.0,1078,7.0,1,0,1,1,2025-11-24T19:09:00+05:30,Keishampat Junction area (synthetic demo),evening_peak,fog,gravel,collector,0
24.7996733,93.9350847,955,57.5,9,19,0,1.4,366,7.0,1,0,1,1,2025-09-29T18:36:00+05:30,Keishampat Junction area (synthetic demo),evening_peak,fog,gravel,collector,1
24.7996733,93.9350847,760,21.9,9,19,0,0.9,874,7.0,1,0,1,1,2025-07-07T17:15:00+05:30,Keishampat Junction area (synthetic demo),evening_peak,fog,gravel,collector,1
24.7996733,93.9350847,189,26.0,9,0,0,0.5,9486,7.0,1,1,1,1,2025-03-10T00:23:00+05:30,Keishampat Junction area (synthetic demo),night,clear,gravel,collector,0
24.7996733,93.9350847,231,37.9,9,22,0,0.1,7653,7.0,1,0,1,1,2025-04-28T23:55:00+05:30,Keishampat Junction area (synthetic demo),night,clear,gravel,collector,0
24.7996733,93.9350847,198,51.9,9,23,0,0.5,4327,7.0,1,1,1,1,2025-07-21T00:02:00+05:30,Keishampat Junction area (synthetic demo),night,clear,gravel,collector,1
24.7996733,93.9350847,204,26.4,9,0,0,0.5,6848,7.0,1,0,1,1,2025-08-04T22:09:00+05:30,Keishampat Junction area (synthetic demo),night,clear,gravel,collector,0
24.7996733,93.9350847,210,21.7,9,22,0,17.3,4664,7.0,1,0,1,1,2025-11-24T00:49:00+05:30,Keishampat Junction area (synthetic demo),night,rain,gravel,collector,0
24.7996733,93.9350847,232,60.5,9,0,0,14.5,1634,7.0,1,1,1,1,2025-09-08T22:30:00+05:30,Keishampat Junction area (synthetic demo),night,rain,gravel,collector,1
24.7996733,93.9350847,208,25.8,9,0,0,34.9,2998,7.0,1,0,1,1,2025-07-21T22:32:00+05:30,Keishampat Junction area (synthetic demo),night,rain,gravel,collector,1
24.7996733,93.9350847,190,15.7,9,22,0,20.4,2113,7.0,1,0,1,1,2025-03-17T00:37:00+05:30,Keishampat Junction area (synthetic demo),night,rain,gravel,collector,1
24.7996733,93.9350847,232,34.0,9,0,0,0.3,1508,7.0,1,0,1,1,2025-02-03T23:13:00+05:30,Keishampat Junction area (synthetic demo),night,fog,gravel,collector,0
24.7996733,93.9350847,209,45.1,9,22,0,0.5,308,7.0,1,0,1,1,2025-08-04T22:42:00+05:30,Keishampat Junction area (synthetic demo),night,fog,gravel,collector,1
24.7996733,93.9350847,214,19.4,9,22,0,0.2,1646,7.0,1,1,1,1,2025-02-03T23:59:00+05:30,Keishampat Junction area (synthetic demo),night,fog,gravel,collector,1
24.7996733,93.9350847,203,57.1,9,0,0,0.7,829,7.0,1,1,1,1,2025-12-29T22:40:00+05:30,Keishampat Junction area (synthetic demo),night,fog,gravel,collector,1
24.7996733,93.9350847,244,27.9,9,4,1,0.4,5346,7.0,1,0,1,1,2025-01-28T05:26:00+05:30,Keishampat Junction area (synthetic demo),early_morning,clear,gravel,collector,0
24.7996733,93.9350847,344,65.0,9,4,1,0.2,4131,7.0,1,0,1,1,2025-07-15T05:08:00+05:30,Keishampat Junction area (synthetic demo),early_morning,clear,gravel,collector,0
24.7996733,93.9350847,278,35.3,9,4,1,0.1,6350,7.0,1,0,1,1,2025-12-23T04:03:00+05:30,Keishampat Junction area (synthetic demo),early_morning,clear,gravel,collector,0
24.7996733,93.9350847,304,38.4,9,5,1,0.5,6166,7.0,1,0,1,1,2025-09-30T06:20:00+05:30,Keishampat Junction area (synthetic demo),early_morning,clear,gravel,collector,0
24.7996733,93.9350847,317,41.1,9,6,1,6.0,1341,7.0,1,0,1,1,2025-10-14T04:19:00+05:30,Keishampat Junction area (synthetic demo),early_morning,rain,gravel,collector,0
24.7996733,93.9350847,275,44.4,9,6,1,3.3,5561,7.0,1,0,1,1,2025-10-14T06:50:00+05:30,Keishampat Junction area (synthetic demo),early_morning,rain,gravel,collector,0
24.7996733,93.9350847,314,45.8,9,4,1,23.8,5167,7.0,1,0,1,1,2025-09-02T04:40:00+05:30,Keishampat Junction area (synthetic demo),early_morning,rain,gravel,collector,0
24.7996733,93.9350847,332,43.9,9,6,1,8.9,1186,7.0,1,0,1,1,2025-11-25T05:09:00+05:30,Keishampat Junction area (synthetic demo),early_morning,rain,gravel,collector,0
24.7996733,93.9350847,327,53.1,9,4,1,0.5,195,7.0,1,0,1,1,2025-05-27T04:46:00+05:30,Keishampat Junction area (synthetic demo),early_morning,fog,gravel,collector,1
24.7996733,93.9350847,259,26.1,9,4,1,1.1,1461,7.0,1,0,1,1,2025-09-02T05:49:00+05:30,Keishampat Junction area (synthetic demo),early_morning,fog,gravel,collector,0
24.7996733,93.9350847,322,19.4,9,4,1,0.3,383,7.0,1,0,1,1,2025-05-27T05:57:00+05:30,Keishampat Junction area (synthetic demo),early_morning,fog,gravel,collector,0
24.7996733,93.9350847,264,43.4,9,6,1,0.0,372,7.0,1,0,1,1,2025-09-23T04:42:00+05:30,Keishampat Junction area (synthetic demo),early_morning,fog,gravel,collector,0
24.7996733,93.9350847,607,55.0,9,13,1,0.1,6786,7.0,1,0,1,1,2025-11-25T11:26:00+05:30,Keishampat Junction area (synthetic demo),daytime,clear,gravel,collector,0
24.7996733,93.9350847,634,62.6,9,12,1,0.4,7640,7.0,1,0,1,1,2025-10-28T12:49:00+05:30,Keishampat Junction area (synthetic demo),daytime,clear,gravel,collector,0
24.7996733,93.9350847,500,52.1,9,13,1,0.3,6502,7.0,1,0,1,1,2025-09-30T13:19:00+05:30,Keishampat Junction area (synthetic demo),daytime,clear,gravel,collector,0
24.7996733,93.9350847,489,35.8,9,12,1,0.2,4250,7.0,1,0,1,1,2025-04-15T12:44:00+05:30,Keishampat Junction area (synthetic demo),daytime,clear,gravel,collector,0
24.7996733,93.9350847,661,16.4,9,12,1,20.3,1249,7.0,1,0,1,1,2025-12-16T12:31:00+05:30,Keishampat Junction area (synthetic demo),daytime,rain,gravel,collector,1
24.7996733,93.9350847,659,20.5,9,12,1,5.7,4012,7.0,1,0,1,1,2025-01-28T13:06:00+05:30,Keishampat Junction area (synthetic demo),daytime,rain,gravel,collector,0
24.7996733,93.9350847,605,27.3,9,12,1,4.0,2048,7.0,1,0,1,1,2025-08-12T13:38:00+05:30,Keishampat Junction area (synthetic demo),daytime,rain,gravel,collector,0
24.7996733,93.9350847,658,46.6,9,12,1,33.6,3072,7.0,1,0,1,1,2025-06-03T13:22:00+05:30,Keishampat Junction area (synthetic demo),daytime,rain,gravel,collector,0
24.7996733,93.9350847,605,21.9,9,13,1,0.5,861,7.0,1,0,1,1,2025-05-27T13:48:00+05:30,Keishampat Junction area (synthetic demo),daytime,fog,gravel,collector,1
24.7996733,93.9350847,464,57.5,9,13,1,0.8,1120,7.0,1,0,1,1,2025-06-03T13:05:00+05:30,Keishampat Junction area (synthetic demo),daytime,fog,gravel,collector,1
24.7996733,93.9350847,554,54.5,9,13,1,0.7,992,7.0,1,0,1,1,2025-04-01T13:54:00+05:30,Keishampat Junction area (synthetic demo),daytime,fog,gravel,collector,0
24.7996733,93.9350847,621,61.6,9,12,1,0.1,1071,7.0,1,0,1,1,2025-09-23T13:21:00+05:30,Keishampat Junction area (synthetic demo),daytime,fog,gravel,collector,1
24.7996733,93.9350847,934,28.3,9,17,1,0.3,7150,7.0,1,0,1,1,2025-03-04T18:51:00+05:30,Keishampat Junction area (synthetic demo),evening_peak,clear,gravel,collector,0
24.7996733,93.9350847,754,32.9,9,18,1,0.2,7733,7.0,1,0,1,1,2025-12-30T17:25:00+05:30,Keishampat Junction area (synthetic demo),evening_peak,clear,gravel,collector,0
24.7996733,93.9350847,675,15.6,9,17,1,0.1,9557,7.0,1,0,1,1,2025-02-11T18:36:00+05:30,Keishampat Junction area (synthetic demo),evening_peak,clear,gravel,collector,0
24.7996733,93.9350847,803,22.2,9,17,1,0.3,5152,7.0,1,0,1,1,2025-04-08T17:24:00+05:30,Keishampat Junction area (synthetic demo),evening_peak,clear,gravel,collector,0
24.7996733,93.9350847,741,51.3,9,17,1,33.4,4523,7.0,1,0,1,1,2025-02-18T18:24:00+05:30,Keishampat Junction area (synthetic demo),evening_peak,rain,gravel,collector,1
24.7996733,93.9350847,749,37.9,9,18,1,5.2,5037,7.0,1,0,1,1,2025-04-01T18:15:00+05:30,Keishampat Junction area (synthetic demo),evening_peak,rain,gravel,collector,0
24.7996733,93.9350847,727,29.5,9,18,1,21.8,1310,7.0,1,0,1,1,2025-11-25T18:26:00+05:30,Keishampat Junction area (synthetic demo),evening_peak,rain,gravel,collector,1
24.7996733,93.9350847,827,16.3,9,18,1,34.6,4129,7.0,1,0,1,1,2025-09-16T18:12:00+05:30,Keishampat Junction area (synthetic demo),evening_peak,rain,gravel,collector,1
24.7996733,93.9350847,944,23.9,9,19,1,0.6,337,7.0,1,0,1,1,2025-11-18T18:13:00+05:30,Keishampat Junction area (synthetic demo),evening_peak,fog,gravel,collector,1
24.7996733,93.9350847,660,55.1,9,17,1,0.4,134,7.0,1,0,1,1,2025-03-25T18:12:00+05:30,Keishampat Junction area (synthetic demo),evening_peak,fog,gravel,collector,1
24.7996733,93.9350847,863,33.4,9,18,1,1.5,497,7.0,1,0,1,1,2025-09-23T17:11:00+05:30,Keishampat Junction area (synthetic demo),evening_peak,fog,gravel,collector,0
24.7996733,93.9350847,948,42.8,9,18,1,0.7,1229,7.0,1,0,1,1,2025-09-09T17:11:00+05:30,Keishampat Junction area (synthetic demo),evening_peak,fog,gravel,collector,1
24.7996733,93.9350847,269,24.8,9,22,1,0.2,5972,7.0,1,0,1,1,2025-11-04T00:02:00+05:30,Keishampat Junction area (synthetic demo),night,clear,gravel,collector,0
24.7996733,93.9350847,195,55.5,9,0,1,0.3,4421,7.0,1,1,1,1,2025-06-24T22:19:00+05:30,Keishampat Junction area (synthetic demo),night,clear,gravel,collector,0
24.7996733,93.9350847,186,12.5,9,22,1,0.3,8035,7.0,1,1,1,1,2025-03-18T23:33:00+05:30,Keishampat Junction area (synthetic demo),night,clear,gravel,collector,1
24.7996733,93.9350847,264,32.0,9,22,1,0.1,8108,7.0,1,1,1,1,2025-12-30T23:17:00+05:30,Keishampat Junction area (synthetic demo),night,clear,gravel,collector,1
24.7996733,93.9350847,207,52.7,9,23,1,23.6,2263,7.0,1,0,1,1,2025-04-01T23:34:00+05:30,Keishampat Junction area (synthetic demo),night,rain,gravel,collector,1
24.7996733,93.9350847,239,58.4,9,23,1,32.7,2395,7.0,1,0,1,1,2025-12-16T22:21:00+05:30,Keishampat Junction area (synthetic demo),night,rain,gravel,collector,1
24.7996733,93.9350847,195,22.4,9,0,1,17.2,3689,7.0,1,0,1,1,2025-04-15T22:08:00+05:30,Keishampat Junction area (synthetic demo),night,rain,gravel,collector,1
24.7996733,93.9350847,204,49.5,9,23,1,30.0,1329,7.0,1,1,1,1,2025-06-03T23:13:00+05:30,Keishampat Junction area (synthetic demo),night,rain,gravel,collector,1
24.7996733,93.9350847,244,12.8,9,0,1,0.3,515,7.0,1,0,1,1,2025-09-02T00:27:00+05:30,Keishampat Junction area (synthetic demo),night,fog,gravel,collector,1
24.7996733,93.9350847,226,26.1,9,23,1,0.6,514,7.0,1,0,1,1,2025-10-21T22:37:00+05:30,Keishampat Junction area (synthetic demo),night,fog,gravel,collector,1
24.7996733,93.9350847,262,64.3,9,0,1,0.8,637,7.0,1,1,1,1,2025-12-09T23:18:00+05:30,Keishampat Junction area (synthetic demo),night,fog,gravel,collector,1
24.7996733,93.9350847,195,16.7,9,23,1,0.5,1622,7.0,1,0,1,1,2025-05-20T23:44:00+05:30,Keishampat Junction area (synthetic demo),night,fog,gravel,collector,1
24.7996733,93.9350847,344,50.4,9,5,2,0.1,7227,7.0,1,0,1,1,2025-11-26T04:12:00+05:30,Keishampat Junction area (synthetic demo),early_morning,clear,gravel,collector,0
24.7996733,93.9350847,291,52.5,9,5,2,0.0,5536,7.0,1,0,1,1,2025-08-13T05:24:00+05:30,Keishampat Junction area (synthetic demo),early_morning,clear,gravel,collector,0
24.7996733,93.9350847,279,20.4,9,4,2,0.4,6274,7.0,1,0,1,1,2025-07-30T05:55:00+05:30,Keishampat Junction area (synthetic demo),early_morning,clear,gravel,collector,0
24.7996733,93.9350847,289,64.4,9,5,2,0.1,5728,7.0,1,0,1,1,2025-03-19T06:37:00+05:30,Keishampat Junction area (synthetic demo),early_morning,clear,gravel,collector,0
24.7996733,93.9350847,276,34.1,9,4,2,4.0,3597,7.0,1,0,1,1,2025-07-09T04:33:00+05:30,Keishampat Junction area (synthetic demo),early_morning,rain,gravel,collector,0
24.7996733,93.9350847,345,33.6,9,6,2,21.2,3093,7.0,1,0,1,1,2025-11-19T06:46:00+05:30,Keishampat Junction area (synthetic demo),early_morning,rain,gravel,collector,0
24.7996733,93.9350847,248,30.7,9,6,2,25.7,2915,7.0,1,0,1,1,2025-03-12T06:23:00+05:30,Keishampat Junction area (synthetic demo),early_morning,rain,gravel,collector,0
24.7996733,93.9350847,297,12.1,9,5,2,25.3,4807,7.0,1,0,1,1,2025-09-17T06:30:00+05:30,Keishampat Junction area (synthetic demo),early_morning,rain,gravel,collector,0
24.7996733,93.9350847,238,31.4,9,4,2,0.2,1137,7.0,1,0,1,1,2025-11-26T04:27:00+05:30,Keishampat Junction area (synthetic demo),early_morning,fog,gravel,collector,0
24.7996733,93.9350847,323,46.8,9,4,2,0.6,1388,7.0,1,0,1,1,2025-09-24T06:34:00+05:30,Keishampat Junction area (synthetic demo),early_morning,fog,gravel,collector,0
24.7996733,93.9350847,236,63.0,9,4,2,1.2,1457,7.0,1,0,1,1,2025-03-26T05:32:00+05:30,Keishampat Junction area (synthetic demo),early_morning,fog,gravel,collector,0
24.7996733,93.9350847,276,14.1,9,5,2,0.1,1732,7.0,1,0,1,1,2025-04-30T06:25:00+05:30,Keishampat Junction area (synthetic demo),early_morning,fog,gravel,collector,0
24.7996733,93.9350847,687,58.7,9,12,2,0.3,4615,7.0,1,0,1,1,2025-04-16T13:25:00+05:30,Keishampat Junction area (synthetic demo),daytime,clear,gravel,collector,0
24.7996733,93.9350847,463,34.7,9,12,2,0.3,4827,7.0,1,0,1,1,2025-08-13T13:15:00+05:30,Keishampat Junction area (synthetic demo),daytime,clear,gravel,collector,0
24.7996733,93.9350847,616,46.5,9,12,2,0.0,4231,7.0,1,0,1,1,2025-09-10T11:03:00+05:30,Keishampat Junction area (synthetic demo),daytime,clear,gravel,collector,0
24.7996733,93.9350847,553,34.1,9,12,2,0.2,6281,7.0,1,0,1,1,2025-04-30T13:06:00+05:30,Keishampat Junction area (synthetic demo),daytime,clear,gravel,collector,0
24.7996733,93.9350847,503,60.4,9,11,2,13.1,2730,7.0,1,0,1,1,2025-11-05T13:15:00+05:30,Keishampat Junction area (synthetic demo),daytime,rain,gravel,collector,0
24.7996733,93.9350847,484,50.8,9,13,2,21.7,1437,7.0,1,0,1,1,2025-12-24T13:28:00+05:30,Keishampat Junction area (synthetic demo),daytime,rain,gravel,collector,1
24.7996733,93.9350847,682,48.7,9,13,2,6.3,5714,7.0,1,0,1,1,2025-05-21T13:59:00+05:30,Keishampat Junction area (synthetic demo),daytime,rain,gravel,collector,0
24.7996733,93.9350847,616,48.5,9,11,2,11.1,3176,7.0,1,0,1,1,2025-07-09T13:57:00+05:30,Keishampat Junction area (synthetic demo),daytime,rain,gravel,collector,0
24.7996733,93.9350847,490,12.2,9,12,2,0.6,820,7.0,1,0,1,1,2025-02-05T11:50:00+05:30,Keishampat Junction area (synthetic demo),daytime,fog,gravel,collector,0
24.7996733,93.9350847,536,39.5,9,12,2,0.7,1396,7.0,1,0,1,1,2025-01-15T13:41:00+05:30,Keishampat Junction area (synthetic demo),daytime,fog,gravel,collector,0
24.7996733,93.9350847,490,49.3,9,13,2,0.4,835,7.0,1,0,1,1,2025-11-12T12:52:00+05:30,Keishampat Junction area (synthetic demo),daytime,fog,gravel,collector,0
24.7996733,93.9350847,521,17.9,9,11,2,1.5,1304,7.0,1,0,1,1,2025-12-24T11:20:00+05:30,Keishampat Junction area (synthetic demo),daytime,fog,gravel,collector,0
24.7996733,93.9350847,862,15.4,9,18,2,0.2,6240,7.0,1,0,1,1,2025-10-15T17:31:00+05:30,Keishampat Junction area (synthetic demo),evening_peak,clear,gravel,collector,0
24.7996733,93.9350847,743,40.6,9,17,2,0.4,4616,7.0,1,0,1,1,2025-09-24T17:40:00+05:30,Keishampat Junction area (synthetic demo),evening_peak,clear,gravel,collector,0
24.7996733,93.9350847,852,34.6,9,17,2,0.2,4236,7.0,1,0,1,1,2025-09-17T17:33:00+05:30,Keishampat Junction area (synthetic demo),evening_peak,clear,gravel,collector,0
24.7996733,93.9350847,864,59.0,9,19,2,0.4,6854,7.0,1,0,1,1,2025-10-08T18:05:00+05:30,Keishampat Junction area (synthetic demo),evening_peak,clear,gravel,collector,0
24.7996733,93.9350847,707,16.9,9,19,2,9.3,3809,7.0,1,0,1,1,2025-04-30T17:00:00+05:30,Keishampat Junction area (synthetic demo),evening_peak,rain,gravel,collector,0
24.7996733,93.9350847,899,59.6,9,17,2,30.9,3596,7.0,1,0,1,1,2025-08-13T19:05:00+05:30,Keishampat Junction area (synthetic demo),evening_peak,rain,gravel,collector,1
24.7996733,93.9350847,757,40.4,9,17,2,7.9,5165,7.0,1,0,1,1,2025-06-04T18:30:00+05:30,Keishampat Junction area (synthetic demo),evening_peak,rain,gravel,collector,0
24.7996733,93.9350847,797,36.1,9,18,2,20.3,2883,7.0,1,0,1,1,2025-05-21T17:35:00+05:30,Keishampat Junction area (synthetic demo),evening_peak,rain,gravel,collector,0
24.7996733,93.9350847,742,44.7,9,18,2,1.1,1485,7.0,1,0,1,1,2025-11-05T18:10:00+05:30,Keishampat Junction area (synthetic demo),evening_peak,fog,gravel,collector,0
24.7996733,93.9350847,668,39.9,9,19,2,0.4,1114,7.0,1,0,1,1,2025-10-29T19:42:00+05:30,Keishampat Junction area (synthetic demo),evening_peak,fog,gravel,collector,0
24.7996733,93.9350847,653,29.0,9,18,2,1.0,832,7.0,1,0,1,1,2025-03-19T18:32:00+05:30,Keishampat Junction area (synthetic demo),evening_peak,fog,gravel,collector,0
24.7996733,93.9350847,788,19.9,9,19,2,0.1,1189,7.0,1,0,1,1,2025-01-01T17:53:00+05:30,Keishampat Junction area (synthetic demo),evening_peak,fog,gravel,collector,1
24.7996733,93.9350847,230,35.5,9,22,2,0.1,7142,7.0,1,1,1,1,2025-04-16T22:13:00+05:30,Keishampat Junction area (synthetic demo),night,clear,gravel,collector,1
24.7996733,93.9350847,182,31.7,9,23,2,0.1,4958,7.0,1,0,1,1,2025-01-29T23:09:00+05:30,Keishampat Junction area (synthetic demo),night,clear,gravel,collector,0
24.7996733,93.9350847,230,54.7,9,23,2,0.3,7668,7.0,1,0,1,1,2025-06-25T22:31:00+05:30,Keishampat Junction area (synthetic demo),night,clear,gravel,collector,0
24.7996733,93.9350847,221,24.5,9,23,2,0.5,7246,7.0,1,0,1,1,2025-09-10T23:39:00+05:30,Keishampat Junction area (synthetic demo),night,clear,gravel,collector,0
24.7996733,93.9350847,202,24.9,9,0,2,26.4,2693,7.0,1,0,1,1,2025-10-29T23:31:00+05:30,Keishampat Junction area (synthetic demo),night,rain,gravel,collector,1
24.7996733,93.9350847,234,53.7,9,0,2,31.2,3950,7.0,1,1,1,1,2025-12-24T00:40:00+05:30,Keishampat Junction area (synthetic demo),night,rain,gravel,collector,1
24.7996733,93.9350847,225,39.2,9,22,2,14.9,5331,7.0,1,1,1,1,2025-12-31T22:46:00+05:30,Keishampat Junction area (synthetic demo),night,rain,gravel,collector,1
24.7996733,93.9350847,227,41.9,9,0,2,28.0,910,7.0,1,0,1,1,2025-05-14T00:35:00+05:30,Keishampat Junction area (synthetic demo),night,rain,gravel,collector,1
24.7996733,93.9350847,256,47.2,9,23,2,1.0,375,7.0,1,0,1,1,2025-12-17T23:45:00+05:30,Keishampat Junction area (synthetic demo),night,fog,gravel,collector,1
24.7996733,93.9350847,208,45.3,9,0,2,0.4,480,7.0,1,1,1,1,2025-09-10T00:21:00+05:30,Keishampat Junction area (synthetic demo),night,fog,gravel,collector,1
24.7996733,93.9350847,207,46.2,9,23,2,0.7,368,7.0,1,0,1,1,2025-05-07T23:26:00+05:30,Keishampat Junction area (synthetic demo),night,fog,gravel,collector,1
24.7996733,93.9350847,267,42.1,9,0,2,0.7,643,7.0,1,0,1,1,2025-07-30T23:42:00+05:30,Keishampat Junction area (synthetic demo),night,fog,gravel,collector,1
24.7996733,93.9350847,303,42.9,9,5,3,0.5,9019,7.0,1,0,1,1,2025-09-18T06:43:00+05:30,Keishampat Junction area (synthetic demo),early_morning,clear,gravel,collector,0
24.7996733,93.9350847,231,29.8,9,6,3,0.2,7728,7.0,1,0,1,1,2025-06-26T04:08:00+05:30,Keishampat Junction area (synthetic demo),early_morning,clear,gravel,collector,0
24.7996733,93.9350847,329,39.3,9,5,3,0.4,8552,7.0,1,0,1,1,2025-10-09T04:51:00+05:30,Keishampat Junction area (synthetic demo),early_morning,clear,gravel,collector,0
24.7996733,93.9350847,261,62.9,9,5,3,0.1,4426,7.0,1,0,1,1,2025-02-13T04:41:00+05:30,Keishampat Junction area (synthetic demo),early_morning,clear,gravel,collector,0
24.7996733,93.9350847,269,45.9,9,6,3,22.1,1778,7.0,1,0,1,1,2025-05-01T05:41:00+05:30,Keishampat Junction area (synthetic demo),early_morning,rain,gravel,collector,0
24.7996733,93.9350847,279,38.9,9,5,3,5.0,4207,7.0,1,0,1,1,2025-01-30T04:49:00+05:30,Keishampat Junction area (synthetic demo),early_morning,rain,gravel,collector,0
24.7996733,93.9350847,273,18.4,9,5,3,7.4,2478,7.0,1,0,1,1,2025-08-28T06:20:00+05:30,Keishampat Junction area (synthetic demo),early_morning,rain,gravel,collector,0
24.7996733,93.9350847,233,13.7,9,5,3,14.8,996,7.0,1,0,1,1,2025-12-18T04:07:00+05:30,Keishampat Junction area (synthetic demo),early_morning,rain,gravel,collector,1
24.7996733,93.9350847,275,19.1,9,4,3,0.7,203,7.0,1,0,1,1,2025-02-20T06:02:00+05:30,Keishampat Junction area (synthetic demo),early_morning,fog,gravel,collector,0
24.7996733,93.9350847,247,49.5,9,6,3,0.6,1724,7.0,1,0,1,1,2025-01-16T06:18:00+05:30,Keishampat Junction area (synthetic demo),early_morning,fog,gravel,collector,0
24.7996733,93.9350847,314,42.8,9,4,3,1.5,335,7.0,1,0,1,1,2025-12-25T05:12:00+05:30,Keishampat Junction area (synthetic demo),early_morning,fog,gravel,collector,0
24.7996733,93.9350847,239,38.4,9,4,3,1.4,1623,7.0,1,0,1,1,2025-09-25T05:46:00+05:30,Keishampat Junction area (synthetic demo),early_morning,fog,gravel,collector,0
24.7996733,93.9350847,685,34.1,9,13,3,0.3,8874,7.0,1,0,1,1,2025-02-06T13:06:00+05:30,Keishampat Junction area (synthetic demo),daytime,clear,gravel,collector,0
24.7996733,93.9350847,462,19.4,9,11,3,0.3,9438,7.0,1,0,1,1,2025-01-09T13:56:00+05:30,Keishampat Junction area (synthetic demo),daytime,clear,gravel,collector,0
24.7996733,93.9350847,515,46.2,9,11,3,0.0,6290,7.0,1,0,1,1,2025-03-13T13:19:00+05:30,Keishampat Junction area (synthetic demo),daytime,clear,gravel,collector,0
24.7996733,93.9350847,573,50.8,9,12,3,0.1,4164,7.0,1,0,1,1,2025-03-20T12:30:00+05:30,Keishampat Junction area (synthetic demo),daytime,clear,gravel,collector,0
24.7996733,93.9350847,483,12.9,9,13,3,13.6,1019,7.0,1,0,1,1,2025-01-23T12:14:00+05:30,Keishampat Junction area (synthetic demo),daytime,rain,gravel,collector,1
24.7996733,93.9350847,644,47.7,9,13,3,4.7,5874,7.0,1,0,1,1,2025-02-27T11:03:00+05:30,Keishampat Junction area (synthetic demo),daytime,rain,gravel,collector,0
24.7996733,93.9350847,605,61.6,9,11,3,7.9,2097,7.0,1,0,1,1,2025-05-29T11:46:00+05:30,Keishampat Junction area (synthetic demo),daytime,rain,gravel,collector,0
24.7996733,93.9350847,644,18.1,9,11,3,24.9,1493,7.0,1,0,1,1,2025-04-17T12:45:00+05:30,Keishampat Junction area (synthetic demo),daytime,rain,gravel,collector,1
24.7996733,93.9350847,557,42.2,9,11,3,1.5,904,7.0,1,0,1,1,2025-04-10T12:27:00+05:30,Keishampat Junction area (synthetic demo),daytime,fog,gravel,collector,0
24.7996733,93.9350847,562,45.1,9,12,3,1.4,1307,7.0,1,0,1,1,2025-12-18T11:02:00+05:30,Keishampat Junction area (synthetic demo),daytime,fog,gravel,collector,0
24.7996733,93.9350847,626,54.1,9,13,3,0.1,825,7.0,1,0,1,1,2025-09-18T11:05:00+05:30,Keishampat Junction area (synthetic demo),daytime,fog,gravel,collector,0
24.7996733,93.9350847,501,30.2,9,11,3,0.8,196,7.0,1,0,1,1,2025-08-21T13:54:00+05:30,Keishampat Junction area (synthetic demo),daytime,fog,gravel,collector,1
24.7996733,93.9350847,821,17.4,9,17,3,0.5,6136,7.0,1,0,1,1,2025-12-11T18:52:00+05:30,Keishampat Junction area (synthetic demo),evening_peak,clear,gravel,collector,0
24.7996733,93.9350847,954,22.1,9,19,3,0.3,9770,7.0,1,0,1,1,2025-05-01T18:18:00+05:30,Keishampat Junction area (synthetic demo),evening_peak,clear,gravel,collector,0
24.7996733,93.9350847,707,55.6,9,19,3,0.0,7166,7.0,1,0,1,1,2025-07-24T19:28:00+05:30,Keishampat Junction area (synthetic demo),evening_peak,clear,gravel,collector,0
24.7996733,93.9350847,789,12.6,9,17,3,0.0,7710,7.0,1,0,1,1,2025-03-20T18:45:00+05:30,Keishampat Junction area (synthetic demo),evening_peak,clear,gravel,collector,0
24.7996733,93.9350847,827,39.8,9,18,3,21.8,5708,7.0,1,0,1,1,2025-04-17T19:14:00+05:30,Keishampat Junction area (synthetic demo),evening_peak,rain,gravel,collector,0
24.7996733,93.9350847,805,60.7,9,18,3,23.3,4289,7.0,1,0,1,1,2025-06-05T18:26:00+05:30,Keishampat Junction area (synthetic demo),evening_peak,rain,gravel,collector,0
24.7996733,93.9350847,676,24.2,9,19,3,7.1,2763,7.0,1,0,1,1,2025-07-31T17:27:00+05:30,Keishampat Junction area (synthetic demo),evening_peak,rain,gravel,collector,0
24.7996733,93.9350847,727,19.2,9,17,3,22.3,5493,7.0,1,0,1,1,2025-11-27T17:48:00+05:30,Keishampat Junction area (synthetic demo),evening_peak,rain,gravel,collector,0
24.7996733,93.9350847,877,58.4,9,18,3,0.5,773,7.0,1,0,1,1,2025-03-06T18:10:00+05:30,Keishampat Junction area (synthetic demo),evening_peak,fog,gravel,collector,1
24.7996733,93.9350847,848,14.3,9,19,3,0.3,683,7.0,1,0,1,1,2025-04-24T18:41:00+05:30,Keishampat Junction area (synthetic demo),evening_peak,fog,gravel,collector,1
24.7996733,93.9350847,954,27.4,9,18,3,1.5,1071,7.0,1,0,1,1,2025-11-20T17:02:00+05:30,Keishampat Junction area (synthetic demo),evening_peak,fog,gravel,collector,0
24.7996733,93.9350847,659,35.2,9,19,3,1.1,1495,7.0,1,0,1,1,2025-04-10T18:48:00+05:30,Keishampat Junction area (synthetic demo),evening_peak,fog,gravel,collector,0
24.7996733,93.9350847,217,18.5,9,0,3,0.3,9382,7.0,1,0,1,1,2025-04-10T22:59:00+05:30,Keishampat Junction area (synthetic demo),night,clear,gravel,collector,0
24.7996733,93.9350847,208,52.0,9,0,3,0.1,4998,7.0,1,1,1,1,2025-05-29T22:42:00+05:30,Keishampat Junction area (synthetic demo),night,clear,gravel,collector,1
24.7996733,93.9350847,243,39.0,9,0,3,0.0,9452,7.0,1,1,1,1,2025-07-24T22:41:00+05:30,Keishampat Junction area (synthetic demo),night,clear,gravel,collector,1
24.7996733,93.9350847,181,36.0,9,0,3,0.2,4608,7.0,1,1,1,1,2025-07-24T00:01:00+05:30,Keishampat Junction area (synthetic demo),night,clear,gravel,collector,0
24.7996733,93.9350847,237,28.0,9,23,3,16.9,5331,7.0,1,1,1,1,2025-07-10T00:05:00+05:30,Keishampat Junction area (synthetic demo),night,rain,gravel,collector,1
24.7996733,93.9350847,224,60.0,9,22,3,34.4,2160,7.0,1,0,1,1,2025-08-07T23:45:00+05:30,Keishampat Junction area (synthetic demo),night,rain,gravel,collector,1
24.7996733,93.9350847,182,21.1,9,0,3,7.2,3979,7.0,1,1,1,1,2025-07-24T22:30:00+05:30,Keishampat Junction area (synthetic demo),night,rain,gravel,collector,1
24.7996733,93.9350847,184,26.6,9,22,3,20.5,1496,7.0,1,0,1,1,2025-04-10T22:40:00+05:30,Keishampat Junction area (synthetic demo),night,rain,gravel,collector,1
24.7996733,93.9350847,231,60.4,9,22,3,0.4,1116,7.0,1,1,1,1,2025-07-10T23:02:00+05:30,Keishampat Junction area (synthetic demo),night,fog,gravel,collector,1
24.7996733,93.9350847,202,33.3,9,0,3,1.3,1355,7.0,1,0,1,1,2025-09-25T22:08:00+05:30,Keishampat Junction area (synthetic demo),night,fog,gravel,collector,1
24.7996733,93.9350847,253,56.3,9,22,3,1.1,418,7.0,1,1,1,1,2025-01-02T00:21:00+05:30,Keishampat Junction area (synthetic demo),night,fog,gravel,collector,1
24.7996733,93.9350847,249,59.1,9,0,3,1.1,1193,7.0,1,0,1,1,2025-03-13T00:38:00+05:30,Keishampat Junction area (synthetic demo),night,fog,gravel,collector,1
24.7996733,93.9350847,253,14.0,9,5,4,0.2,9480,7.0,1,0,1,1,2025-04-25T04:03:00+05:30,Keishampat Junction area (synthetic demo),early_morning,clear,gravel,collector,0
24.7996733,93.9350847,334,48.8,9,6,4,0.4,7964,7.0,1,0,1,1,2025-11-14T06:00:00+05:30,Keishampat Junction area (synthetic demo),early_morning,clear,gravel,collector,0
24.7996733,93.9350847,325,41.0,9,5,4,0.5,4587,7.0,1,0,1,1,2025-10-17T04:05:00+05:30,Keishampat Junction area (synthetic demo),early_morning,clear,gravel,collector,0
24.7996733,93.9350847,255,61.0,9,4,4,0.4,4944,7.0,1,0,1,1,2025-03-21T05:48:00+05:30,Keishampat Junction area (synthetic demo),early_morning,clear,gravel,collector,0
24.7996733,93.9350847,253,15.8,9,5,4,16.1,4515,7.0,1,0,1,1,2025-08-29T04:52:00+05:30,Keishampat Junction area (synthetic demo),early_morning,rain,gravel,collector,0
24.7996733,93.9350847,310,50.1,9,5,4,8.9,2996,7.0,1,0,1,1,2025-08-01T04:11:00+05:30,Keishampat Junction area (synthetic demo),early_morning,rain,gravel,collector,0
24.7996733,93.9350847,313,54.8,9,5,4,24.8,591,7.0,1,0,1,1,2025-05-09T04:36:00+05:30,Keishampat Junction area (synthetic demo),early_morning,rain,gravel,collector,1
24.7996733,93.9350847,317,58.9,9,6,4,22.1,2418,7.0,1,0,1,1,2025-09-05T04:36:00+05:30,Keishampat Junction area (synthetic demo),early_morning,rain,gravel,collector,0
24.7996733,93.9350847,321,42.2,9,6,4,1.0,1473,7.0,1,0,1,1,2025-10-31T06:11:00+05:30,Keishampat Junction area (synthetic demo),early_morning,fog,gravel,collector,0
24.7996733,93.9350847,263,64.6,9,6,4,0.4,921,7.0,1,0,1,1,2025-10-31T05:03:00+05:30,Keishampat Junction area (synthetic demo),early_morning,fog,gravel,collector,0
24.7996733,93.9350847,296,58.1,9,6,4,0.2,1150,7.0,1,0,1,1,2025-10-17T05:53:00+05:30,Keishampat Junction area (synthetic demo),early_morning,fog,gravel,collector,0
24.7996733,93.9350847,314,44.6,9,5,4,1.3,763,7.0,1,0,1,1,2025-01-31T05:08:00+05:30,Keishampat Junction area (synthetic demo),early_morning,fog,gravel,collector,0
24.7996733,93.9350847,601,30.1,9,13,4,0.5,7420,7.0,1,0,1,1,2025-11-07T13:50:00+05:30,Keishampat Junction area (synthetic demo),daytime,clear,gravel,collector,0
24.7996733,93.9350847,637,26.9,9,12,4,0.4,4330,7.0,1,0,1,1,2025-07-25T11:43:00+05:30,Keishampat Junction area (synthetic demo),daytime,clear,gravel,collector,0
24.7996733,93.9350847,516,60.7,9,12,4,0.3,4244,7.0,1,0,1,1,2025-03-28T12:17:00+05:30,Keishampat Junction area (synthetic demo),daytime,clear,gravel,collector,0
24.7996733,93.9350847,500,23.2,9,13,4,0.3,7291,7.0,1,0,1,1,2025-12-19T13:56:00+05:30,Keishampat Junction area (synthetic demo),daytime,clear,gravel,collector,0
24.7996733,93.9350847,590,59.8,9,13,4,14.4,4067,7.0,1,0,1,1,2025-11-28T11:44:00+05:30,Keishampat Junction area (synthetic demo),daytime,rain,gravel,collector,0
24.7996733,93.9350847,652,50.8,9,11,4,26.7,3384,7.0,1,0,1,1,2025-01-17T12:26:00+05:30,Keishampat Junction area (synthetic demo),daytime,rain,gravel,collector,0
24.7996733,93.9350847,555,46.1,9,12,4,23.4,1814,7.0,1,0,1,1,2025-02-07T12:19:00+05:30,Keishampat Junction area (synthetic demo),daytime,rain,gravel,collector,1
24.7996733,93.9350847,651,32.1,9,13,4,3.7,2346,7.0,1,0,1,1,2025-09-12T12:56:00+05:30,Keishampat Junction area (synthetic demo),daytime,rain,gravel,collector,0
24.7996733,93.9350847,543,42.4,9,11,4,0.7,640,7.0,1,0,1,1,2025-04-04T13:36:00+05:30,Keishampat Junction area (synthetic demo),daytime,fog,gravel,collector,0
24.7996733,93.9350847,575,18.5,9,13,4,0.0,1675,7.0,1,0,1,1,2025-01-17T13:42:00+05:30,Keishampat Junction area (synthetic demo),daytime,fog,gravel,collector,0
24.7996733,93.9350847,521,64.1,9,11,4,1.4,961,7.0,1,0,1,1,2025-04-18T12:59:00+05:30,Keishampat Junction area (synthetic demo),daytime,fog,gravel,collector,0
24.7996733,93.9350847,616,38.5,9,13,4,0.2,1734,7.0,1,0,1,1,2025-07-11T11:34:00+05:30,Keishampat Junction area (synthetic demo),daytime,fog,gravel,collector,0
24.7996733,93.9350847,760,40.5,9,17,4,0.1,9828,7.0,1,0,1,1,2025-07-25T17:44:00+05:30,Keishampat Junction area (synthetic demo),evening_peak,clear,gravel,collector,0
24.7996733,93.9350847,937,61.9,9,17,4,0.5,8082,7.0,1,0,1,1,2025-04-11T18:57:00+05:30,Keishampat Junction area (synthetic demo),evening_peak,clear,gravel,collector,0
24.7996733,93.9350847,879,29.6,9,17,4,0.4,8926,7.0,1,0,1,1,2025-06-06T17:29:00+05:30,Keishampat Junction area (synthetic demo),evening_peak,clear,gravel,collector,0
24.7996733,93.9350847,786,49.1,9,17,4,0.1,4197,7.0,1,0,1,1,2025-01-10T18:56:00+05:30,Keishampat Junction area (synthetic demo),evening_peak,clear,gravel,collector,0
24.7996733,93.9350847,682,12.2,9,17,4,4.4,962,7.0,1,0,1,1,2025-10-10T17:35:00+05:30,Keishampat Junction area (synthetic demo),evening_peak,rain,gravel,collector,1
24.7996733,93.9350847,950,34.9,9,17,4,34.5,3793,7.0,1,0,1,1,2025-12-26T18:36:00+05:30,Keishampat Junction area (synthetic demo),evening_peak,rain,gravel,collector,1
24.7996733,93.9350847,704,62.5,9,18,4,24.6,4214,7.0,1,0,1,1,2025-07-11T17:23:00+05:30,Keishampat Junction area (synthetic demo),evening_peak,rain,gravel,collector,1
24.7996733,93.9350847,934,45.1,9,18,4,34.4,1439,7.0,1,0,1,1,2025-08-08T19:53:00+05:30,Keishampat Junction area (synthetic demo),evening_peak,rain,gravel,collector,1
24.7996733,93.9350847,813,38.2,9,18,4,1.1,1389,7.0,1,0,1,1,2025-07-18T17:39:00+05:30,Keishampat Junction area (synthetic demo),evening_peak,fog,gravel,collector,0
24.7996733,93.9350847,868,63.1,9,18,4,0.9,1131,7.0,1,0,1,1,2025-02-07T19:01:00+05:30,Keishampat Junction area (synthetic demo),evening_peak,fog,gravel,collector,1
24.7996733,93.9350847,769,26.8,9,19,4,0.8,1145,7.0,1,0,1,1,2025-02-28T17:29:00+05:30,Keishampat Junction area (synthetic demo),evening_peak,fog,gravel,collector,0
24.7996733,93.9350847,959,40.4,9,19,4,1.5,1027,7.0,1,0,1,1,2025-10-31T17:10:00+05:30,Keishampat Junction area (synthetic demo),evening_peak,fog,gravel,collector,0
24.7996733,93.9350847,195,51.6,9,22,4,0.2,8748,7.0,1,0,1,1,2025-08-01T22:40:00+05:30,Keishampat Junction area (synthetic demo),night,clear,gravel,collector,0
24.7996733,93.9350847,188,32.1,9,23,4,0.3,6737,7.0,1,1,1,1,2025-10-24T22:54:00+05:30,Keishampat Junction area (synthetic demo),night,clear,gravel,collector,0
24.7996733,93.9350847,217,56.3,9,23,4,0.0,7052,7.0,1,0,1,1,2025-08-15T22:01:00+05:30,Keishampat Junction area (synthetic demo),night,clear,gravel,collector,0
24.7996733,93.9350847,249,21.1,9,0,4,0.4,7016,7.0,1,0,1,1,2025-04-11T00:44:00+05:30,Keishampat Junction area (synthetic demo),night,clear,gravel,collector,0
24.7996733,93.9350847,246,16.7,9,0,4,22.4,638,7.0,1,0,1,1,2025-03-07T00:20:00+05:30,Keishampat Junction area (synthetic demo),night,rain,gravel,collector,1
24.7996733,93.9350847,204,30.0,9,0,4,7.0,4097,7.0,1,0,1,1,2025-01-10T00:44:00+05:30,Keishampat Junction area (synthetic demo),night,rain,gravel,collector,0
24.7996733,93.9350847,199,55.7,9,22,4,20.5,3885,7.0,1,0,1,1,2025-12-19T00:16:00+05:30,Keishampat Junction area (synthetic demo),night,rain,gravel,collector,0
24.7996733,93.9350847,244,32.9,9,0,4,14.2,1459,7.0,1,1,1,1,2025-03-07T00:04:00+05:30,Keishampat Junction area (synthetic demo),night,rain,gravel,collector,1
24.7996733,93.9350847,258,46.7,9,0,4,0.1,553,7.0,1,0,1,1,2025-12-19T22:53:00+05:30,Keishampat Junction area (synthetic demo),night,fog,gravel,collector,1
24.7996733,93.9350847,189,12.7,9,23,4,1.0,414,7.0,1,1,1,1,2025-12-12T00:47:00+05:30,Keishampat Junction area (synthetic demo),night,fog,gravel,collector,1
24.7996733,93.9350847,247,34.0,9,0,4,0.3,797,7.0,1,0,1,1,2025-05-02T22:43:00+05:30,Keishampat Junction area (synthetic demo),night,fog,gravel,collector,1
24.7996733,93.9350847,220,37.7,9,0,4,0.1,1213,7.0,1,1,1,1,2025-02-21T00:11:00+05:30,Keishampat Junction area (synthetic demo),night,fog,gravel,collector,1
24.7996733,93.9350847,332,17.8,9,6,5,0.3,9327,7.0,1,0,1,1,2025-09-20T04:42:00+05:30,Keishampat Junction area (synthetic demo),early_morning,clear,gravel,collector,0
24.7996733,93.9350847,246,24.8,9,5,5,0.2,9645,7.0,1,0,1,1,2025-11-22T06:45:00+05:30,Keishampat Junction area (synthetic demo),early_morning,clear,gravel,collector,0
24.7996733,93.9350847,330,29.5,9,4,5,0.2,5863,7.0,1,0,1,1,2025-08-09T05:30:00+05:30,Keishampat Junction area (synthetic demo),early_morning,clear,gravel,collector,0
24.7996733,93.9350847,321,52.4,9,4,5,0.5,9799,7.0,1,0,1,1,2025-08-16T06:17:00+05:30,Keishampat Junction area (synthetic demo),early_morning,clear,gravel,collector,0
24.7996733,93.9350847,242,48.7,9,4,5,8.9,2524,7.0,1,0,1,1,2025-06-21T04:31:00+05:30,Keishampat Junction area (synthetic demo),early_morning,rain,gravel,collector,0
24.7996733,93.9350847,342,16.2,9,4,5,19.8,2620,7.0,1,0,1,1,2025-12-27T04:21:00+05:30,Keishampat Junction area (synthetic demo),early_morning,rain,gravel,collector,0
24.7996733,93.9350847,316,63.2,9,5,5,23.1,5279,7.0,1,0,1,1,2025-08-23T05:20:00+05:30,Keishampat Junction area (synthetic demo),early_morning,rain,gravel,collector,0
24.7996733,93.9350847,273,42.2,9,6,5,14.3,1349,7.0,1,0,1,1,2025-05-24T06:29:00+05:30,Keishampat Junction area (synthetic demo),early_morning,rain,gravel,collector,0
24.7996733,93.9350847,302,38.7,9,4,5,0.7,1513,7.0,1,0,1,1,2025-11-29T04:41:00+05:30,Keishampat Junction area (synthetic demo),early_morning,fog,gravel,collector,0
24.7996733,93.9350847,235,12.8,9,5,5,0.8,452,7.0,1,0,1,1,2025-02-01T04:30:00+05:30,Keishampat Junction area (synthetic demo),early_morning,fog,gravel,collector,0
24.7996733,93.9350847,294,36.3,9,5,5,1.1,1115,7.0,1,0,1,1,2025-11-01T05:03:00+05:30,Keishampat Junction area (synthetic demo),early_morning,fog,gravel,collector,0
24.7996733,93.9350847,310,20.4,9,4,5,0.4,455,7.0,1,0,1,1,2025-10-04T06:47:00+05:30,Keishampat Junction area (synthetic demo),early_morning,fog,gravel,collector,0
24.7996733,93.9350847,635,64.9,9,12,5,0.0,7234,7.0,1,0,1,1,2025-06-21T11:52:00+05:30,Keishampat Junction area (synthetic demo),daytime,clear,gravel,collector,0
24.7996733,93.9350847,596,61.5,9,11,5,0.2,6723,7.0,1,0,1,1,2025-05-24T11:11:00+05:30,Keishampat Junction area (synthetic demo),daytime,clear,gravel,collector,0
24.7996733,93.9350847,616,46.1,9,12,5,0.2,6339,7.0,1,0,1,1,2025-05-24T12:23:00+05:30,Keishampat Junction area (synthetic demo),daytime,clear,gravel,collector,0
24.7996733,93.9350847,468,14.7,9,12,5,0.1,5697,7.0,1,0,1,1,2025-09-20T12:54:00+05:30,Keishampat Junction area (synthetic demo),daytime,clear,gravel,collector,0
24.7996733,93.9350847,566,56.1,9,12,5,24.4,1456,7.0,1,0,1,1,2025-09-13T12:55:00+05:30,Keishampat Junction area (synthetic demo),daytime,rain,gravel,collector,1
24.7996733,93.9350847,525,53.2,9,13,5,13.6,4209,7.0,1,0,1,1,2025-11-29T11:12:00+05:30,Keishampat Junction area (synthetic demo),daytime,rain,gravel,collector,0
24.7996733,93.9350847,546,19.1,9,13,5,17.5,1634,7.0,1,0,1,1,2025-02-15T12:26:00+05:30,Keishampat Junction area (synthetic demo),daytime,rain,gravel,collector,0
24.7996733,93.9350847,636,32.5,9,11,5,11.6,2788,7.0,1,0,1,1,2025-05-24T11:18:00+05:30,Keishampat Junction area (synthetic demo),daytime,rain,gravel,collector,0
24.7996733,93.9350847,515,21.6,9,12,5,0.9,1367,7.0,1,0,1,1,2025-07-05T12:14:00+05:30,Keishampat Junction area (synthetic demo),daytime,fog,gravel,collector,0
24.7996733,93.9350847,638,57.5,9,11,5,1.0,1435,7.0,1,0,1,1,2025-02-01T13:20:00+05:30,Keishampat Junction area (synthetic demo),daytime,fog,gravel,collector,0
24.7996733,93.9350847,507,27.5,9,11,5,0.4,934,7.0,1,0,1,1,2025-08-09T12:33:00+05:30,Keishampat Junction area (synthetic demo),daytime,fog,gravel,collector,0
24.7996733,93.9350847,509,22.8,9,13,5,1.3,295,7.0,1,0,1,1,2025-10-25T11:26:00+05:30,Keishampat Junction area (synthetic demo),daytime,fog,gravel,collector,0
24.7996733,93.9350847,914,19.7,9,17,5,0.2,5372,7.0,1,0,1,1,2025-04-26T18:16:00+05:30,Keishampat Junction area (synthetic demo),evening_peak,clear,gravel,collector,0
24.7996733,93.9350847,688,63.0,9,18,5,0.1,5573,7.0,1,0,1,1,2025-09-06T18:24:00+05:30,Keishampat Junction area (synthetic demo),evening_peak,clear,gravel,collector,0
24.7996733,93.9350847,712,34.9,9,18,5,0.1,8816,7.0,1,0,1,1,2025-09-27T17:57:00+05:30,Keishampat Junction area (synthetic demo),evening_peak,clear,gravel,collector,0
24.7996733,93.9350847,810,52.0,9,17,5,0.2,9477,7.0,1,0,1,1,2025-07-19T18:49:00+05:30,Keishampat Junction area (synthetic demo),evening_peak,clear,gravel,collector,0
24.7996733,93.9350847,867,25.6,9,17,5,21.2,5056,7.0,1,0,1,1,2025-05-24T19:25:00+05:30,Keishampat Junction area (synthetic demo),evening_peak,rain,gravel,collector,0
24.7996733,93.9350847,879,33.4,9,19,5,3.8,720,7.0,1,0,1,1,2025-11-15T19:45:00+05:30,Keishampat Junction area (synthetic demo),evening_peak,rain,gravel,collector,0
24.7996733,93.9350847,904,51.7,9,19,5,7.6,3333,7.0,1,0,1,1,2025-01-04T17:49:00+05:30,Keishampat Junction area (synthetic demo),evening_peak,rain,gravel,collector,0
24.7996733,93.9350847,736,41.7,9,18,5,32.9,5337,7.0,1,0,1,1,2025-03-29T19:25:00+05:30,Keishampat Junction area (synthetic demo),evening_peak,rain,gravel,collector,1
24.7996733,93.9350847,753,46.2,9,17,5,1.4,449,7.0,1,0,1,1,2025-01-25T19:36:00+05:30,Keishampat Junction area (synthetic demo),evening_peak,fog,gravel,collector,0
24.7996733,93.9350847,732,39.8,9,17,5,1.4,1371,7.0,1,0,1,1,2025-07-26T19:30:00+05:30,Keishampat Junction area (synthetic demo),evening_peak,fog,gravel,collector,0
24.7996733,93.9350847,641,12.3,9,17,5,1.3,1411,7.0,1,0,1,1,2025-07-05T17:04:00+05:30,Keishampat Junction area (synthetic demo),evening_peak,fog,gravel,collector,0
24.7996733,93.9350847,906,35.2,9,18,5,0.1,298,7.0,1,0,1,1,2025-03-01T17:07:00+05:30,Keishampat Junction area (synthetic demo),evening_peak,fog,gravel,collector,1
24.7996733,93.9350847,192,45.1,9,22,5,0.3,5695,7.0,1,0,1,1,2025-12-20T23:36:00+05:30,Keishampat Junction area (synthetic demo),night,clear,gravel,collector,0
24.7996733,93.9350847,248,19.6,9,22,5,0.2,6731,7.0,1,1,1,1,2025-03-22T22:44:00+05:30,Keishampat Junction area (synthetic demo),night,clear,gravel,collector,1
24.7996733,93.9350847,209,24.7,9,22,5,0.2,4959,7.0,1,0,1,1,2025-11-08T23:23:00+05:30,Keishampat Junction area (synthetic demo),night,clear,gravel,collector,0
24.7996733,93.9350847,201,14.7,9,22,5,0.5,7571,7.0,1,0,1,1,2025-03-08T22:29:00+05:30,Keishampat Junction area (synthetic demo),night,clear,gravel,collector,0
24.7996733,93.9350847,206,17.0,9,0,5,15.5,1835,7.0,1,0,1,1,2025-02-01T23:08:00+05:30,Keishampat Junction area (synthetic demo),night,rain,gravel,collector,1
24.7996733,93.9350847,222,14.9,9,22,5,26.1,1878,7.0,1,1,1,1,2025-06-21T23:41:00+05:30,Keishampat Junction area (synthetic demo),night,rain,gravel,collector,1
24.7996733,93.9350847,234,27.2,9,22,5,4.3,4551,7.0,1,0,1,1,2025-07-26T23:12:00+05:30,Keishampat Junction area (synthetic demo),night,rain,gravel,collector,0
24.7996733,93.9350847,213,40.0,9,23,5,9.2,2187,7.0,1,0,1,1,2025-04-26T23:28:00+05:30,Keishampat Junction area (synthetic demo),night,rain,gravel,collector,1
24.7996733,93.9350847,261,48.9,9,22,5,0.5,968,7.0,1,0,1,1,2025-10-25T23:42:00+05:30,Keishampat Junction area (synthetic demo),night,fog,gravel,collector,1
24.7996733,93.9350847,222,44.7,9,0,5,0.6,573,7.0,1,1,1,1,2025-10-04T22:14:00+05:30,Keishampat Junction area (synthetic demo),night,fog,gravel,collector,1
24.7996733,93.9350847,222,50.2,9,22,5,0.5,600,7.0,1,1,1,1,2025-02-01T23:25:00+05:30,Keishampat Junction area (synthetic demo),night,fog,gravel,collector,1
24.7996733,93.9350847,258,28.6,9,22,5,0.6,472,7.0,1,0,1,1,2025-03-29T00:24:00+05:30,Keishampat Junction area (synthetic demo),night,fog,gravel,collector,1
24.7996733,93.9350847,273,19.1,9,6,6,0.3,7108,7.0,1,0,1,1,2025-11-30T06:31:00+05:30,Keishampat Junction area (synthetic demo),early_morning,clear,gravel,collector,0
24.7996733,93.9350847,307,28.2,9,5,6,0.4,5193,7.0,1,0,1,1,2025-04-06T04:21:00+05:30,Keishampat Junction area (synthetic demo),early_morning,clear,gravel,collector,0
24.7996733,93.9350847,245,27.1,9,5,6,0.2,7571,7.0,1,0,1,1,2025-07-06T05:18:00+05:30,Keishampat Junction area (synthetic demo),early_morning,clear,gravel,collector,0
24.7996733,93.9350847,258,31.2,9,5,6,0.1,5272,7.0,1,0,1,1,2025-10-05T04:10:00+05:30,Keishampat Junction area (synthetic demo),early_morning,clear,gravel,collector,0
24.7996733,93.9350847,263,46.3,9,6,6,7.6,974,7.0,1,0,1,1,2025-08-17T05:23:00+05:30,Keishampat Junction area (synthetic demo),early_morning,rain,gravel,collector,0
24.7996733,93.9350847,284,17.1,9,6,6,20.3,5653,7.0,1,0,1,1,2025-04-06T04:15:00+05:30,Keishampat Junction area (synthetic demo),early_morning,rain,gravel,collector,0
24.7996733,93.9350847,241,61.0,9,6,6,32.2,5795,7.0,1,0,1,1,2025-11-02T04:13:00+05:30,Keishampat Junction area (synthetic demo),early_morning,rain,gravel,collector,0
24.7996733,93.9350847,323,53.7,9,4,6,5.3,2746,7.0,1,0,1,1,2025-02-09T04:49:00+05:30,Keishampat Junction area (synthetic demo),early_morning,rain,gravel,collector,0
24.7996733,93.9350847,235,38.0,9,5,6,0.4,555,7.0,1,0,1,1,2025-09-28T06:08:00+05:30,Keishampat Junction area (synthetic demo),early_morning,fog,gravel,collector,0
24.7996733,93.9350847,321,35.3,9,4,6,0.8,1131,7.0,1,0,1,1,2025-03-16T04:14:00+05:30,Keishampat Junction area (synthetic demo),early_morning,fog,gravel,collector,0
24.7996733,93.9350847,241,12.0,9,6,6,0.6,679,7.0,1,0,1,1,2025-11-02T04:37:00+05:30,Keishampat Junction area (synthetic demo),early_morning,fog,gravel,collector,0
24.7996733,93.9350847,272,55.7,9,5,6,1.2,831,7.0,1,0,1,1,2025-02-09T04:48:00+05:30,Keishampat Junction area (synthetic demo),early_morning,fog,gravel,collector,0
24.7996733,93.9350847,485,52.7,9,12,6,0.4,6327,7.0,1,0,1,1,2025-09-21T13:52:00+05:30,Keishampat Junction area (synthetic demo),daytime,clear,gravel,collector,0
24.7996733,93.9350847,566,13.5,9,13,6,0.1,6464,7.0,1,0,1,1,2025-10-26T13:47:00+05:30,Keishampat Junction area (synthetic demo),daytime,clear,gravel,collector,0
24.7996733,93.9350847,674,26.6,9,12,6,0.3,8034,7.0,1,0,1,1,2025-07-27T12:12:00+05:30,Keishampat Junction area (synthetic demo),daytime,clear,gravel,collector,0
24.7996733,93.9350847,601,26.5,9,12,6,0.2,6429,7.0,1,0,1,1,2025-10-05T12:54:00+05:30,Keishampat Junction area (synthetic demo),daytime,clear,gravel,collector,0
24.7996733,93.9350847,509,61.6,9,11,6,26.5,507,7.0,1,0,1,1,2025-08-31T13:12:00+05:30,Keishampat Junction area (synthetic demo),daytime,rain,gravel,collector,1
24.7996733,93.9350847,680,16.9,9,13,6,10.0,5827,7.0,1,0,1,1,2025-11-09T13:35:00+05:30,Keishampat Junction area (synthetic demo),daytime,rain,gravel,collector,0
24.7996733,93.9350847,580,37.5,9,11,6,18.6,3597,7.0,1,0,1,1,2025-02-02T13:59:00+05:30,Keishampat Junction area (synthetic demo),daytime,rain,gravel,collector,0
24.7996733,93.9350847,561,41.2,9,11,6,19.4,5553,7.0,1,0,1,1,2025-12-28T12:56:00+05:30,Keishampat Junction area (synthetic demo),daytime,rain,gravel,collector,0
24.7996733,93.9350847,550,34.4,9,12,6,0.6,742,7.0,1,0,1,1,2025-08-24T12:58:00+05:30,Keishampat Junction area (synthetic demo),daytime,fog,gravel,collector,0
24.7996733,93.9350847,472,42.8,9,12,6,0.9,755,7.0,1,0,1,1,2025-11-09T12:22:00+05:30,Keishampat Junction area (synthetic demo),daytime,fog,gravel,collector,0
24.7996733,93.9350847,502,19.6,9,12,6,0.5,327,7.0,1,0,1,1,2025-08-17T13:56:00+05:30,Keishampat Junction area (synthetic demo),daytime,fog,gravel,collector,0
24.7996733,93.9350847,605,27.3,9,12,6,0.1,1146,7.0,1,0,1,1,2025-10-19T12:45:00+05:30,Keishampat Junction area (synthetic demo),daytime,fog,gravel,collector,0
24.7996733,93.9350847,850,54.2,9,18,6,0.2,5649,7.0,1,0,1,1,2025-08-10T18:42:00+05:30,Keishampat Junction area (synthetic demo),evening_peak,clear,gravel,collector,0
24.7996733,93.9350847,790,27.4,9,19,6,0.1,7630,7.0,1,0,1,1,2025-01-26T17:53:00+05:30,Keishampat Junction area (synthetic demo),evening_peak,clear,gravel,collector,0
24.7996733,93.9350847,937,27.2,9,19,6,0.4,5117,7.0,1,0,1,1,2025-08-31T18:14:00+05:30,Keishampat Junction area (synthetic demo),evening_peak,clear,gravel,collector,0
24.7996733,93.9350847,733,59.6,9,18,6,0.4,7789,7.0,1,0,1,1,2025-03-16T19:36:00+05:30,Keishampat Junction area (synthetic demo),evening_peak,clear,gravel,collector,0
24.7996733,93.9350847,728,13.0,9,18,6,14.0,2069,7.0,1,0,1,1,2025-02-09T18:20:00+05:30,Keishampat Junction area (synthetic demo),evening_peak,rain,gravel,collector,1
24.7996733,93.9350847,798,37.8,9,18,6,7.6,2486,7.0,1,0,1,1,2025-04-06T18:14:00+05:30,Keishampat Junction area (synthetic demo),evening_peak,rain,gravel,collector,0
24.7996733,93.9350847,659,42.6,9,18,6,6.3,4406,7.0,1,0,1,1,2025-07-06T18:39:00+05:30,Keishampat Junction area (synthetic demo),evening_peak,rain,gravel,collector,0
24.7996733,93.9350847,658,24.4,9,19,6,8.3,2748,7.0,1,0,1,1,2025-11-02T18:58:00+05:30,Keishampat Junction area (synthetic demo),evening_peak,rain,gravel,collector,0
24.7996733,93.9350847,888,42.1,9,17,6,0.9,1177,7.0,1,0,1,1,2025-11-16T19:00:00+05:30,Keishampat Junction area (synthetic demo),evening_peak,fog,gravel,collector,0
24.7996733,93.9350847,662,37.2,9,18,6,1.0,352,7.0,1,0,1,1,2025-12-14T17:55:00+05:30,Keishampat Junction area (synthetic demo),evening_peak,fog,gravel,collector,0
24.7996733,93.9350847,698,25.1,9,18,6,0.8,291,7.0,1,0,1,1,2025-02-23T19:40:00+05:30,Keishampat Junction area (synthetic demo),evening_peak,fog,gravel,collector,0
24.7996733,93.9350847,853,23.5,9,19,6,1.3,272,7.0,1,0,1,1,2025-04-20T17:44:00+05:30,Keishampat Junction area (synthetic demo),evening_peak,fog,gravel,collector,1
24.7996733,93.9350847,197,12.1,9,22,6,0.4,8741,7.0,1,0,1,1,2025-06-15T22:41:00+05:30,Keishampat Junction area (synthetic demo),night,clear,gravel,collector,0
24.7996733,93.9350847,194,59.0,9,0,6,0.3,6466,7.0,1,0,1,1,2025-01-19T00:44:00+05:30,Keishampat Junction area (synthetic demo),night,clear,gravel,collector,0
24.7996733,93.9350847,229,16.2,9,23,6,0.2,9504,7.0,1,1,1,1,2025-07-06T23:17:00+05:30,Keishampat Junction area (synthetic demo),night,clear,gravel,collector,1
24.7996733,93.9350847,259,52.6,9,22,6,0.4,9764,7.0,1,1,1,1,2025-10-19T23:38:00+05:30,Keishampat Junction area (synthetic demo),night,clear,gravel,collector,1
24.7996733,93.9350847,191,53.3,9,23,6,10.3,2838,7.0,1,1,1,1,2025-03-02T23:42:00+05:30,Keishampat Junction area (synthetic demo),night,rain,gravel,collector,1
24.7996733,93.9350847,219,57.8,9,0,6,14.5,1297,7.0,1,1,1,1,2025-04-27T23:02:00+05:30,Keishampat Junction area (synthetic demo),night,rain,gravel,collector,1
24.7996733,93.9350847,241,41.8,9,22,6,21.6,4438,7.0,1,1,1,1,2025-02-02T23:59:00+05:30,Keishampat Junction area (synthetic demo),night,rain,gravel,collector,1
24.7996733,93.9350847,212,33.4,9,23,6,34.0,3385,7.0,1,0,1,1,2025-08-03T23:45:00+05:30,Keishampat Junction area (synthetic demo),night,rain,gravel,collector,0
24.7996733,93.9350847,242,16.4,9,23,6,0.4,1749,7.0,1,0,1,1,2025-01-12T00:24:00+05:30,Keishampat Junction area (synthetic demo),night,fog,gravel,collector,1
24.7996733,93.9350847,207,41.0,9,0,6,1.0,435,7.0,1,0,1,1,2025-10-05T00:10:00+05:30,Keishampat Junction area (synthetic demo),night,fog,gravel,collector,1
24.7996733,93.9350847,219,12.9,9,23,6,0.5,631,7.0,1,0,1,1,2025-08-10T22:05:00+05:30,Keishampat Junction area (synthetic demo),night,fog,gravel,collector,1
24.7996733,93.9350847,192,20.1,9,23,6,1.0,1375,7.0,1,0,1,1,2025-06-08T22:55:00+05:30,Keishampat Junction area (synthetic demo),night,fog,gravel,collector,1
24.8215,93.945,130,34.2,4,5,0,0.5,9818,6.0,2,0,2,2,2025-03-31T04:13:00+05:30,Nagamapal area (synthetic demo),early_morning,clear,unsealed,local,0
24.8215,93.945,139,54.9,4,4,0,0.4,4798,6.0,2,0,2,2,2025-12-08T05:02:00+05:30,Nagamapal area (synthetic demo),early_morning,clear,unsealed,local,0
24.8215,93.945,178,39.1,4,6,0,0.0,4697,6.0,2,0,2,2,2025-08-11T06:31:00+05:30,Nagamapal area (synthetic demo),early_morning,clear,unsealed,local,0
24.8215,93.945,182,26.6,4,5,0,0.3,8304,6.0,2,0,2,2,2025-06-16T05:47:00+05:30,Nagamapal area (synthetic demo),early_morning,clear,unsealed,local,0
24.8215,93.945,191,22.1,4,4,0,12.5,2353,6.0,2,0,2,2,2025-07-21T05:25:00+05:30,Nagamapal area (synthetic demo),early_morning,rain,unsealed,local,0
24.8215,93.945,171,46.5,4,6,0,26.4,2446,6.0,2,0,2,2,2025-09-29T04:42:00+05:30,Nagamapal area (synthetic demo),early_morning,rain,unsealed,local,0
24.8215,93.945,147,21.6,4,4,0,31.2,1934,6.0,2,0,2,2,2025-10-13T06:42:00+05:30,Nagamapal area (synthetic demo),early_morning,rain,unsealed,local,1
24.8215,93.945,169,61.2,4,4,0,21.7,2700,6.0,2,0,2,2,2025-02-10T05:47:00+05:30,Nagamapal area (synthetic demo),early_morning,rain,unsealed,local,0
24.8215,93.945,131,47.3,4,5,0,1.5,345,6.0,2,0,2,2,2025-08-04T06:55:00+05:30,Nagamapal area (synthetic demo),early_morning,fog,unsealed,local,0
24.8215,93.945,152,37.9,4,6,0,0.2,1783,6.0,2,0,2,2,2025-04-21T04:37:00+05:30,Nagamapal area (synthetic demo),early_morning,fog,unsealed,local,0
24.8215,93.945,177,41.5,4,5,0,0.6,141,6.0,2,0,2,2,2025-03-31T06:23:00+05:30,Nagamapal area (synthetic demo),early_morning,fog,unsealed,local,1
24.8215,93.945,151,35.0,4,5,0,0.7,432,6.0,2,0,2,2,2025-12-08T04:00:00+05:30,Nagamapal area (synthetic demo),early_morning,fog,unsealed,local,1
24.8215,93.945,369,31.4,4,11,0,0.2,6880,6.0,2,0,2,2,2025-10-13T11:12:00+05:30,Nagamapal area (synthetic demo),daytime,clear,unsealed,local,0
24.8215,93.945,276,28.4,4,12,0,0.2,6558,6.0,2,0,2,2,2025-12-01T12:34:00+05:30,Nagamapal area (synthetic demo),daytime,clear,unsealed,local,0
24.8215,93.945,276,53.9,4,12,0,0.3,9268,6.0,2,0,2,2,2025-11-03T12:45:00+05:30,Nagamapal area (synthetic demo),daytime,clear,unsealed,local,0
24.8215,93.945,309,12.3,4,12,0,0.1,9199,6.0,2,0,2,2,2025-09-01T12:03:00+05:30,Nagamapal area (synthetic demo),daytime,clear,unsealed,local,0
24.8215,93.945,353,32.0,4,12,0,11.9,5482,6.0,2,0,2,2,2025-02-10T13:46:00+05:30,Nagamapal area (synthetic demo),daytime,rain,unsealed,local,0
24.8215,93.945,361,19.9,4,13,0,12.7,2095,6.0,2,0,2,2,2025-04-28T12:21:00+05:30,Nagamapal area (synthetic demo),daytime,rain,unsealed,local,1
24.8215,93.945,360,18.4,4,12,0,27.7,1674,6.0,2,0,2,2,2025-09-15T13:25:00+05:30,Nagamapal area (synthetic demo),daytime,rain,unsealed,local,1
24.8215,93.945,368,19.0,4,13,0,11.4,4054,6.0,2,0,2,2,2025-12-22T12:33:00+05:30,Nagamapal area (synthetic demo),daytime,rain,unsealed,local,0
24.8215,93.945,285,48.7,4,11,0,1.1,947,6.0,2,0,2,2,2025-12-01T13:52:00+05:30,Nagamapal area (synthetic demo),daytime,fog,unsealed,local,1
24.8215,93.945,264,42.7,4,12,0,0.6,400,6.0,2,0,2,2,2025-06-30T12:07:00+05:30,Nagamapal area (synthetic demo),daytime,fog,unsealed,local,0
24.8215,93.945,337,56.4,4,13,0,1.1,612,6.0,2,0,2,2,2025-03-31T13:56:00+05:30,Nagamapal area (synthetic demo),daytime,fog,unsealed,local,1
24.8215,93.945,261,40.5,4,11,0,0.7,1275,6.0,2,0,2,2,2025-10-27T12:24:00+05:30,Nagamapal area (synthetic demo),daytime,fog,unsealed,local,0
24.8215,93.945,480,36.7,4,18,0,0.4,8985,6.0,2,0,2,2,2025-10-13T18:27:00+05:30,Nagamapal area (synthetic demo),evening_peak,clear,unsealed,local,0
24.8215,93.945,375,38.9,4,19,0,0.4,8880,6.0,2,0,2,2,2025-06-23T18:45:00+05:30,Nagamapal area (synthetic demo),evening_peak,clear,unsealed,local,0
24.8215,93.945,475,13.7,4,18,0,0.1,7000,6.0,2,0,2,2,2025-06-02T19:25:00+05:30,Nagamapal area (synthetic demo),evening_peak,clear,unsealed,local,0
24.8215,93.945,538,16.2,4,17,0,0.2,7317,6.0,2,0,2,2,2025-06-30T18:14:00+05:30,Nagamapal area (synthetic demo),evening_peak,clear,unsealed,local,0
24.8215,93.945,517,18.3,4,17,0,19.9,1867,6.0,2,0,2,2,2025-06-23T19:00:00+05:30,Nagamapal area (synthetic demo),evening_peak,rain,unsealed,local,1
24.8215,93.945,381,39.2,4,19,0,34.3,2866,6.0,2,0,2,2,2025-02-03T18:44:00+05:30,Nagamapal area (synthetic demo),evening_peak,rain,unsealed,local,1
24.8215,93.945,523,14.3,4,17,0,20.2,1049,6.0,2,0,2,2,2025-06-02T17:07:00+05:30,Nagamapal area (synthetic demo),evening_peak,rain,unsealed,local,1
24.8215,93.945,497,23.3,4,17,0,19.0,706,6.0,2,0,2,2,2025-09-29T18:03:00+05:30,Nagamapal area (synthetic demo),evening_peak,rain,unsealed,local,1
24.8215,93.945,450,62.0,4,18,0,0.3,1521,6.0,2,0,2,2,2025-05-05T19:21:00+05:30,Nagamapal area (synthetic demo),evening_peak,fog,unsealed,local,1
24.8215,93.945,505,41.5,4,18,0,1.2,572,6.0,2,0,2,2,2025-12-22T18:27:00+05:30,Nagamapal area (synthetic demo),evening_peak,fog,unsealed,local,1
24.8215,93.945,427,36.5,4,19,0,0.9,441,6.0,2,0,2,2,2025-04-28T18:26:00+05:30,Nagamapal area (synthetic demo),evening_peak,fog,unsealed,local,0
24.8215,93.945,366,52.9,4,19,0,0.7,499,6.0,2,0,2,2,2025-10-27T18:47:00+05:30,Nagamapal area (synthetic demo),evening_peak,fog,unsealed,local,1
24.8215,93.945,135,50.0,4,23,0,0.1,9404,6.0,2,0,2,2,2025-11-17T23:02:00+05:30,Nagamapal area (synthetic demo),night,clear,unsealed,local,1
24.8215,93.945,151,46.4,4,22,0,0.1,5538,6.0,2,1,2,2,2025-02-03T23:24:00+05:30,Nagamapal area (synthetic demo),night,clear,unsealed,local,1
24.8215,93.945,147,40.0,4,0,0,0.3,5554,6.0,2,0,2,2,2025-10-13T00:25:00+05:30,Nagamapal area (synthetic demo),night,clear,unsealed,local,1
24.8215,93.945,104,14.5,4,22,0,0.1,8859,6.0,2,1,2,2,2025-09-08T00:43:00+05:30,Nagamapal area (synthetic demo),night,clear,unsealed,local,1
24.8215,93.945,141,61.1,4,23,0,14.9,788,6.0,2,1,2,2,2025-04-28T22:16:00+05:30,Nagamapal area (synthetic demo),night,rain,unsealed,local,1
24.8215,93.945,141,43.6,4,22,0,18.3,4628,6.0,2,0,2,2,2025-06-02T22:53:00+05:30,Nagamapal area (synthetic demo),night,rain,unsealed,local,1
24.8215,93.945,119,29.1,4,22,0,29.5,2196,6.0,2,1,2,2,2025-09-15T23:37:00+05:30,Nagamapal area (synthetic demo),night,rain,unsealed,local,1
24.8215,93.945,146,40.4,4,22,0,13.9,5262,6.0,2,1,2,2,2025-05-26T00:57:00+05:30,Nagamapal area (synthetic demo),night,rain,unsealed,local,1
24.8215,93.945,134,23.0,4,0,0,1.5,1661,6.0,2,1,2,2,2025-03-24T22:03:00+05:30,Nagamapal area (synthetic demo),night,fog,unsealed,local,1
24.8215,93.945,133,50.3,4,23,0,1.5,1286,6.0,2,1,2,2,2025-04-28T23:49:00+05:30,Nagamapal area (synthetic demo),night,fog,unsealed,local,1
24.8215,93.945,114,32.1,4,22,0,0.6,540,6.0,2,1,2,2,2025-01-27T23:10:00+05:30,Nagamapal area (synthetic demo),night,fog,unsealed,local,1
24.8215,93.945,106,45.4,4,22,0,0.8,1696,6.0,2,1,2,2,2025-12-01T22:10:00+05:30,Nagamapal area (synthetic demo),night,fog,unsealed,local,1
24.8215,93.945,168,55.5,4,4,1,0.4,5405,6.0,2,0,2,2,2025-05-06T05:09:00+05:30,Nagamapal area (synthetic demo),early_morning,clear,unsealed,local,0
24.8215,93.945,156,47.2,4,4,1,0.4,5300,6.0,2,0,2,2,2025-04-01T05:33:00+05:30,Nagamapal area (synthetic demo),early_morning,clear,unsealed,local,0
24.8215,93.945,155,29.6,4,4,1,0.3,8240,6.0,2,0,2,2,2025-03-18T04:01:00+05:30,Nagamapal area (synthetic demo),early_morning,clear,unsealed,local,0
24.8215,93.945,139,54.7,4,5,1,0.4,7859,6.0,2,0,2,2,2025-02-25T05:31:00+05:30,Nagamapal area (synthetic demo),early_morning,clear,unsealed,local,0
24.8215,93.945,181,39.4,4,4,1,18.9,5052,6.0,2,0,2,2,2025-05-06T04:50:00+05:30,Nagamapal area (synthetic demo),early_morning,rain,unsealed,local,0
24.8215,93.945,138,33.8,4,6,1,17.9,2479,6.0,2,0,2,2,2025-04-22T04:08:00+05:30,Nagamapal area (synthetic demo),early_morning,rain,unsealed,local,0
24.8215,93.945,177,54.4,4,5,1,26.6,1779,6.0,2,0,2,2,2025-06-24T06:07:00+05:30,Nagamapal area (synthetic demo),early_morning,rain,unsealed,local,1
24.8215,93.945,146,53.3,4,4,1,7.0,3978,6.0,2,0,2,2,2025-06-10T04:32:00+05:30,Nagamapal area (synthetic demo),early_morning,rain,unsealed,local,0
24.8215,93.945,168,25.0,4,6,1,0.2,1642,6.0,2,0,2,2,2025-09-23T05:52:00+05:30,Nagamapal area (synthetic demo),early_morning,fog,unsealed,local,0
24.8215,93.945,175,15.1,4,5,1,0.3,824,6.0,2,0,2,2,2025-03-04T05:15:00+05:30,Nagamapal area (synthetic demo),early_morning,fog,unsealed,local,1
24.8215,93.945,155,18.9,4,6,1,0.6,1015,6.0,2,0,2,2,2025-05-13T04:52:00+05:30,Nagamapal area (synthetic demo),early_morning,fog,unsealed,local,0
24.8215,93.945,136,55.1,4,4,1,0.2,636,6.0,2,0,2,2,2025-05-06T05:06:00+05:30,Nagamapal area (synthetic demo),early_morning,fog,unsealed,local,1
24.8215,93.945,374,30.5,4,12,1,0.1,5363,6.0,2,0,2,2,2025-01-14T13:22:00+05:30,Nagamapal area (synthetic demo),daytime,clear,unsealed,local,0
24.8215,93.945,330,26.6,4,11,1,0.2,5826,6.0,2,0,2,2,2025-04-08T13:39:00+05:30,Nagamapal area (synthetic demo),daytime,clear,unsealed,local,0
24.8215,93.945,309,54.1,4,11,1,0.0,6335,6.0,2,0,2,2,2025-09-30T13:47:00+05:30,Nagamapal area (synthetic demo),daytime,clear,unsealed,local,0
24.8215,93.945,294,39.6,4,12,1,0.4,4344,6.0,2,0,2,2,2025-02-18T11:58:00+05:30,Nagamapal area (synthetic demo),daytime,clear,unsealed,local,0
24.8215,93.945,341,15.8,4,13,1,12.1,1029,6.0,2,0,2,2,2025-10-28T13:58:00+05:30,Nagamapal area (synthetic demo),daytime,rain,unsealed,local,1
24.8215,93.945,365,51.2,4,12,1,29.5,2132,6.0,2,0,2,2,2025-07-29T11:13:00+05:30,Nagamapal area (synthetic demo),daytime,rain,unsealed,local,1
24.8215,93.945,353,52.1,4,11,1,13.1,5029,6.0,2,0,2,2,2025-06-10T11:10:00+05:30,Nagamapal area (synthetic demo),daytime,rain,unsealed,local,0
24.8215,93.945,308,38.5,4,11,1,15.3,3484,6.0,2,0,2,2,2025-05-27T13:47:00+05:30,Nagamapal area (synthetic demo),daytime,rain,unsealed,local,0
24.8215,93.945,263,56.7,4,13,1,0.4,696,6.0,2,0,2,2,2025-04-08T11:48:00+05:30,Nagamapal area (synthetic demo),daytime,fog,unsealed,local,1
24.8215,93.945,372,64.4,4,12,1,0.9,1307,6.0,2,0,2,2,2025-09-02T11:02:00+05:30,Nagamapal area (synthetic demo),daytime,fog,unsealed,local,1
24.8215,93.945,321,17.4,4,11,1,0.8,338,6.0,2,0,2,2,2025-07-22T13:26:00+05:30,Nagamapal area (synthetic demo),daytime,fog,unsealed,local,1
24.8215,93.945,375,54.5,4,11,1,1.0,117,6.0,2,0,2,2,2025-07-15T12:27:00+05:30,Nagamapal area (synthetic demo),daytime,fog,unsealed,local,1
24.8215,93.945,500,20.1,4,17,1,0.4,9115,6.0,2,0,2,2,2025-04-01T17:15:00+05:30,Nagamapal area (synthetic demo),evening_peak,clear,unsealed,local,0
24.8215,93.945,460,37.3,4,17,1,0.1,9631,6.0,2,0,2,2,2025-09-23T17:36:00+05:30,Nagamapal area (synthetic demo),evening_peak,clear,unsealed,local,0
24.8215,93.945,436,50.1,4,17,1,0.2,7289,6.0,2,0,2,2,2025-02-18T17:00:00+05:30,Nagamapal area (synthetic demo),evening_peak,clear,unsealed,local,0
24.8215,93.945,432,30.6,4,19,1,0.2,4125,6.0,2,0,2,2,2025-02-11T17:16:00+05:30,Nagamapal area (synthetic demo),evening_peak,clear,unsealed,local,0
24.8215,93.945,489,63.4,4,18,1,33.0,3872,6.0,2,0,2,2,2025-09-16T17:24:00+05:30,Nagamapal area (synthetic demo),evening_peak,rain,unsealed,local,1
24.8215,93.945,380,22.5,4,18,1,9.6,3629,6.0,2,0,2,2,2025-12-09T19:01:00+05:30,Nagamapal area (synthetic demo),evening_peak,rain,unsealed,local,0
24.8215,93.945,472,15.1,4,19,1,5.6,4221,6.0,2,0,2,2,2025-01-28T17:53:00+05:30,Nagamapal area (synthetic demo),evening_peak,rain,unsealed,local,0
24.8215,93.945,420,26.8,4,19,1,9.7,3081,6.0,2,0,2,2,2025-08-19T19:10:00+05:30,Nagamapal area (synthetic demo),evening_peak,rain,unsealed,local,0
24.8215,93.945,443,17.8,4,19,1,0.9,1116,6.0,2,0,2,2,2025-07-15T18:42:00+05:30,Nagamapal area (synthetic demo),evening_peak,fog,unsealed,local,1
24.8215,93.945,421,24.2,4,17,1,1.2,1491,6.0,2,0,2,2,2025-07-01T17:32:00+05:30,Nagamapal area (synthetic demo),evening_peak,fog,unsealed,local,0
24.8215,93.945,435,29.8,4,18,1,0.5,1407,6.0,2,0,2,2,2025-08-19T18:20:00+05:30,Nagamapal area (synthetic demo),evening_peak,fog,unsealed,local,0
24.8215,93.945,528,59.9,4,18,1,0.9,959,6.0,2,0,2,2,2025-03-11T17:39:00+05:30,Nagamapal area (synthetic demo),evening_peak,fog,unsealed,local,1
24.8215,93.945,140,27.1,4,22,1,0.2,5873,6.0,2,1,2,2,2025-10-07T22:09:00+05:30,Nagamapal area (synthetic demo),night,clear,unsealed,local,1
24.8215,93.945,139,51.7,4,0,1,0.3,4645,6.0,2,0,2,2,2025-11-25T22:20:00+05:30,Nagamapal area (synthetic demo),night,clear,unsealed,local,1
24.8215,93.945,107,26.8,4,0,1,0.1,5660,6.0,2,0,2,2,2025-02-04T00:50:00+05:30,Nagamapal area (synthetic demo),night,clear,unsealed,local,1
24.8215,93.945,145,38.7,4,0,1,0.0,8137,6.0,2,1,2,2,2025-04-15T22:16:00+05:30,Nagamapal area (synthetic demo),night,clear,unsealed,local,1
24.8215,93.945,104,39.7,4,0,1,21.4,5119,6.0,2,0,2,2,2025-09-23T23:55:00+05:30,Nagamapal area (synthetic demo),night,rain,unsealed,local,1
24.8215,93.945,137,40.6,4,0,1,9.8,3618,6.0,2,0,2,2,2025-01-28T23:51:00+05:30,Nagamapal area (synthetic demo),night,rain,unsealed,local,1
24.8215,93.945,102,44.2,4,23,1,4.3,1421,6.0,2,0,2,2,2025-05-13T23:19:00+05:30,Nagamapal area (synthetic demo),night,rain,unsealed,local,1
24.8215,93.945,149,57.3,4,22,1,17.6,4806,6.0,2,0,2,2,2025-02-04T23:36:00+05:30,Nagamapal area (synthetic demo),night,rain,unsealed,local,1
24.8215,93.945,123,51.4,4,0,1,0.3,957,6.0,2,0,2,2,2025-11-25T22:09:00+05:30,Nagamapal area (synthetic demo),night,fog,unsealed,local,1
24.8215,93.945,129,13.3,4,22,1,1.2,710,6.0,2,1,2,2,2025-12-16T23:54:00+05:30,Nagamapal area (synthetic demo),night,fog,unsealed,local,1
24.8215,93.945,136,22.4,4,0,1,1.5,1611,6.0,2,0,2,2,2025-11-18T00:23:00+05:30,Nagamapal area (synthetic demo),night,fog,unsealed,local,1
24.8215,93.945,146,56.9,4,23,1,0.3,1567,6.0,2,0,2,2,2025-09-23T23:36:00+05:30,Nagamapal area (synthetic demo),night,fog,unsealed,local,1
24.8215,93.945,148,29.4,4,6,2,0.3,4191,6.0,2,0,2,2,2025-03-12T04:24:00+05:30,Nagamapal area (synthetic demo),early_morning,clear,unsealed,local,0
24.8215,93.945,191,60.6,4,5,2,0.4,8393,6.0,2,0,2,2,2025-10-08T05:03:00+05:30,Nagamapal area (synthetic demo),early_morning,clear,unsealed,local,0
24.8215,93.945,188,31.6,4,4,2,0.4,4051,6.0,2,0,2,2,2025-04-16T05:01:00+05:30,Nagamapal area (synthetic demo),early_morning,clear,unsealed,local,0
24.8215,93.945,142,13.4,4,6,2,0.3,4923,6.0,2,0,2,2,2025-12-17T06:36:00+05:30,Nagamapal area (synthetic demo),early_morning,clear,unsealed,local,0
24.8215,93.945,192,13.4,4,5,2,10.7,5849,6.0,2,0,2,2,2025-01-15T05:30:00+05:30,Nagamapal area (synthetic demo),early_morning,rain,unsealed,local,0
24.8215,93.945,190,12.4,4,4,2,17.5,890,6.0,2,0,2,2,2025-09-24T05:11:00+05:30,Nagamapal area (synthetic demo),early_morning,rain,unsealed,local,1
24.8215,93.945,141,52.2,4,6,2,33.5,5903,6.0,2,0,2,2,2025-10-15T04:55:00+05:30,Nagamapal area (synthetic demo),early_morning,rain,unsealed,local,0
24.8215,93.945,160,57.8,4,4,2,21.9,4321,6.0,2,0,2,2,2025-01-29T04:01:00+05:30,Nagamapal area (synthetic demo),early_morning,rain,unsealed,local,0
24.8215,93.945,181,39.7,4,4,2,0.8,961,6.0,2,0,2,2,2025-04-23T04:48:00+05:30,Nagamapal area (synthetic demo),early_morning,fog,unsealed,local,0
24.8215,93.945,131,52.5,4,6,2,0.3,1398,6.0,2,0,2,2,2025-04-23T04:37:00+05:30,Nagamapal area (synthetic demo),early_morning,fog,unsealed,local,0
24.8215,93.945,134,57.8,4,4,2,1.4,1221,6.0,2,0,2,2,2025-11-05T05:46:00+05:30,Nagamapal area (synthetic demo),early_morning,fog,unsealed,local,0
24.8215,93.945,179,30.8,4,5,2,0.2,912,6.0,2,0,2,2,2025-09-10T05:34:00+05:30,Nagamapal area (synthetic demo),early_morning,fog,unsealed,local,0
24.8215,93.945,360,21.4,4,13,2,0.4,7380,6.0,2,0,2,2,2025-05-14T13:50:00+05:30,Nagamapal area (synthetic demo),daytime,clear,unsealed,local,0
24.8215,93.945,301,36.8,4,11,2,0.3,6431,6.0,2,0,2,2,2025-10-15T13:34:00+05:30,Nagamapal area (synthetic demo),daytime,clear,unsealed,local,0
24.8215,93.945,260,35.1,4,13,2,0.5,7857,6.0,2,0,2,2,2025-02-12T12:21:00+05:30,Nagamapal area (synthetic demo),daytime,clear,unsealed,local,0
24.8215,93.945,385,38.7,4,13,2,0.1,4367,6.0,2,0,2,2,2025-09-17T13:21:00+05:30,Nagamapal area (synthetic demo),daytime,clear,unsealed,local,0
24.8215,93.945,297,26.0,4,11,2,7.2,3411,6.0,2,0,2,2,2025-02-05T11:42:00+05:30,Nagamapal area (synthetic demo),daytime,rain,unsealed,local,0
24.8215,93.945,267,32.8,4,12,2,7.8,715,6.0,2,0,2,2,2025-09-03T13:00:00+05:30,Nagamapal area (synthetic demo),daytime,rain,unsealed,local,1
24.8215,93.945,282,51.0,4,13,2,10.0,1100,6.0,2,0,2,2,2025-07-16T12:47:00+05:30,Nagamapal area (synthetic demo),daytime,rain,unsealed,local,1
24.8215,93.945,325,56.2,4,11,2,18.6,1405,6.0,2,0,2,2,2025-02-19T11:28:00+05:30,Nagamapal area (synthetic demo),daytime,rain,unsealed,local,1
24.8215,93.945,296,34.8,4,12,2,0.3,650,6.0,2,0,2,2,2025-05-21T13:29:00+05:30,Nagamapal area (synthetic demo),daytime,fog,unsealed,local,0
24.8215,93.945,282,63.1,4,13,2,0.8,1698,6.0,2,0,2,2,2025-11-19T13:49:00+05:30,Nagamapal area (synthetic demo),daytime,fog,unsealed,local,0
24.8215,93.945,356,21.7,4,12,2,1.3,1126,6.0,2,0,2,2,2025-01-29T11:07:00+05:30,Nagamapal area (synthetic demo),daytime,fog,unsealed,local,0
24.8215,93.945,314,47.8,4,11,2,0.6,1474,6.0,2,0,2,2,2025-08-13T13:18:00+05:30,Nagamapal area (synthetic demo),daytime,fog,unsealed,local,0
24.8215,93.945,461,36.3,4,17,2,0.1,4259,6.0,2,0,2,2,2025-07-09T19:40:00+05:30,Nagamapal area (synthetic demo),evening_peak,clear,unsealed,local,0
24.8215,93.945,525,21.4,4,19,2,0.2,4251,6.0,2,0,2,2,2025-06-11T18:49:00+05:30,Nagamapal area (synthetic demo),evening_peak,clear,unsealed,local,0
24.8215,93.945,526,30.6,4,18,2,0.1,8267,6.0,2,0,2,2,2025-04-30T17:56:00+05:30,Nagamapal area (synthetic demo),evening_peak,clear,unsealed,local,0
24.8215,93.945,408,17.8,4,19,2,0.3,5081,6.0,2,0,2,2,2025-03-05T19:10:00+05:30,Nagamapal area (synthetic demo),evening_peak,clear,unsealed,local,0
24.8215,93.945,455,43.6,4,17,2,11.8,637,6.0,2,0,2,2,2025-05-07T18:01:00+05:30,Nagamapal area (synthetic demo),evening_peak,rain,unsealed,local,1
24.8215,93.945,404,43.6,4,17,2,11.7,3364,6.0,2,0,2,2,2025-01-15T19:57:00+05:30,Nagamapal area (synthetic demo),evening_peak,rain,unsealed,local,0
24.8215,93.945,529,29.3,4,17,2,22.9,5619,6.0,2,0,2,2,2025-10-22T19:39:00+05:30,Nagamapal area (synthetic demo),evening_peak,rain,unsealed,local,0
24.8215,93.945,420,41.6,4,18,2,21.5,4448,6.0,2,0,2,2,2025-08-20T17:00:00+05:30,Nagamapal area (synthetic demo),evening_peak,rain,unsealed,local,0
24.8215,93.945,398,42.7,4,17,2,0.7,630,6.0,2,0,2,2,2025-02-05T17:44:00+05:30,Nagamapal area (synthetic demo),evening_peak,fog,unsealed,local,1
24.8215,93.945,454,25.5,4,17,2,0.5,461,6.0,2,0,2,2,2025-08-13T18:16:00+05:30,Nagamapal area (synthetic demo),evening_peak,fog,unsealed,local,1
24.8215,93.945,471,37.7,4,19,2,0.2,214,6.0,2,0,2,2,2025-11-19T19:20:00+05:30,Nagamapal area (synthetic demo),evening_peak,fog,unsealed,local,1
24.8215,93.945,395,60.4,4,18,2,0.4,1298,6.0,2,0,2,2,2025-05-14T17:29:00+05:30,Nagamapal area (synthetic demo),evening_peak,fog,unsealed,local,0
24.8215,93.945,126,21.6,4,22,2,0.0,6129,6.0,2,0,2,2,2025-01-08T00:46:00+05:30,Nagamapal area (synthetic demo),night,clear,unsealed,local,0
24.8215,93.945,142,55.5,4,22,2,0.2,8905,6.0,2,1,2,2,2025-02-19T22:29:00+05:30,Nagamapal area (synthetic demo),night,clear,unsealed,local,1
24.8215,93.945,139,29.9,4,23,2,0.4,6156,6.0,2,1,2,2,2025-04-30T22:42:00+05:30,Nagamapal area (synthetic demo),night,clear,unsealed,local,1
24.8215,93.945,119,27.2,4,0,2,0.3,5844,6.0,2,0,2,2,2025-04-09T00:46:00+05:30,Nagamapal area (synthetic demo),night,clear,unsealed,local,1
24.8215,93.945,117,20.7,4,0,2,19.2,5693,6.0,2,0,2,2,2025-02-26T22:34:00+05:30,Nagamapal area (synthetic demo),night,rain,unsealed,local,1
24.8215,93.945,119,30.3,4,0,2,13.3,4794,6.0,2,1,2,2,2025-07-30T23:38:00+05:30,Nagamapal area (synthetic demo),night,rain,unsealed,local,1
24.8215,93.945,143,34.4,4,22,2,28.4,542,6.0,2,1,2,2,2025-08-27T23:00:00+05:30,Nagamapal area (synthetic demo),night,rain,unsealed,local,1
24.8215,93.945,149,48.4,4,23,2,24.9,3010,6.0,2,1,2,2,2025-10-29T23:38:00+05:30,Nagamapal area (synthetic demo),night,rain,unsealed,local,1
24.8215,93.945,103,14.2,4,22,2,0.2,1729,6.0,2,1,2,2,2025-11-12T23:00:00+05:30,Nagamapal area (synthetic demo),night,fog,unsealed,local,1
24.8215,93.945,145,35.4,4,23,2,0.2,328,6.0,2,1,2,2,2025-01-08T22:52:00+05:30,Nagamapal area (synthetic demo),night,fog,unsealed,local,1
24.8215,93.945,124,27.5,4,0,2,0.0,661,6.0,2,1,2,2,2025-07-23T22:49:00+05:30,Nagamapal area (synthetic demo),night,fog,unsealed,local,1
24.8215,93.945,132,34.7,4,22,2,0.5,178,6.0,2,0,2,2,2025-02-26T00:41:00+05:30,Nagamapal area (synthetic demo),night,fog,unsealed,local,1
24.8215,93.945,153,39.0,4,4,3,0.1,4731,6.0,2,0,2,2,2025-08-21T05:14:00+05:30,Nagamapal area (synthetic demo),early_morning,clear,unsealed,local,0
24.8215,93.945,156,29.8,4,5,3,0.3,8287,6.0,2,0,2,2,2025-07-24T06:38:00+05:30,Nagamapal area (synthetic demo),early_morning,clear,unsealed,local,0
24.8215,93.945,154,16.9,4,6,3,0.5,4451,6.0,2,0,2,2,2025-06-05T04:05:00+05:30,Nagamapal area (synthetic demo),early_morning,clear,unsealed,local,0
24.8215,93.945,144,43.7,4,6,3,0.0,9329,6.0,2,0,2,2,2025-03-27T04:20:00+05:30,Nagamapal area (synthetic demo),early_morning,clear,unsealed,local,0
24.8215,93.945,132,54.6,4,5,3,6.8,1885,6.0,2,0,2,2,2025-03-20T05:50:00+05:30,Nagamapal area (synthetic demo),early_morning,rain,unsealed,local,0
24.8215,93.945,165,61.9,4,5,3,17.8,3487,6.0,2,0,2,2,2025-01-23T06:26:00+05:30,Nagamapal area (synthetic demo),early_morning,rain,unsealed,local,0
24.8215,93.945,144,55.1,4,6,3,22.7,5743,6.0,2,0,2,2,2025-08-21T04:50:00+05:30,Nagamapal area (synthetic demo),early_morning,rain,unsealed,local,0
24.8215,93.945,148,61.6,4,6,3,31.7,1342,6.0,2,0,2,2,2025-11-13T06:01:00+05:30,Nagamapal area (synthetic demo),early_morning,rain,unsealed,local,1
24.8215,93.945,144,44.4,4,4,3,1.0,1716,6.0,2,0,2,2,2025-05-22T06:21:00+05:30,Nagamapal area (synthetic demo),early_morning,fog,unsealed,local,0
24.8215,93.945,145,56.8,4,4,3,1.3,817,6.0,2,0,2,2,2025-09-25T06:40:00+05:30,Nagamapal area (synthetic demo),early_morning,fog,unsealed,local,1
24.8215,93.945,187,61.7,4,5,3,0.5,891,6.0,2,0,2,2,2025-12-04T05:18:00+05:30,Nagamapal area (synthetic demo),early_morning,fog,unsealed,local,1
24.8215,93.945,188,53.6,4,4,3,0.9,221,6.0,2,0,2,2,2025-03-27T05:25:00+05:30,Nagamapal area (synthetic demo),early_morning,fog,unsealed,local,1
24.8215,93.945,379,60.3,4,12,3,0.3,4407,6.0,2,0,2,2,2025-10-23T12:16:00+05:30,Nagamapal area (synthetic demo),daytime,clear,unsealed,local,0
24.8215,93.945,333,43.3,4,11,3,0.1,5377,6.0,2,0,2,2,2025-02-06T11:48:00+05:30,Nagamapal area (synthetic demo),daytime,clear,unsealed,local,0
24.8215,93.945,312,41.6,4,11,3,0.3,8210,6.0,2,0,2,2,2025-10-02T12:56:00+05:30,Nagamapal area (synthetic demo),daytime,clear,unsealed,local,0
24.8215,93.945,293,16.5,4,12,3,0.3,5466,6.0,2,0,2,2,2025-05-29T11:50:00+05:30,Nagamapal area (synthetic demo),daytime,clear,unsealed,local,0
24.8215,93.945,301,39.9,4,12,3,26.8,3310,6.0,2,0,2,2,2025-09-04T11:50:00+05:30,Nagamapal area (synthetic demo),daytime,rain,unsealed,local,0
24.8215,93.945,300,50.8,4,11,3,16.7,3240,6.0,2,0,2,2,2025-12-18T13:38:00+05:30,Nagamapal area (synthetic demo),daytime,rain,unsealed,local,0
24.8215,93.945,362,53.7,4,12,3,4.8,2008,6.0,2,0,2,2,2025-01-16T12:22:00+05:30,Nagamapal area (synthetic demo),daytime,rain,unsealed,local,0
24.8215,93.945,352,54.0,4,12,3,22.7,830,6.0,2,0,2,2,2025-12-25T11:00:00+05:30,Nagamapal area (synthetic demo),daytime,rain,unsealed,local,1
24.8215,93.945,271,63.1,4,11,3,0.1,499,6.0,2,0,2,2,2025-05-29T11:35:00+05:30,Nagamapal area (synthetic demo),daytime,fog,unsealed,local,1
24.8215,93.945,275,57.9,4,13,3,0.4,103,6.0,2,0,2,2,2025-12-25T12:34:00+05:30,Nagamapal area (synthetic demo),daytime,fog,unsealed,local,1
24.8215,93.945,276,42.7,4,12,3,1.2,1660,6.0,2,0,2,2,2025-03-20T13:08:00+05:30,Nagamapal area (synthetic demo),daytime,fog,unsealed,local,0
24.8215,93.945,342,46.3,4,13,3,0.1,1480,6.0,2,0,2,2,2025-01-02T13:44:00+05:30,Nagamapal area (synthetic demo),daytime,fog,unsealed,local,0
24.8215,93.945,433,61.1,4,19,3,0.1,6845,6.0,2,0,2,2,2025-04-17T17:31:00+05:30,Nagamapal area (synthetic demo),evening_peak,clear,unsealed,local,0
24.8215,93.945,454,12.3,4,18,3,0.3,5199,6.0,2,0,2,2,2025-04-10T19:58:00+05:30,Nagamapal area (synthetic demo),evening_peak,clear,unsealed,local,0
24.8215,93.945,531,41.5,4,17,3,0.3,9508,6.0,2,0,2,2,2025-02-20T18:36:00+05:30,Nagamapal area (synthetic demo),evening_peak,clear,unsealed,local,0
24.8215,93.945,513,33.3,4,19,3,0.3,8434,6.0,2,0,2,2,2025-03-06T17:54:00+05:30,Nagamapal area (synthetic demo),evening_peak,clear,unsealed,local,0
24.8215,93.945,489,22.2,4,19,3,4.4,2833,6.0,2,0,2,2,2025-08-28T17:39:00+05:30,Nagamapal area (synthetic demo),evening_peak,rain,unsealed,local,0
24.8215,93.945,450,49.8,4,18,3,34.3,2918,6.0,2,0,2,2,2025-04-10T18:40:00+05:30,Nagamapal area (synthetic demo),evening_peak,rain,unsealed,local,1
24.8215,93.945,403,42.8,4,19,3,7.5,5305,6.0,2,0,2,2,2025-09-04T18:33:00+05:30,Nagamapal area (synthetic demo),evening_peak,rain,unsealed,local,0
24.8215,93.945,513,21.4,4,19,3,23.2,4110,6.0,2,0,2,2,2025-12-25T18:10:00+05:30,Nagamapal area (synthetic demo),evening_peak,rain,unsealed,local,0
24.8215,93.945,376,28.4,4,19,3,0.5,1547,6.0,2,0,2,2,2025-12-18T19:28:00+05:30,Nagamapal area (synthetic demo),evening_peak,fog,unsealed,local,0
24.8215,93.945,366,60.8,4,17,3,1.0,1746,6.0,2,0,2,2,2025-09-11T18:27:00+05:30,Nagamapal area (synthetic demo),evening_peak,fog,unsealed,local,1
24.8215,93.945,531,60.6,4,17,3,1.3,1760,6.0,2,0,2,2,2025-09-04T19:36:00+05:30,Nagamapal area (synthetic demo),evening_peak,fog,unsealed,local,1
24.8215,93.945,503,57.6,4,19,3,1.0,606,6.0,2,0,2,2,2025-03-20T19:36:00+05:30,Nagamapal area (synthetic demo),evening_peak,fog,unsealed,local,1
24.8215,93.945,130,16.6,4,0,3,0.1,8796,6.0,2,1,2,2,2025-08-14T23:15:00+05:30,Nagamapal area (synthetic demo),night,clear,unsealed,local,1
24.8215,93.945,126,58.4,4,22,3,0.3,6808,6.0,2,1,2,2,2025-05-01T00:33:00+05:30,Nagamapal area (synthetic demo),night,clear,unsealed,local,1
24.8215,93.945,137,40.4,4,23,3,0.1,5089,6.0,2,1,2,2,2025-04-10T00:00:00+05:30,Nagamapal area (synthetic demo),night,clear,unsealed,local,1
24.8215,93.945,107,29.2,4,22,3,0.4,9602,6.0,2,1,2,2,2025-04-17T22:15:00+05:30,Nagamapal area (synthetic demo),night,clear,unsealed,local,1
24.8215,93.945,143,32.0,4,0,3,15.3,1174,6.0,2,1,2,2,2025-01-30T00:39:00+05:30,Nagamapal area (synthetic demo),night,rain,unsealed,local,1
24.8215,93.945,120,60.6,4,0,3,18.2,4612,6.0,2,1,2,2,2025-07-03T23:43:00+05:30,Nagamapal area (synthetic demo),night,rain,unsealed,local,1
24.8215,93.945,106,41.3,4,22,3,20.4,4620,6.0,2,1,2,2,2025-07-03T23:44:00+05:30,Nagamapal area (synthetic demo),night,rain,unsealed,local,1
24.8215,93.945,113,36.2,4,0,3,26.3,3007,6.0,2,1,2,2,2025-01-16T22:12:00+05:30,Nagamapal area (synthetic demo),night,rain,unsealed,local,1
24.8215,93.945,142,46.6,4,0,3,0.2,340,6.0,2,0,2,2,2025-10-23T00:07:00+05:30,Nagamapal area (synthetic demo),night,fog,unsealed,local,1
24.8215,93.945,106,12.2,4,23,3,0.2,1527,6.0,2,1,2,2,2025-08-21T00:04:00+05:30,Nagamapal area (synthetic demo),night,fog,unsealed,local,1
24.8215,93.945,120,27.4,4,23,3,1.4,483,6.0,2,1,2,2,2025-10-16T23:24:00+05:30,Nagamapal area (synthetic demo),night,fog,unsealed,local,1
24.8215,93.945,151,29.1,4,0,3,0.2,1392,6.0,2,1,2,2,2025-01-16T23:51:00+05:30,Nagamapal area (synthetic demo),night,fog,unsealed,local,1
24.8215,93.945,148,13.6,4,5,4,0.5,9035,6.0,2,0,2,2,2025-05-02T06:38:00+05:30,Nagamapal area (synthetic demo),early_morning,clear,unsealed,local,0
24.8215,93.945,172,38.8,4,6,4,0.5,5315,6.0,2,0,2,2,2025-08-01T04:41:00+05:30,Nagamapal area (synthetic demo),early_morning,clear,unsealed,local,0
24.8215,93.945,193,39.7,4,4,4,0.4,5956,6.0,2,0,2,2,2025-09-12T05:46:00+05:30,Nagamapal area (synthetic demo),early_morning,clear,unsealed,local,0
24.8215,93.945,133,51.2,4,4,4,0.2,7115,6.0,2,0,2,2,2025-01-17T05:02:00+05:30,Nagamapal area (synthetic demo),early_morning,clear,unsealed,local,0
24.8215,93.945,144,61.6,4,5,4,9.0,2031,6.0,2,0,2,2,2025-04-11T05:06:00+05:30,Nagamapal area (synthetic demo),early_morning,rain,unsealed,local,0
24.8215,93.945,148,62.1,4,5,4,16.4,645,6.0,2,0,2,2,2025-05-30T05:01:00+05:30,Nagamapal area (synthetic demo),early_morning,rain,unsealed,local,1
24.8215,93.945,189,59.9,4,5,4,5.7,3485,6.0,2,0,2,2,2025-08-22T06:13:00+05:30,Nagamapal area (synthetic demo),early_morning,rain,unsealed,local,0
24.8215,93.945,145,23.9,4,5,4,15.5,2563,6.0,2,0,2,2,2025-12-19T05:39:00+05:30,Nagamapal area (synthetic demo),early_morning,rain,unsealed,local,0
24.8215,93.945,159,62.8,4,4,4,0.5,1520,6.0,2,0,2,2,2025-07-18T04:33:00+05:30,Nagamapal area (synthetic demo),early_morning,fog,unsealed,local,0
24.8215,93.945,153,34.9,4,5,4,1.2,181,6.0,2,0,2,2,2025-04-11T05:27:00+05:30,Nagamapal area (synthetic demo),early_morning,fog,unsealed,local,0
24.8215,93.945,154,12.9,4,6,4,0.0,165,6.0,2,0,2,2,2025-08-29T05:20:00+05:30,Nagamapal area (synthetic demo),early_morning,fog,unsealed,local,1
24.8215,93.945,190,48.3,4,4,4,1.3,852,6.0,2,0,2,2,2025-02-07T06:10:00+05:30,Nagamapal area (synthetic demo),early_morning,fog,unsealed,local,1
24.8215,93.945,315,49.8,4,13,4,0.0,8883,6.0,2,0,2,2,2025-12-12T12:43:00+05:30,Nagamapal area (synthetic demo),daytime,clear,unsealed,local,0
24.8215,93.945,295,45.9,4,11,4,0.2,5506,6.0,2,0,2,2,2025-01-17T12:46:00+05:30,Nagamapal area (synthetic demo),daytime,clear,unsealed,local,0
24.8215,93.945,332,16.7,4,13,4,0.5,5567,6.0,2,0,2,2,2025-04-04T13:30:00+05:30,Nagamapal area (synthetic demo),daytime,clear,unsealed,local,0
24.8215,93.945,292,21.8,4,13,4,0.4,7605,6.0,2,0,2,2,2025-10-10T11:08:00+05:30,Nagamapal area (synthetic demo),daytime,clear,unsealed,local,0
24.8215,93.945,325,40.1,4,12,4,21.8,3999,6.0,2,0,2,2,2025-05-23T11:43:00+05:30,Nagamapal area (synthetic demo),daytime,rain,unsealed,local,0
24.8215,93.945,259,51.1,4,13,4,21.3,1356,6.0,2,0,2,2,2025-08-29T12:32:00+05:30,Nagamapal area (synthetic demo),daytime,rain,unsealed,local,1
24.8215,93.945,321,63.0,4,12,4,31.4,2734,6.0,2,0,2,2,2025-07-04T11:18:00+05:30,Nagamapal area (synthetic demo),daytime,rain,unsealed,local,1
24.8215,93.945,333,32.1,4,12,4,5.8,1902,6.0,2,0,2,2,2025-04-04T11:30:00+05:30,Nagamapal area (synthetic demo),daytime,rain,unsealed,local,0
24.8215,93.945,270,40.5,4,11,4,0.5,1040,6.0,2,0,2,2,2025-01-03T13:23:00+05:30,Nagamapal area (synthetic demo),daytime,fog,unsealed,local,0
24.8215,93.945,273,61.7,4,12,4,1.0,332,6.0,2,0,2,2,2025-01-24T11:11:00+05:30,Nagamapal area (synthetic demo),daytime,fog,unsealed,local,1
24.8215,93.945,371,49.1,4,13,4,0.4,1799,6.0,2,0,2,2,2025-06-27T13:29:00+05:30,Nagamapal area (synthetic demo),daytime,fog,unsealed,local,0
24.8215,93.945,373,19.8,4,11,4,1.4,666,6.0,2,0,2,2,2025-10-03T12:46:00+05:30,Nagamapal area (synthetic demo),daytime,fog,unsealed,local,1
24.8215,93.945,371,14.5,4,19,4,0.4,8873,6.0,2,0,2,2,2025-11-14T19:27:00+05:30,Nagamapal area (synthetic demo),evening_peak,clear,unsealed,local,0
24.8215,93.945,529,24.0,4,18,4,0.2,7446,6.0,2,0,2,2,2025-06-20T19:24:00+05:30,Nagamapal area (synthetic demo),evening_peak,clear,unsealed,local,0
24.8215,93.945,490,24.8,4,17,4,0.0,5543,6.0,2,0,2,2,2025-08-22T17:22:00+05:30,Nagamapal area (synthetic demo),evening_peak,clear,unsealed,local,0
24.8215,93.945,381,38.4,4,19,4,0.3,8101,6.0,2,0,2,2,2025-06-06T19:00:00+05:30,Nagamapal area (synthetic demo),evening_peak,clear,unsealed,local,0
24.8215,93.945,391,39.4,4,19,4,5.2,4510,6.0,2,0,2,2,2025-04-11T18:47:00+05:30,Nagamapal area (synthetic demo),evening_peak,rain,unsealed,local,0
24.8215,93.945,425,34.4,4,18,4,18.8,517,6.0,2,0,2,2,2025-02-21T17:40:00+05:30,Nagamapal area (synthetic demo),evening_peak,rain,unsealed,local,1
24.8215,93.945,474,62.2,4,19,4,8.6,3338,6.0,2,0,2,2,2025-03-14T19:04:00+05:30,Nagamapal area (synthetic demo),evening_peak,rain,unsealed,local,0
24.8215,93.945,377,56.8,4,17,4,18.0,5089,6.0,2,0,2,2,2025-07-11T17:58:00+05:30,Nagamapal area (synthetic demo),evening_peak,rain,unsealed,local,1
24.8215,93.945,501,24.4,4,18,4,1.2,920,6.0,2,0,2,2,2025-04-04T17:20:00+05:30,Nagamapal area (synthetic demo),evening_peak,fog,unsealed,local,1
24.8215,93.945,414,59.2,4,18,4,0.5,858,6.0,2,0,2,2,2025-07-04T18:52:00+05:30,Nagamapal area (synthetic demo),evening_peak,fog,unsealed,local,1
24.8215,93.945,407,13.8,4,19,4,0.0,753,6.0,2,0,2,2,2025-07-04T18:19:00+05:30,Nagamapal area (synthetic demo),evening_peak,fog,unsealed,local,1
24.8215,93.945,449,14.6,4,18,4,1.5,1069,6.0,2,0,2,2,2025-08-15T17:09:00+05:30,Nagamapal area (synthetic demo),evening_peak,fog,unsealed,local,1
24.8215,93.945,140,37.0,4,23,4,0.0,7473,6.0,2,1,2,2,2025-08-08T22:17:00+05:30,Nagamapal area (synthetic demo),night,clear,unsealed,local,1
24.8215,93.945,113,57.4,4,22,4,0.2,6579,6.0,2,1,2,2,2025-12-26T22:18:00+05:30,Nagamapal area (synthetic demo),night,clear,unsealed,local,1
24.8215,93.945,145,38.1,4,0,4,0.4,9015,6.0,2,0,2,2,2025-06-13T23:47:00+05:30,Nagamapal area (synthetic demo),night,clear,unsealed,local,1
24.8215,93.945,142,24.6,4,22,4,0.5,4723,6.0,2,1,2,2,2025-08-15T00:23:00+05:30,Nagamapal area (synthetic demo),night,clear,unsealed,local,1
24.8215,93.945,129,32.8,4,23,4,14.7,3256,6.0,2,0,2,2,2025-04-18T22:38:00+05:30,Nagamapal area (synthetic demo),night,rain,unsealed,local,1
24.8215,93.945,147,43.9,4,0,4,14.1,1668,6.0,2,1,2,2,2025-03-21T22:50:00+05:30,Nagamapal area (synthetic demo),night,rain,unsealed,local,1
24.8215,93.945,136,18.9,4,23,4,8.0,3239,6.0,2,1,2,2,2025-01-24T22:15:00+05:30,Nagamapal area (synthetic demo),night,rain,unsealed,local,1
24.8215,93.945,128,43.7,4,0,4,29.0,4921,6.0,2,1,2,2,2025-02-21T00:00:00+05:30,Nagamapal area (synthetic demo),night,rain,unsealed,local,1
24.8215,93.945,127,49.7,4,0,4,0.7,1014,6.0,2,0,2,2,2025-10-10T23:49:00+05:30,Nagamapal area (synthetic demo),night,fog,unsealed,local,1
24.8215,93.945,142,60.7,4,23,4,1.4,1003,6.0,2,1,2,2,2025-10-24T23:27:00+05:30,Nagamapal area (synthetic demo),night,fog,unsealed,local,1
24.8215,93.945,138,23.6,4,23,4,1.1,1623,6.0,2,1,2,2,2025-02-14T23:04:00+05:30,Nagamapal area (synthetic demo),night,fog,unsealed,local,1
24.8215,93.945,109,38.3,4,0,4,0.2,1750,6.0,2,1,2,2,2025-04-25T22:11:00+05:30,Nagamapal area (synthetic demo),night,fog,unsealed,local,1
24.8215,93.945,132,23.2,4,5,5,0.1,4044,6.0,2,0,2,2,2025-10-04T04:18:00+05:30,Nagamapal area (synthetic demo),early_morning,clear,unsealed,local,0
24.8215,93.945,140,44.9,4,5,5,0.4,8383,6.0,2,0,2,2,2025-08-09T04:38:00+05:30,Nagamapal area (synthetic demo),early_morning,clear,unsealed,local,0
24.8215,93.945,148,20.8,4,4,5,0.0,6890,6.0,2,0,2,2,2025-02-08T04:25:00+05:30,Nagamapal area (synthetic demo),early_morning,clear,unsealed,local,0
24.8215,93.945,152,41.2,4,4,5,0.1,6490,6.0,2,0,2,2,2025-03-08T06:18:00+05:30,Nagamapal area (synthetic demo),early_morning,clear,unsealed,local,0
24.8215,93.945,144,35.4,4,4,5,20.5,4437,6.0,2,0,2,2,2025-04-19T05:22:00+05:30,Nagamapal area (synthetic demo),early_morning,rain,unsealed,local,0
24.8215,93.945,164,46.1,4,5,5,12.9,4639,6.0,2,0,2,2,2025-04-12T05:29:00+05:30,Nagamapal area (synthetic demo),early_morning,rain,unsealed,local,0
24.8215,93.945,130,48.0,4,5,5,11.1,3351,6.0,2,0,2,2,2025-04-26T04:29:00+05:30,Nagamapal area (synthetic demo),early_morning,rain,unsealed,local,0
24.8215,93.945,186,14.6,4,6,5,34.4,567,6.0,2,0,2,2,2025-11-08T06:09:00+05:30,Nagamapal area (synthetic demo),early_morning,rain,unsealed,local,1
24.8215,93.945,167,48.7,4,5,5,0.0,867,6.0,2,0,2,2,2025-03-01T04:26:00+05:30,Nagamapal area (synthetic demo),early_morning,fog,unsealed,local,1
24.8215,93.945,192,58.0,4,5,5,1.1,1124,6.0,2,0,2,2,2025-11-15T05:23:00+05:30,Nagamapal area (synthetic demo),early_morning,fog,unsealed,local,1
24.8215,93.945,174,41.2,4,5,5,0.2,1163,6.0,2,0,2,2,2025-08-16T04:00:00+05:30,Nagamapal area (synthetic demo),early_morning,fog,unsealed,local,0
24.8215,93.945,139,16.6,4,5,5,0.7,1179,6.0,2,0,2,2,2025-03-01T06:15:00+05:30,Nagamapal area (synthetic demo),early_morning,fog,unsealed,local,0
24.8215,93.945,261,15.2,4,11,5,0.5,6550,6.0,2,0,2,2,2025-05-10T12:49:00+05:30,Nagamapal area (synthetic demo),daytime,clear,unsealed,local,0
24.8215,93.945,370,25.3,4,11,5,0.1,8211,6.0,2,0,2,2,2025-01-04T11:11:00+05:30,Nagamapal area (synthetic demo),daytime,clear,unsealed,local,0
24.8215,93.945,351,49.6,4,12,5,0.4,8905,6.0,2,0,2,2,2025-11-29T11:53:00+05:30,Nagamapal area (synthetic demo),daytime,clear,unsealed,local,0
24.8215,93.945,350,12.4,4,13,5,0.2,5800,6.0,2,0,2,2,2025-03-08T12:45:00+05:30,Nagamapal area (synthetic demo),daytime,clear,unsealed,local,0
24.8215,93.945,350,18.6,4,12,5,32.9,3403,6.0,2,0,2,2,2025-08-16T12:02:00+05:30,Nagamapal area (synthetic demo),daytime,rain,unsealed,local,1
24.8215,93.945,311,43.5,4,12,5,17.2,5780,6.0,2,0,2,2,2025-03-01T12:38:00+05:30,Nagamapal area (synthetic demo),daytime,rain,unsealed,local,0
24.8215,93.945,297,15.6,4,11,5,20.7,3903,6.0,2,0,2,2,2025-10-18T11:01:00+05:30,Nagamapal area (synthetic demo),daytime,rain,unsealed,local,0
24.8215,93.945,290,28.0,4,13,5,34.9,5292,6.0,2,0,2,2,2025-07-26T13:30:00+05:30,Nagamapal area (synthetic demo),daytime,rain,unsealed,local,0
24.8215,93.945,350,35.0,4,12,5,1.0,111,6.0,2,0,2,2,2025-01-25T13:49:00+05:30,Nagamapal area (synthetic demo),daytime,fog,unsealed,local,1
24.8215,93.945,346,13.0,4,11,5,1.2,1217,6.0,2,0,2,2,2025-11-08T11:22:00+05:30,Nagamapal area (synthetic demo),daytime,fog,unsealed,local,0
24.8215,93.945,292,32.3,4,12,5,0.9,665,6.0,2,0,2,2,2025-11-29T11:51:00+05:30,Nagamapal area (synthetic demo),daytime,fog,unsealed,local,0
24.8215,93.945,267,13.0,4,11,5,0.8,1093,6.0,2,0,2,2,2025-01-11T13:43:00+05:30,Nagamapal area (synthetic demo),daytime,fog,unsealed,local,0
24.8215,93.945,509,53.4,4,17,5,0.2,7008,6.0,2,0,2,2,2025-03-01T18:38:00+05:30,Nagamapal area (synthetic demo),evening_peak,clear,unsealed,local,0
24.8215,93.945,536,63.9,4,19,5,0.2,7397,6.0,2,0,2,2,2025-01-04T17:28:00+05:30,Nagamapal area (synthetic demo),evening_peak,clear,unsealed,local,0
24.8215,93.945,379,14.7,4,19,5,0.5,6226,6.0,2,0,2,2,2025-11-15T18:31:00+05:30,Nagamapal area (synthetic demo),evening_peak,clear,unsealed,local,0
24.8215,93.945,448,21.6,4,19,5,0.0,7501,6.0,2,0,2,2,2025-02-15T17:14:00+05:30,Nagamapal area (synthetic demo),evening_peak,clear,unsealed,local,0
24.8215,93.945,433,53.3,4,18,5,16.4,4242,6.0,2,0,2,2,2025-12-13T19:42:00+05:30,Nagamapal area (synthetic demo),evening_peak,rain,unsealed,local,0
24.8215,93.945,424,18.3,4,17,5,11.9,1514,6.0,2,0,2,2,2025-01-04T17:24:00+05:30,Nagamapal area (synthetic demo),evening_peak,rain,unsealed,local,1
24.8215,93.945,504,21.7,4,19,5,34.9,3904,6.0,2,0,2,2,2025-03-01T17:54:00+05:30,Nagamapal area (synthetic demo),evening_peak,rain,unsealed,local,1
24.8215,93.945,493,46.9,4,18,5,3.8,943,6.0,2,0,2,2,2025-08-16T18:30:00+05:30,Nagamapal area (synthetic demo),evening_peak,rain,unsealed,local,1
24.8215,93.945,391,38.8,4,19,5,0.8,644,6.0,2,0,2,2,2025-04-26T17:37:00+05:30,Nagamapal area (synthetic demo),evening_peak,fog,unsealed,local,1
24.8215,93.945,519,15.9,4,18,5,1.3,1162,6.0,2,0,2,2,2025-09-06T19:39:00+05:30,Nagamapal area (synthetic demo),evening_peak,fog,unsealed,local,0
24.8215,93.945,395,56.4,4,19,5,1.5,1149,6.0,2,0,2,2,2025-10-04T18:02:00+05:30,Nagamapal area (synthetic demo),evening_peak,fog,unsealed,local,1
24.8215,93.945,516,46.5,4,19,5,0.3,489,6.0,2,0,2,2,2025-10-11T18:43:00+05:30,Nagamapal area (synthetic demo),evening_peak,fog,unsealed,local,1
24.8215,93.945,140,62.4,4,22,5,0.2,5024,6.0,2,0,2,2,2025-10-04T23:43:00+05:30,Nagamapal area (synthetic demo),night,clear,unsealed,local,1
24.8215,93.945,134,25.6,4,0,5,0.2,4983,6.0,2,0,2,2,2025-06-28T22:58:00+05:30,Nagamapal area (synthetic demo),night,clear,unsealed,local,0
24.8215,93.945,148,41.6,4,0,5,0.1,4724,6.0,2,0,2,2,2025-05-10T22:54:00+05:30,Nagamapal area (synthetic demo),night,clear,unsealed,local,1
24.8215,93.945,139,39.0,4,23,5,0.0,7340,6.0,2,1,2,2,2025-10-11T22:05:00+05:30,Nagamapal area (synthetic demo),night,clear,unsealed,local,1
24.8215,93.945,148,60.2,4,23,5,32.8,1152,6.0,2,1,2,2,2025-03-29T00:39:00+05:30,Nagamapal area (synthetic demo),night,rain,unsealed,local,1
24.8215,93.945,106,15.3,4,23,5,28.7,5820,6.0,2,1,2,2,2025-05-10T23:01:00+05:30,Nagamapal area (synthetic demo),night,rain,unsealed,local,1
24.8215,93.945,148,44.1,4,0,5,31.3,2786,6.0,2,1,2,2,2025-02-01T23:21:00+05:30,Nagamapal area (synthetic demo),night,rain,unsealed,local,1
24.8215,93.945,130,59.7,4,23,5,24.7,3794,6.0,2,1,2,2,2025-05-24T23:46:00+05:30,Nagamapal area (synthetic demo),night,rain,unsealed,local,1
24.8215,93.945,112,36.6,4,23,5,1.4,1674,6.0,2,1,2,2,2025-07-26T23:46:00+05:30,Nagamapal area (synthetic demo),night,fog,unsealed,local,1
24.8215,93.945,123,61.3,4,23,5,0.2,721,6.0,2,0,2,2,2025-10-04T23:39:00+05:30,Nagamapal area (synthetic demo),night,fog,unsealed,local,1
24.8215,93.945,133,52.2,4,0,5,0.6,792,6.0,2,1,2,2,2025-06-28T23:33:00+05:30,Nagamapal area (synthetic demo),night,fog,unsealed,local,1
24.8215,93.945,134,41.3,4,23,5,1.3,575,6.0,2,1,2,2,2025-12-06T23:56:00+05:30,Nagamapal area (synthetic demo),night,fog,unsealed,local,1
24.8215,93.945,143,34.8,4,6,6,0.2,7757,6.0,2,0,2,2,2025-08-17T06:49:00+05:30,Nagamapal area (synthetic demo),early_morning,clear,unsealed,local,0
24.8215,93.945,166,45.8,4,4,6,0.4,9377,6.0,2,0,2,2,2025-05-11T06:46:00+05:30,Nagamapal area (synthetic demo),early_morning,clear,unsealed,local,0
24.8215,93.945,172,42.1,4,5,6,0.2,8800,6.0,2,0,2,2,2025-10-19T05:02:00+05:30,Nagamapal area (synthetic demo),early_morning,clear,unsealed,local,0
24.8215,93.945,149,41.8,4,5,6,0.5,4024,6.0,2,0,2,2,2025-11-02T05:27:00+05:30,Nagamapal area (synthetic demo),early_morning,clear,unsealed,local,0
24.8215,93.945,140,24.1,4,6,6,24.1,2565,6.0,2,0,2,2,2025-07-06T05:01:00+05:30,Nagamapal area (synthetic demo),early_morning,rain,unsealed,local,0
24.8215,93.945,176,39.2,4,6,6,21.7,3153,6.0,2,0,2,2,2025-02-23T06:26:00+05:30,Nagamapal area (synthetic demo),early_morning,rain,unsealed,local,0
24.8215,93.945,182,48.7,4,5,6,33.2,571,6.0,2,0,2,2,2025-08-31T05:27:00+05:30,Nagamapal area (synthetic demo),early_morning,rain,unsealed,local,1
24.8215,93.945,154,58.9,4,5,6,31.3,5860,6.0,2,0,2,2,2025-08-24T05:17:00+05:30,Nagamapal area (synthetic demo),early_morning,rain,unsealed,local,0
24.8215,93.945,171,35.1,4,6,6,1.3,1363,6.0,2,0,2,2,2025-12-07T04:24:00+05:30,Nagamapal area (synthetic demo),early_morning,fog,unsealed,local,0
24.8215,93.945,171,36.2,4,6,6,1.5,502,6.0,2,0,2,2,2025-08-31T06:29:00+05:30,Nagamapal area (synthetic demo),early_morning,fog,unsealed,local,0
24.8215,93.945,138,17.2,4,5,6,0.1,1660,6.0,2,0,2,2,2025-07-27T06:13:00+05:30,Nagamapal area (synthetic demo),early_morning,fog,unsealed,local,0
24.8215,93.945,151,17.9,4,4,6,0.4,1513,6.0,2,0,2,2,2025-04-27T04:03:00+05:30,Nagamapal area (synthetic demo),early_morning,fog,unsealed,local,0
24.8215,93.945,313,58.3,4,13,6,0.1,5272,6.0,2,0,2,2,2025-11-09T13:23:00+05:30,Nagamapal area (synthetic demo),daytime,clear,unsealed,local,0
24.8215,93.945,387,53.5,4,12,6,0.4,5302,6.0,2,0,2,2,2025-02-09T13:00:00+05:30,Nagamapal area (synthetic demo),daytime,clear,unsealed,local,0
24.8215,93.945,373,54.7,4,11,6,0.5,7463,6.0,2,0,2,2,2025-04-13T13:07:00+05:30,Nagamapal area (synthetic demo),daytime,clear,unsealed,local,0
24.8215,93.945,290,54.3,4,11,6,0.2,7940,6.0,2,0,2,2,2025-03-09T12:01:00+05:30,Nagamapal area (synthetic demo),daytime,clear,unsealed,local,0
24.8215,93.945,324,29.4,4,11,6,20.0,4955,6.0,2,0,2,2,2025-09-07T12:15:00+05:30,Nagamapal area (synthetic demo),daytime,rain,unsealed,local,0
24.8215,93.945,372,35.8,4,11,6,19.2,1030,6.0,2,0,2,2,2025-03-30T12:09:00+05:30,Nagamapal area (synthetic demo),daytime,rain,unsealed,local,1
24.8215,93.945,320,48.7,4,13,6,33.1,4483,6.0,2,0,2,2,2025-02-16T13:34:00+05:30,Nagamapal area (synthetic demo),daytime,rain,unsealed,local,0
24.8215,93.945,278,18.2,4,11,6,8.5,1659,6.0,2,0,2,2,2025-10-19T13:28:00+05:30,Nagamapal area (synthetic demo),daytime,rain,unsealed,local,0
24.8215,93.945,285,62.4,4,11,6,1.5,698,6.0,2,0,2,2,2025-11-23T13:20:00+05:30,Nagamapal area (synthetic demo),daytime,fog,unsealed,local,1
24.8215,93.945,305,52.7,4,12,6,0.9,323,6.0,2,0,2,2,2025-07-13T12:16:00+05:30,Nagamapal area (synthetic demo),daytime,fog,unsealed,local,1
24.8215,93.945,361,42.7,4,13,6,0.4,872,6.0,2,0,2,2,2025-04-13T11:54:00+05:30,Nagamapal area (synthetic demo),daytime,fog,unsealed,local,1
24.8215,93.945,388,28.1,4,13,6,0.0,276,6.0,2,0,2,2,2025-11-02T11:32:00+05:30,Nagamapal area (synthetic demo),daytime,fog,unsealed,local,1
24.8215,93.945,371,59.5,4,18,6,0.4,5849,6.0,2,0,2,2,2025-11-09T19:45:00+05:30,Nagamapal area (synthetic demo),evening_peak,clear,unsealed,local,0
24.8215,93.945,388,63.6,4,18,6,0.2,6682,6.0,2,0,2,2,2025-09-14T18:40:00+05:30,Nagamapal area (synthetic demo),evening_peak,clear,unsealed,local,0
24.8215,93.945,372,62.0,4,18,6,0.3,8324,6.0,2,0,2,2,2025-03-30T18:59:00+05:30,Nagamapal area (synthetic demo),evening_peak,clear,unsealed,local,0
24.8215,93.945,487,32.6,4,18,6,0.4,5183,6.0,2,0,2,2,2025-06-01T17:08:00+05:30,Nagamapal area (synthetic demo),evening_peak,clear,unsealed,local,0
24.8215,93.945,495,58.2,4,17,6,30.1,3097,6.0,2,0,2,2,2025-03-02T18:57:00+05:30,Nagamapal area (synthetic demo),evening_peak,rain,unsealed,local,1
24.8215,93.945,493,38.3,4,17,6,17.2,2160,6.0,2,0,2,2,2025-01-12T17:20:00+05:30,Nagamapal area (synthetic demo),evening_peak,rain,unsealed,local,1
24.8215,93.945,519,22.9,4,17,6,9.2,4920,6.0,2,0,2,2,2025-11-16T18:38:00+05:30,Nagamapal area (synthetic demo),evening_peak,rain,unsealed,local,0
24.8215,93.945,539,53.9,4,18,6,31.5,3892,6.0,2,0,2,2,2025-08-03T18:47:00+05:30,Nagamapal area (synthetic demo),evening_peak,rain,unsealed,local,1
24.8215,93.945,383,53.7,4,18,6,0.7,389,6.0,2,0,2,2,2025-10-19T19:26:00+05:30,Nagamapal area (synthetic demo),evening_peak,fog,unsealed,local,1
24.8215,93.945,410,38.0,4,18,6,1.5,982,6.0,2,0,2,2,2025-02-09T17:16:00+05:30,Nagamapal area (synthetic demo),evening_peak,fog,unsealed,local,1
24.8215,93.945,519,35.3,4,18,6,0.7,341,6.0,2,0,2,2,2025-01-26T17:53:00+05:30,Nagamapal area (synthetic demo),evening_peak,fog,unsealed,local,1
24.8215,93.945,384,31.0,4,19,6,1.1,186,6.0,2,0,2,2,2025-06-08T19:31:00+05:30,Nagamapal area (synthetic demo),evening_peak,fog,unsealed,local,1
24.8215,93.945,147,31.7,4,23,6,0.2,4397,6.0,2,1,2,2,2025-07-06T22:14:00+05:30,Nagamapal area (synthetic demo),night,clear,unsealed,local,1
24.8215,93.945,127,20.4,4,23,6,0.2,5142,6.0,2,1,2,2,2025-05-25T22:56:00+05:30,Nagamapal area (synthetic demo),night,clear,unsealed,local,1
24.8215,93.945,137,16.4,4,23,6,0.3,9254,6.0,2,1,2,2,2025-08-03T00:59:00+05:30,Nagamapal area (synthetic demo),night,clear,unsealed,local,1
24.8215,93.945,128,55.2,4,22,6,0.0,9041,6.0,2,1,2,2,2025-02-16T00:11:00+05:30,Nagamapal area (synthetic demo),night,clear,unsealed,local,1
24.8215,93.945,117,37.8,4,0,6,23.9,1250,6.0,2,0,2,2,2025-02-16T22:00:00+05:30,Nagamapal area (synthetic demo),night,rain,unsealed,local,1
24.8215,93.945,139,62.5,4,0,6,15.0,1271,6.0,2,0,2,2,2025-11-30T23:12:00+05:30,Nagamapal area (synthetic demo),night,rain,unsealed,local,1
24.8215,93.945,148,45.0,4,0,6,12.8,4929,6.0,2,1,2,2,2025-04-27T00:41:00+05:30,Nagamapal area (synthetic demo),night,rain,unsealed,local,1
24.8215,93.945,103,29.7,4,22,6,23.4,3768,6.0,2,1,2,2,2025-11-09T22:36:00+05:30,Nagamapal area (synthetic demo),night,rain,unsealed,local,1
24.8215,93.945,141,32.6,4,22,6,0.7,1335,6.0,2,1,2,2,2025-05-18T23:09:00+05:30,Nagamapal area (synthetic demo),night,fog,unsealed,local,1
24.8215,93.945,148,61.9,4,22,6,0.5,526,6.0,2,1,2,2,2025-05-11T23:44:00+05:30,Nagamapal area (synthetic demo),night,fog,unsealed,local,1
24.8215,93.945,136,29.6,4,22,6,1.5,578,6.0,2,1,2,2,2025-06-01T22:50:00+05:30,Nagamapal area (synthetic demo),night,fog,unsealed,local,1
24.8215,93.945,139,57.9,4,0,6,0.5,146,6.0,2,0,2,2,2025-04-27T23:39:00+05:30,Nagamapal area (synthetic demo),night,fog,unsealed,local,1
24.789,93.939,356,28.0,13,4,0,0.1,4775,8.5,1,0,0,1,2025-01-27T04:41:00+05:30,Singjamei area (synthetic demo),early_morning,clear,paved,collector,0
24.789,93.939,352,28.6,13,5,0,0.1,6781,8.5,1,0,0,1,2025-08-04T05:26:00+05:30,Singjamei area (synthetic demo),early_morning,clear,paved,collector,0
24.789,93.939,341,37.1,13,6,0,0.3,4519,8.5,1,0,0,1,2025-05-19T04:28:00+05:30,Singjamei area (synthetic demo),early_morning,clear,paved,collector,0
24.789,93.939,447,52.8,13,4,0,0.5,7297,8.5,1,0,0,1,2025-02-24T06:41:00+05:30,Singjamei area (synthetic demo),early_morning,clear,paved,collector,0
24.789,93.939,431,21.5,13,4,0,16.4,864,8.5,1,0,0,1,2025-07-14T04:38:00+05:30,Singjamei area (synthetic demo),early_morning,rain,paved,collector,1
24.789,93.939,466,62.2,13,6,0,25.6,5635,8.5,1,0,0,1,2025-08-11T05:56:00+05:30,Singjamei area (synthetic demo),early_morning,rain,paved,collector,0
24.789,93.939,430,18.2,13,4,0,13.3,1230,8.5,1,0,0,1,2025-08-18T06:50:00+05:30,Singjamei area (synthetic demo),early_morning,rain,paved,collector,0
24.789,93.939,388,61.7,13,5,0,5.9,1792,8.5,1,0,0,1,2025-10-20T05:55:00+05:30,Singjamei area (synthetic demo),early_morning,rain,paved,collector,0
24.789,93.939,349,20.8,13,4,0,0.8,398,8.5,1,0,0,1,2025-06-30T04:21:00+05:30,Singjamei area (synthetic demo),early_morning,fog,paved,collector,0
24.789,93.939,364,21.8,13,5,0,1.4,1680,8.5,1,0,0,1,2025-12-08T04:15:00+05:30,Singjamei area (synthetic demo),early_morning,fog,paved,collector,0
24.789,93.939,351,17.2,13,6,0,0.9,1226,8.5,1,0,0,1,2025-05-12T04:05:00+05:30,Singjamei area (synthetic demo),early_morning,fog,paved,collector,0
24.789,93.939,360,47.5,13,4,0,0.1,1533,8.5,1,0,0,1,2025-05-26T05:50:00+05:30,Singjamei area (synthetic demo),early_morning,fog,paved,collector,0
24.789,93.939,817,64.8,13,12,0,0.2,7483,8.5,1,0,0,1,2025-09-08T12:34:00+05:30,Singjamei area (synthetic demo),daytime,clear,paved,collector,0
24.789,93.939,920,49.5,13,11,0,0.0,7923,8.5,1,0,0,1,2025-10-20T11:09:00+05:30,Singjamei area (synthetic demo),daytime,clear,paved,collector,0
24.789,93.939,649,30.9,13,13,0,0.3,9429,8.5,1,0,0,1,2025-09-01T11:38:00+05:30,Singjamei area (synthetic demo),daytime,clear,paved,collector,0
24.789,93.939,657,32.8,13,13,0,0.2,9046,8.5,1,0,0,1,2025-05-12T11:51:00+05:30,Singjamei area (synthetic demo),daytime,clear,paved,collector,0
24.789,93.939,827,51.9,13,13,0,9.4,4711,8.5,1,0,0,1,2025-03-03T12:55:00+05:30,Singjamei area (synthetic demo),daytime,rain,paved,collector,0
24.789,93.939,689,61.7,13,12,0,10.2,4839,8.5,1,0,0,1,2025-02-17T13:47:00+05:30,Singjamei area (synthetic demo),daytime,rain,paved,collector,0
24.789,93.939,650,28.0,13,13,0,6.2,2181,8.5,1,0,0,1,2025-08-18T11:15:00+05:30,Singjamei area (synthetic demo),daytime,rain,paved,collector,0
24.789,93.939,657,14.7,13,13,0,27.9,5189,8.5,1,0,0,1,2025-07-28T12:14:00+05:30,Singjamei area (synthetic demo),daytime,rain,paved,collector,0
24.789,93.939,731,59.5,13,11,0,0.6,1625,8.5,1,0,0,1,2025-11-10T12:59:00+05:30,Singjamei area (synthetic demo),daytime,fog,paved,collector,1
24.789,93.939,884,13.6,13,13,0,0.2,570,8.5,1,0,0,1,2025-05-12T13:19:00+05:30,Singjamei area (synthetic demo),daytime,fog,paved,collector,0
24.789,93.939,936,16.3,13,11,0,1.0,1619,8.5,1,0,0,1,2025-09-29T13:10:00+05:30,Singjamei area (synthetic demo),daytime,fog,paved,collector,1
24.789,93.939,836,16.3,13,13,0,0.9,684,8.5,1,0,0,1,2025-10-20T13:58:00+05:30,Singjamei area (synthetic demo),daytime,fog,paved,collector,1
24.789,93.939,1171,21.8,13,17,0,0.4,6465,8.5,1,0,0,1,2025-06-09T19:05:00+05:30,Singjamei area (synthetic demo),evening_peak,clear,paved,collector,0
24.789,93.939,1178,41.1,13,18,0,0.0,9669,8.5,1,0,0,1,2025-08-18T17:36:00+05:30,Singjamei area (synthetic demo),evening_peak,clear,paved,collector,0
24.789,93.939,1106,45.8,13,17,0,0.1,9505,8.5,1,0,0,1,2025-06-02T17:57:00+05:30,Singjamei area (synthetic demo),evening_peak,clear,paved,collector,0
24.789,93.939,933,45.0,13,18,0,0.2,9104,8.5,1,0,0,1,2025-01-20T18:36:00+05:30,Singjamei area (synthetic demo),evening_peak,clear,paved,collector,0
24.789,93.939,1292,64.8,13,19,0,19.6,3324,8.5,1,0,0,1,2025-06-23T17:07:00+05:30,Singjamei area (synthetic demo),evening_peak,rain,paved,collector,1
24.789,93.939,1231,23.5,13,18,0,11.6,3036,8.5,1,0,0,1,2025-06-16T18:44:00+05:30,Singjamei area (synthetic demo),evening_peak,rain,paved,collector,1
24.789,93.939,1313,25.2,13,17,0,24.6,3433,8.5,1,0,0,1,2025-06-30T19:11:00+05:30,Singjamei area (synthetic demo),evening_peak,rain,paved,collector,1
24.789,93.939,1132,15.8,13,17,0,32.2,2868,8.5,1,0,0,1,2025-01-20T19:32:00+05:30,Singjamei area (synthetic demo),evening_peak,rain,paved,collector,1
24.789,93.939,1165,24.8,13,17,0,1.5,205,8.5,1,0,0,1,2025-10-06T19:57:00+05:30,Singjamei area (synthetic demo),evening_peak,fog,paved,collector,1
24.789,93.939,1225,31.4,13,19,0,0.8,588,8.5,1,0,0,1,2025-09-08T17:25:00+05:30,Singjamei area (synthetic demo),evening_peak,fog,paved,collector,1
24.789,93.939,1108,56.6,13,19,0,0.3,1178,8.5,1,0,0,1,2025-06-23T19:31:00+05:30,Singjamei area (synthetic demo),evening_peak,fog,paved,collector,1
24.789,93.939,1234,15.2,13,19,0,0.8,693,8.5,1,0,0,1,2025-10-20T18:45:00+05:30,Singjamei area (synthetic demo),evening_peak,fog,paved,collector,1
24.789,93.939,256,42.3,13,0,0,0.3,7410,8.5,1,0,0,1,2025-06-09T00:52:00+05:30,Singjamei area (synthetic demo),night,clear,paved,collector,0
24.789,93.939,300,54.1,13,23,0,0.3,9587,8.5,1,0,0,1,2025-05-26T23:34:00+05:30,Singjamei area (synthetic demo),night,clear,paved,collector,0
24.789,93.939,273,18.7,13,22,0,0.1,5270,8.5,1,1,0,1,2025-03-24T22:34:00+05:30,Singjamei area (synthetic demo),night,clear,paved,collector,1
24.789,93.939,279,20.7,13,0,0,0.4,7267,8.5,1,1,0,1,2025-01-20T00:04:00+05:30,Singjamei area (synthetic demo),night,clear,paved,collector,1
24.789,93.939,372,32.7,13,0,0,20.7,4002,8.5,1,0,0,1,2025-12-22T00:04:00+05:30,Singjamei area (synthetic demo),night,rain,paved,collector,0
24.789,93.939,347,51.4,13,23,0,26.7,4399,8.5,1,1,0,1,2025-05-05T00:45:00+05:30,Singjamei area (synthetic demo),night,rain,paved,collector,1
24.789,93.939,358,29.2,13,0,0,4.6,5437,8.5,1,0,0,1,2025-12-22T22:49:00+05:30,Singjamei area (synthetic demo),night,rain,paved,collector,0
24.789,93.939,315,16.6,13,23,0,5.9,5360,8.5,1,0,0,1,2025-06-16T00:59:00+05:30,Singjamei area (synthetic demo),night,rain,paved,collector,0
24.789,93.939,285,14.5,13,23,0,0.1,1048,8.5,1,1,0,1,2025-10-27T22:02:00+05:30,Singjamei area (synthetic demo),night,fog,paved,collector,1
24.789,93.939,294,54.7,13,22,0,0.8,1113,8.5,1,0,0,1,2025-10-27T00:19:00+05:30,Singjamei area (synthetic demo),night,fog,paved,collector,1
24.789,93.939,267,22.8,13,23,0,0.1,401,8.5,1,1,0,1,2025-05-26T00:14:00+05:30,Singjamei area (synthetic demo),night,fog,paved,collector,1
24.789,93.939,271,30.8,13,22,0,1.3,203,8.5,1,1,0,1,2025-03-03T22:25:00+05:30,Singjamei area (synthetic demo),night,fog,paved,collector,1
24.789,93.939,459,42.6,13,4,1,0.1,7122,8.5,1,0,0,1,2025-05-13T04:47:00+05:30,Singjamei area (synthetic demo),early_morning,clear,paved,collector,0
24.789,93.939,452,33.5,13,6,1,0.1,5250,8.5,1,0,0,1,2025-11-18T06:15:00+05:30,Singjamei area (synthetic demo),early_morning,clear,paved,collector,0
24.789,93.939,382,18.0,13,4,1,0.4,6605,8.5,1,0,0,1,2025-01-14T06:01:00+05:30,Singjamei area (synthetic demo),early_morning,clear,paved,collector,0
24.789,93.939,401,64.6,13,5,1,0.3,5744,8.5,1,0,0,1,2025-03-18T06:04:00+05:30,Singjamei area (synthetic demo),early_morning,clear,paved,collector,0
24.789,93.939,375,21.9,13,4,1,17.6,4629,8.5,1,0,0,1,2025-10-28T05:53:00+05:30,Singjamei area (synthetic demo),early_morning,rain,paved,collector,0
24.789,93.939,338,25.1,13,5,1,18.7,2030,8.5,1,0,0,1,2025-09-30T06:19:00+05:30,Singjamei area (synthetic demo),early_morning,rain,paved,collector,0
24.789,93.939,368,57.5,13,4,1,22.5,5793,8.5,1,0,0,1,2025-02-04T05:47:00+05:30,Singjamei area (synthetic demo),early_morning,rain,paved,collector,0
24.789,93.939,450,47.6,13,4,1,34.6,1072,8.5,1,0,0,1,2025-07-22T05:04:00+05:30,Singjamei area (synthetic demo),early_morning,rain,paved,collector,1
24.789,93.939,417,31.5,13,4,1,0.2,1060,8.5,1,0,0,1,2025-06-17T05:08:00+05:30,Singjamei area (synthetic demo),early_morning,fog,paved,collector,0
24.789,93.939,327,47.8,13,6,1,1.1,1380,8.5,1,0,0,1,2025-12-23T06:09:00+05:30,Singjamei area (synthetic demo),early_morning,fog,paved,collector,0
24.789,93.939,379,55.1,13,6,1,1.0,1304,8.5,1,0,0,1,2025-07-01T06:27:00+05:30,Singjamei area (synthetic demo),early_morning,fog,paved,collector,0
24.789,93.939,425,18.3,13,5,1,0.6,885,8.5,1,0,0,1,2025-09-02T05:11:00+05:30,Singjamei area (synthetic demo),early_morning,fog,paved,collector,0
24.789,93.939,936,29.0,13,12,1,0.4,5098,8.5,1,0,0,1,2025-04-29T12:24:00+05:30,Singjamei area (synthetic demo),daytime,clear,paved,collector,0
24.789,93.939,869,14.9,13,13,1,0.0,4231,8.5,1,0,0,1,2025-08-12T12:40:00+05:30,Singjamei area (synthetic demo),daytime,clear,paved,collector,0
24.789,93.939,677,26.8,13,13,1,0.3,5375,8.5,1,0,0,1,2025-11-18T13:37:00+05:30,Singjamei area (synthetic demo),daytime,clear,paved,collector,0
24.789,93.939,794,32.4,13,11,1,0.3,5430,8.5,1,0,0,1,2025-12-16T11:56:00+05:30,Singjamei area (synthetic demo),daytime,clear,paved,collector,0
24.789,93.939,740,53.4,13,13,1,12.1,3638,8.5,1,0,0,1,2025-06-03T13:46:00+05:30,Singjamei area (synthetic demo),daytime,rain,paved,collector,0
24.789,93.939,872,26.7,13,13,1,21.9,4574,8.5,1,0,0,1,2025-07-08T13:33:00+05:30,Singjamei area (synthetic demo),daytime,rain,paved,collector,0
24.789,93.939,774,53.7,13,13,1,32.4,4154,8.5,1,0,0,1,2025-06-24T13:58:00+05:30,Singjamei area (synthetic demo),daytime,rain,paved,collector,1
24.789,93.939,911,21.3,13,12,1,6.4,770,8.5,1,0,0,1,2025-09-16T13:33:00+05:30,Singjamei area (synthetic demo),daytime,rain,paved,collector,1
24.789,93.939,836,64.3,13,13,1,1.1,1174,8.5,1,0,0,1,2025-05-13T12:32:00+05:30,Singjamei area (synthetic demo),daytime,fog,paved,collector,1
24.789,93.939,916,49.4,13,13,1,0.1,962,8.5,1,0,0,1,2025-04-08T13:15:00+05:30,Singjamei area (synthetic demo),daytime,fog,paved,collector,0
24.789,93.939,705,61.4,13,12,1,0.1,1674,8.5,1,0,0,1,2025-06-10T12:11:00+05:30,Singjamei area (synthetic demo),daytime,fog,paved,collector,0
24.789,93.939,712,23.2,13,12,1,0.7,712,8.5,1,0,0,1,2025-07-29T11:06:00+05:30,Singjamei area (synthetic demo),daytime,fog,paved,collector,0
24.789,93.939,1297,52.4,13,17,1,0.5,9557,8.5,1,0,0,1,2025-03-18T19:15:00+05:30,Singjamei area (synthetic demo),evening_peak,clear,paved,collector,0
24.789,93.939,1153,64.1,13,18,1,0.2,9924,8.5,1,0,0,1,2025-12-23T17:55:00+05:30,Singjamei area (synthetic demo),evening_peak,clear,paved,collector,0
24.789,93.939,1328,32.4,13,18,1,0.1,4698,8.5,1,0,0,1,2025-04-22T17:37:00+05:30,Singjamei area (synthetic demo),evening_peak,clear,paved,collector,0
24.789,93.939,1322,36.5,13,18,1,0.1,6484,8.5,1,0,0,1,2025-07-15T18:44:00+05:30,Singjamei area (synthetic demo),evening_peak,clear,paved,collector,0
24.789,93.939,917,62.1,13,18,1,22.6,4896,8.5,1,0,0,1,2025-11-25T19:24:00+05:30,Singjamei area (synthetic demo),evening_peak,rain,paved,collector,1
24.789,93.939,1277,57.1,13,18,1,30.4,1172,8.5,1,0,0,1,2025-02-18T19:01:00+05:30,Singjamei area (synthetic demo),evening_peak,rain,paved,collector,1
24.789,93.939,1164,33.9,13,18,1,32.1,2303,8.5,1,0,0,1,2025-01-28T18:18:00+05:30,Singjamei area (synthetic demo),evening_peak,rain,paved,collector,1
24.789,93.939,1325,12.8,13,18,1,14.8,5703,8.5,1,0,0,1,2025-02-25T17:52:00+05:30,Singjamei area (synthetic demo),evening_peak,rain,paved,collector,0
24.789,93.939,1116,31.0,13,18,1,0.6,555,8.5,1,0,0,1,2025-11-18T19:11:00+05:30,Singjamei area (synthetic demo),evening_peak,fog,paved,collector,1
24.789,93.939,942,19.5,13,19,1,0.4,1343,8.5,1,0,0,1,2025-10-14T19:22:00+05:30,Singjamei area (synthetic demo),evening_peak,fog,paved,collector,0
24.789,93.939,1298,40.4,13,18,1,0.9,913,8.5,1,0,0,1,2025-09-30T18:21:00+05:30,Singjamei area (synthetic demo),evening_peak,fog,paved,collector,1
24.789,93.939,1238,24.9,13,18,1,1.2,501,8.5,1,0,0,1,2025-03-11T19:28:00+05:30,Singjamei area (synthetic demo),evening_peak,fog,paved,collector,1
24.789,93.939,298,28.7,13,22,1,0.5,8093,8.5,1,0,0,1,2025-06-03T22:47:00+05:30,Singjamei area (synthetic demo),night,clear,paved,collector,0
24.789,93.939,345,17.7,13,22,1,0.4,9533,8.5,1,0,0,1,2025-04-29T00:21:00+05:30,Singjamei area (synthetic demo),night,clear,paved,collector,0
24.789,93.939,368,31.3,13,22,1,0.1,5304,8.5,1,0,0,1,2025-12-23T00:58:00+05:30,Singjamei area (synthetic demo),night,clear,paved,collector,0
24.789,93.939,289,24.5,13,0,1,0.1,7209,8.5,1,0,0,1,2025-11-25T23:43:00+05:30,Singjamei area (synthetic demo),night,clear,paved,collector,0
24.789,93.939,345,36.2,13,0,1,34.2,4702,8.5,1,1,0,1,2025-01-21T22:37:00+05:30,Singjamei area (synthetic demo),night,rain,paved,collector,1
24.789,93.939,353,26.0,13,22,1,14.2,2793,8.5,1,0,0,1,2025-12-09T23:22:00+05:30,Singjamei area (synthetic demo),night,rain,paved,collector,1
24.789,93.939,335,49.7,13,0,1,20.7,1546,8.5,1,0,0,1,2025-10-07T00:30:00+05:30,Singjamei area (synthetic demo),night,rain,paved,collector,1
24.789,93.939,329,29.6,13,0,1,33.1,3888,8.5,1,0,0,1,2025-02-18T22:26:00+05:30,Singjamei area (synthetic demo),night,rain,paved,collector,0
24.789,93.939,275,22.0,13,22,1,1.4,179,8.5,1,0,0,1,2025-04-22T22:54:00+05:30,Singjamei area (synthetic demo),night,fog,paved,collector,1
24.789,93.939,252,12.3,13,0,1,0.6,248,8.5,1,0,0,1,2025-07-29T23:18:00+05:30,Singjamei area (synthetic demo),night,fog,paved,collector,1
24.789,93.939,282,31.7,13,23,1,0.0,1137,8.5,1,1,0,1,2025-05-13T22:56:00+05:30,Singjamei area (synthetic demo),night,fog,paved,collector,1
24.789,93.939,343,26.8,13,23,1,1.3,104,8.5,1,0,0,1,2025-05-27T22:14:00+05:30,Singjamei area (synthetic demo),night,fog,paved,collector,1
24.789,93.939,414,57.1,13,4,2,0.1,6259,8.5,1,0,0,1,2025-10-01T05:18:00+05:30,Singjamei area (synthetic demo),early_morning,clear,paved,collector,0
24.789,93.939,436,59.2,13,6,2,0.2,5040,8.5,1,0,0,1,2025-03-12T04:02:00+05:30,Singjamei area (synthetic demo),early_morning,clear,paved,collector,0
24.789,93.939,365,41.2,13,4,2,0.3,9350,8.5,1,0,0,1,2025-05-28T05:23:00+05:30,Singjamei area (synthetic demo),early_morning,clear,paved,collector,0
24.789,93.939,447,52.8,13,5,2,0.0,7610,8.5,1,0,0,1,2025-08-27T04:58:00+05:30,Singjamei area (synthetic demo),early_morning,clear,paved,collector,0
24.789,93.939,444,53.7,13,5,2,34.6,5847,8.5,1,0,0,1,2025-02-05T04:50:00+05:30,Singjamei area (synthetic demo),early_morning,rain,paved,collector,0
24.789,93.939,474,28.5,13,4,2,23.4,2538,8.5,1,0,0,1,2025-07-23T05:17:00+05:30,Singjamei area (synthetic demo),early_morning,rain,paved,collector,0
24.789,93.939,462,38.0,13,5,2,13.2,1511,8.5,1,0,0,1,2025-11-19T06:00:00+05:30,Singjamei area (synthetic demo),early_morning,rain,paved,collector,0
24.789,93.939,453,38.5,13,4,2,15.8,1987,8.5,1,0,0,1,2025-03-19T04:57:00+05:30,Singjamei area (synthetic demo),early_morning,rain,paved,collector,0
24.789,93.939,355,12.6,13,4,2,1.2,479,8.5,1,0,0,1,2025-09-03T05:54:00+05:30,Singjamei area (synthetic demo),early_morning,fog,paved,collector,0
24.789,93.939,393,45.6,13,5,2,0.2,1216,8.5,1,0,0,1,2025-05-14T06:33:00+05:30,Singjamei area (synthetic demo),early_morning,fog,paved,collector,0
24.789,93.939,346,23.8,13,4,2,0.7,1723,8.5,1,0,0,1,2025-02-19T06:40:00+05:30,Singjamei area (synthetic demo),early_morning,fog,paved,collector,0
24.789,93.939,358,64.1,13,6,2,0.7,134,8.5,1,0,0,1,2025-02-05T05:32:00+05:30,Singjamei area (synthetic demo),early_morning,fog,paved,collector,0
24.789,93.939,919,45.6,13,13,2,0.4,5858,8.5,1,0,0,1,2025-12-17T12:26:00+05:30,Singjamei area (synthetic demo),daytime,clear,paved,collector,0
24.789,93.939,870,16.3,13,13,2,0.5,7720,8.5,1,0,0,1,2025-03-26T13:17:00+05:30,Singjamei area (synthetic demo),daytime,clear,paved,collector,0
24.789,93.939,912,35.4,13,11,2,0.2,7351,8.5,1,0,0,1,2025-01-22T13:15:00+05:30,Singjamei area (synthetic demo),daytime,clear,paved,collector,0
24.789,93.939,686,62.7,13,11,2,0.3,7291,8.5,1,0,0,1,2025-12-03T11:56:00+05:30,Singjamei area (synthetic demo),daytime,clear,paved,collector,0
24.789,93.939,950,30.5,13,11,2,30.1,5726,8.5,1,0,0,1,2025-04-30T13:52:00+05:30,Singjamei area (synthetic demo),daytime,rain,paved,collector,0
24.789,93.939,873,27.5,13,12,2,5.2,776,8.5,1,0,0,1,2025-06-18T13:49:00+05:30,Singjamei area (synthetic demo),daytime,rain,paved,collector,1
24.789,93.939,719,20.1,13,13,2,18.3,2055,8.5,1,0,0,1,2025-05-07T13:21:00+05:30,Singjamei area (synthetic demo),daytime,rain,paved,collector,0
24.789,93.939,927,53.9,13,11,2,28.9,559,8.5,1,0,0,1,2025-03-19T11:23:00+05:30,Singjamei area (synthetic demo),daytime,rain,paved,collector,1
24.789,93.939,805,18.7,13,11,2,1.0,1706,8.5,1,0,0,1,2025-04-16T11:30:00+05:30,Singjamei area (synthetic demo),daytime,fog,paved,collector,0
24.789,93.939,812,22.4,13,12,2,0.7,1768,8.5,1,0,0,1,2025-09-03T12:04:00+05:30,Singjamei area (synthetic demo),daytime,fog,paved,collector,0
24.789,93.939,730,56.7,13,11,2,0.4,1616,8.5,1,0,0,1,2025-03-12T11:34:00+05:30,Singjamei area (synthetic demo),daytime,fog,paved,collector,0
24.789,93.939,774,38.6,13,13,2,0.4,1276,8.5,1,0,0,1,2025-02-19T13:39:00+05:30,Singjamei area (synthetic demo),daytime,fog,paved,collector,0
24.789,93.939,951,18.3,13,17,2,0.5,8603,8.5,1,0,0,1,2025-05-07T19:42:00+05:30,Singjamei area (synthetic demo),evening_peak,clear,paved,collector,0
24.789,93.939,1205,14.6,13,19,2,0.2,6426,8.5,1,0,0,1,2025-12-24T18:39:00+05:30,Singjamei area (synthetic demo),evening_peak,clear,paved,collector,0
24.789,93.939,981,46.1,13,17,2,0.2,4711,8.5,1,0,0,1,2025-05-28T17:13:00+05:30,Singjamei area (synthetic demo),evening_peak,clear,paved,collector,0
24.789,93.939,1202,47.1,13,18,2,0.2,4702,8.5,1,0,0,1,2025-07-09T18:21:00+05:30,Singjamei area (synthetic demo),evening_peak,clear,paved,collector,0
24.789,93.939,1201,42.0,13,17,2,12.6,5024,8.5,1,0,0,1,2025-03-12T17:43:00+05:30,Singjamei area (synthetic demo),evening_peak,rain,paved,collector,0
24.789,93.939,1236,56.8,13,17,2,31.2,2268,8.5,1,0,0,1,2025-03-26T18:16:00+05:30,Singjamei area (synthetic demo),evening_peak,rain,paved,collector,1
24.789,93.939,1123,14.2,13,17,2,15.5,2601,8.5,1,0,0,1,2025-02-26T19:26:00+05:30,Singjamei area (synthetic demo),evening_peak,rain,paved,collector,1
24.789,93.939,1011,21.3,13,18,2,24.7,5692,8.5,1,0,0,1,2025-02-19T17:53:00+05:30,Singjamei area (synthetic demo),evening_peak,rain,paved,collector,1
24.789,93.939,1242,12.5,13,17,2,0.8,227,8.5,1,0,0,1,2025-06-04T17:02:00+05:30,Singjamei area (synthetic demo),evening_peak,fog,paved,collector,1
24.789,93.939,966,31.4,13,18,2,1.5,1197,8.5,1,0,0,1,2025-08-27T19:17:00+05:30,Singjamei area (synthetic demo),evening_peak,fog,paved,collector,0
24.789,93.939,982,17.8,13,17,2,0.5,1236,8.5,1,0,0,1,2025-09-10T19:06:00+05:30,Singjamei area (synthetic demo),evening_peak,fog,paved,collector,1
24.789,93.939,1120,61.5,13,17,2,0.6,286,8.5,1,0,0,1,2025-11-26T18:11:00+05:30,Singjamei area (synthetic demo),evening_peak,fog,paved,collector,1
24.789,93.939,277,44.1,13,22,2,0.3,9229,8.5,1,0,0,1,2025-01-22T22:10:00+05:30,Singjamei area (synthetic demo),night,clear,paved,collector,0
24.789,93.939,290,51.6,13,0,2,0.2,4513,8.5,1,0,0,1,2025-02-19T00:08:00+05:30,Singjamei area (synthetic demo),night,clear,paved,collector,0
24.789,93.939,261,18.6,13,0,2,0.2,4996,8.5,1,1,0,1,2025-07-09T22:03:00+05:30,Singjamei area (synthetic demo),night,clear,paved,collector,1
24.789,93.939,372,52.6,13,22,2,0.5,7634,8.5,1,0,0,1,2025-08-20T00:05:00+05:30,Singjamei area (synthetic demo),night,clear,paved,collector,0
24.789,93.939,280,26.2,13,23,2,20.8,5139,8.5,1,1,0,1,2025-06-11T00:51:00+05:30,Singjamei area (synthetic demo),night,rain,paved,collector,1
24.789,93.939,263,17.5,13,0,2,7.0,708,8.5,1,0,0,1,2025-10-15T00:44:00+05:30,Singjamei area (synthetic demo),night,rain,paved,collector,1
24.789,93.939,324,48.7,13,0,2,3.9,2259,8.5,1,1,0,1,2025-03-05T23:28:00+05:30,Singjamei area (synthetic demo),night,rain,paved,collector,1
24.789,93.939,333,37.2,13,23,2,12.8,517,8.5,1,0,0,1,2025-04-23T00:45:00+05:30,Singjamei area (synthetic demo),night,rain,paved,collector,1
24.789,93.939,359,13.0,13,23,2,0.4,1044,8.5,1,0,0,1,2025-06-04T00:37:00+05:30,Singjamei area (synthetic demo),night,fog,paved,collector,1
24.789,93.939,334,55.5,13,23,2,0.7,1169,8.5,1,1,0,1,2025-07-30T22:00:00+05:30,Singjamei area (synthetic demo),night,fog,paved,collector,1
24.789,93.939,364,57.8,13,0,2,0.6,1407,8.5,1,0,0,1,2025-04-09T22:30:00+05:30,Singjamei area (synthetic demo),night,fog,paved,collector,1
24.789,93.939,251,55.4,13,23,2,0.9,1546,8.5,1,1,0,1,2025-10-29T00:39:00+05:30,Singjamei area (synthetic demo),night,fog,paved,collector,1
24.789,93.939,411,26.8,13,5,3,0.1,7411,8.5,1,0,0,1,2025-07-31T04:21:00+05:30,Singjamei area (synthetic demo),early_morning,clear,paved,collector,0
24.789,93.939,476,39.8,13,4,3,0.4,4844,8.5,1,0,0,1,2025-03-27T06:07:00+05:30,Singjamei area (synthetic demo),early_morning,clear,paved,collector,0
24.789,93.939,447,38.7,13,4,3,0.0,8286,8.5,1,0,0,1,2025-06-26T06:34:00+05:30,Singjamei area (synthetic demo),early_morning,clear,paved,collector,0
24.789,93.939,390,23.6,13,6,3,0.4,6103,8.5,1,0,0,1,2025-12-11T04:53:00+05:30,Singjamei area (synthetic demo),early_morning,clear,paved,collector,0
24.789,93.939,321,40.1,13,5,3,29.3,4312,8.5,1,0,0,1,2025-12-18T04:11:00+05:30,Singjamei area (synthetic demo),early_morning,rain,paved,collector,0
24.789,93.939,465,23.5,13,4,3,5.8,4174,8.5,1,0,0,1,2025-01-16T05:18:00+05:30,Singjamei area (synthetic demo),early_morning,rain,paved,collector,0
24.789,93.939,414,62.8,13,4,3,10.0,1438,8.5,1,0,0,1,2025-11-20T06:13:00+05:30,Singjamei area (synthetic demo),early_morning,rain,paved,collector,1
24.789,93.939,400,20.5,13,5,3,33.0,3763,8.5,1,0,0,1,2025-12-25T04:55:00+05:30,Singjamei area (synthetic demo),early_morning,rain,paved,collector,0
24.789,93.939,438,46.0,13,6,3,0.9,446,8.5,1,0,0,1,2025-11-13T06:17:00+05:30,Singjamei area (synthetic demo),early_morning,fog,paved,collector,1
24.789,93.939,365,13.3,13,6,3,0.7,1626,8.5,1,0,0,1,2025-03-13T06:13:00+05:30,Singjamei area (synthetic demo),early_morning,fog,paved,collector,0
24.789,93.939,434,15.9,13,4,3,0.7,381,8.5,1,0,0,1,2025-09-18T06:48:00+05:30,Singjamei area (synthetic demo),early_morning,fog,paved,collector,0
24.789,93.939,405,20.1,13,4,3,1.4,1233,8.5,1,0,0,1,2025-04-17T05:10:00+05:30,Singjamei area (synthetic demo),early_morning,fog,paved,collector,0
24.789,93.939,866,56.9,13,12,3,0.1,5237,8.5,1,0,0,1,2025-09-04T11:35:00+05:30,Singjamei area (synthetic demo),daytime,clear,paved,collector,0
24.789,93.939,825,63.4,13,12,3,0.5,8450,8.5,1,0,0,1,2025-06-19T11:41:00+05:30,Singjamei area (synthetic demo),daytime,clear,paved,collector,0
24.789,93.939,899,41.8,13,12,3,0.1,7745,8.5,1,0,0,1,2025-01-30T11:41:00+05:30,Singjamei area (synthetic demo),daytime,clear,paved,collector,0
24.789,93.939,952,27.6,13,11,3,0.4,4137,8.5,1,0,0,1,2025-10-23T12:00:00+05:30,Singjamei area (synthetic demo),daytime,clear,paved,collector,0
24.789,93.939,886,20.6,13,12,3,17.1,1696,8.5,1,0,0,1,2025-03-06T13:19:00+05:30,Singjamei area (synthetic demo),daytime,rain,paved,collector,1
24.789,93.939,773,25.4,13,12,3,16.3,5778,8.5,1,0,0,1,2025-10-23T11:37:00+05:30,Singjamei area (synthetic demo),daytime,rain,paved,collector,0
24.789,93.939,740,56.3,13,13,3,9.4,5511,8.5,1,0,0,1,2025-08-28T13:45:00+05:30,Singjamei area (synthetic demo),daytime,rain,paved,collector,0
24.789,93.939,865,57.5,13,13,3,27.4,1789,8.5,1,0,0,1,2025-12-25T12:32:00+05:30,Singjamei area (synthetic demo),daytime,rain,paved,collector,1
24.789,93.939,908,55.5,13,11,3,1.0,1153,8.5,1,0,0,1,2025-09-18T13:46:00+05:30,Singjamei area (synthetic demo),daytime,fog,paved,collector,0
24.789,93.939,866,40.1,13,11,3,1.2,256,8.5,1,0,0,1,2025-10-30T12:02:00+05:30,Singjamei area (synthetic demo),daytime,fog,paved,collector,0
24.789,93.939,657,55.6,13,12,3,1.0,1675,8.5,1,0,0,1,2025-11-27T12:40:00+05:30,Singjamei area (synthetic demo),daytime,fog,paved,collector,0
24.789,93.939,853,36.3,13,13,3,0.1,880,8.5,1,0,0,1,2025-07-24T12:57:00+05:30,Singjamei area (synthetic demo),daytime,fog,paved,collector,0
24.789,93.939,1054,15.4,13,19,3,0.1,6605,8.5,1,0,0,1,2025-03-20T17:33:00+05:30,Singjamei area (synthetic demo),evening_peak,clear,paved,collector,0
24.789,93.939,1061,42.5,13,18,3,0.1,4393,8.5,1,0,0,1,2025-07-24T17:21:00+05:30,Singjamei area (synthetic demo),evening_peak,clear,paved,collector,0
24.789,93.939,1189,32.7,13,17,3,0.3,5676,8.5,1,0,0,1,2025-07-10T19:06:00+05:30,Singjamei area (synthetic demo),evening_peak,clear,paved,collector,0
24.789,93.939,1227,43.7,13,17,3,0.1,7983,8.5,1,0,0,1,2025-02-13T19:38:00+05:30,Singjamei area (synthetic demo),evening_peak,clear,paved,collector,0
24.789,93.939,925,32.9,13,17,3,11.3,2157,8.5,1,0,0,1,2025-11-13T18:26:00+05:30,Singjamei area (synthetic demo),evening_peak,rain,paved,collector,0
24.789,93.939,1061,51.4,13,19,3,14.1,1261,8.5,1,0,0,1,2025-03-13T19:05:00+05:30,Singjamei area (synthetic demo),evening_peak,rain,paved,collector,1
24.789,93.939,947,40.2,13,19,3,32.0,1558,8.5,1,0,0,1,2025-04-10T17:33:00+05:30,Singjamei area (synthetic demo),evening_peak,rain,paved,collector,1
24.789,93.939,1304,34.8,13,19,3,33.2,2055,8.5,1,0,0,1,2025-02-20T19:35:00+05:30,Singjamei area (synthetic demo),evening_peak,rain,paved,collector,1
24.789,93.939,1317,23.6,13,19,3,1.3,420,8.5,1,0,0,1,2025-02-27T19:09:00+05:30,Singjamei area (synthetic demo),evening_peak,fog,paved,collector,1
24.789,93.939,1137,49.8,13,18,3,1.1,1297,8.5,1,0,0,1,2025-07-17T19:32:00+05:30,Singjamei area (synthetic demo),evening_peak,fog,paved,collector,1
24.789,93.939,1298,15.0,13,19,3,0.0,765,8.5,1,0,0,1,2025-02-27T18:01:00+05:30,Singjamei area (synthetic demo),evening_peak,fog,paved,collector,1
24.789,93.939,1142,51.0,13,18,3,0.2,440,8.5,1,0,0,1,2025-07-03T17:27:00+05:30,Singjamei area (synthetic demo),evening_peak,fog,paved,collector,1
24.789,93.939,341,29.6,13,23,3,0.1,7365,8.5,1,0,0,1,2025-06-12T22:31:00+05:30,Singjamei area (synthetic demo),night,clear,paved,collector,0
24.789,93.939,372,60.8,13,23,3,0.4,7708,8.5,1,1,0,1,2025-10-02T22:09:00+05:30,Singjamei area (synthetic demo),night,clear,paved,collector,1
24.789,93.939,311,27.3,13,0,3,0.4,5459,8.5,1,0,0,1,2025-12-18T23:26:00+05:30,Singjamei area (synthetic demo),night,clear,paved,collector,0
24.789,93.939,364,13.9,13,23,3,0.1,7038,8.5,1,0,0,1,2025-01-16T22:34:00+05:30,Singjamei area (synthetic demo),night,clear,paved,collector,0
24.789,93.939,348,58.9,13,23,3,5.9,5940,8.5,1,0,0,1,2025-11-06T22:11:00+05:30,Singjamei area (synthetic demo),night,rain,paved,collector,0
24.789,93.939,313,28.1,13,23,3,16.2,1192,8.5,1,0,0,1,2025-09-11T23:45:00+05:30,Singjamei area (synthetic demo),night,rain,paved,collector,1
24.789,93.939,307,42.8,13,23,3,9.1,676,8.5,1,1,0,1,2025-12-11T23:12:00+05:30,Singjamei area (synthetic demo),night,rain,paved,collector,1
24.789,93.939,251,25.5,13,22,3,28.5,2887,8.5,1,1,0,1,2025-10-09T22:00:00+05:30,Singjamei area (synthetic demo),night,rain,paved,collector,1
24.789,93.939,320,13.4,13,23,3,0.2,768,8.5,1,1,0,1,2025-07-31T00:43:00+05:30,Singjamei area (synthetic demo),night,fog,paved,collector,1
24.789,93.939,292,28.4,13,0,3,1.2,603,8.5,1,0,0,1,2025-07-31T00:51:00+05:30,Singjamei area (synthetic demo),night,fog,paved,collector,1
24.789,93.939,267,40.2,13,22,3,1.3,913,8.5,1,1,0,1,2025-07-31T22:04:00+05:30,Singjamei area (synthetic demo),night,fog,paved,collector,1
24.789,93.939,363,49.7,13,23,3,0.3,1618,8.5,1,0,0,1,2025-09-18T23:41:00+05:30,Singjamei area (synthetic demo),night,fog,paved,collector,1
24.789,93.939,387,48.5,13,4,4,0.0,7374,8.5,1,0,0,1,2025-06-13T04:05:00+05:30,Singjamei area (synthetic demo),early_morning,clear,paved,collector,0
24.789,93.939,343,63.6,13,6,4,0.4,5615,8.5,1,0,0,1,2025-11-14T05:39:00+05:30,Singjamei area (synthetic demo),early_morning,clear,paved,collector,0
24.789,93.939,464,52.8,13,5,4,0.3,5582,8.5,1,0,0,1,2025-04-04T04:13:00+05:30,Singjamei area (synthetic demo),early_morning,clear,paved,collector,0
24.789,93.939,350,51.9,13,6,4,0.5,8427,8.5,1,0,0,1,2025-09-05T04:06:00+05:30,Singjamei area (synthetic demo),early_morning,clear,paved,collector,0
24.789,93.939,372,30.3,13,4,4,10.8,682,8.5,1,0,0,1,2025-12-26T05:38:00+05:30,Singjamei area (synthetic demo),early_morning,rain,paved,collector,0
24.789,93.939,449,55.9,13,6,4,19.2,3398,8.5,1,0,0,1,2025-12-19T04:09:00+05:30,Singjamei area (synthetic demo),early_morning,rain,paved,collector,0
24.789,93.939,444,52.7,13,4,4,12.0,3294,8.5,1,0,0,1,2025-11-21T05:09:00+05:30,Singjamei area (synthetic demo),early_morning,rain,paved,collector,0
24.789,93.939,322,19.8,13,6,4,34.9,4412,8.5,1,0,0,1,2025-10-10T06:33:00+05:30,Singjamei area (synthetic demo),early_morning,rain,paved,collector,0
24.789,93.939,394,53.1,13,6,4,0.7,126,8.5,1,0,0,1,2025-04-11T06:51:00+05:30,Singjamei area (synthetic demo),early_morning,fog,paved,collector,1
24.789,93.939,472,20.6,13,6,4,0.9,1698,8.5,1,0,0,1,2025-08-29T05:07:00+05:30,Singjamei area (synthetic demo),early_morning,fog,paved,collector,0
24.789,93.939,449,34.4,13,6,4,0.7,1512,8.5,1,0,0,1,2025-11-14T05:42:00+05:30,Singjamei area (synthetic demo),early_morning,fog,paved,collector,0
24.789,93.939,333,54.7,13,5,4,0.3,521,8.5,1,0,0,1,2025-08-29T05:22:00+05:30,Singjamei area (synthetic demo),early_morning,fog,paved,collector,0
24.789,93.939,829,16.2,13,12,4,0.1,4781,8.5,1,0,0,1,2025-12-12T11:59:00+05:30,Singjamei area (synthetic demo),daytime,clear,paved,collector,0
24.789,93.939,777,12.4,13,13,4,0.3,6125,8.5,1,0,0,1,2025-02-14T12:35:00+05:30,Singjamei area (synthetic demo),daytime,clear,paved,collector,0
24.789,93.939,882,26.6,13,11,4,0.1,4767,8.5,1,0,0,1,2025-10-03T13:30:00+05:30,Singjamei area (synthetic demo),daytime,clear,paved,collector,0
24.789,93.939,909,16.3,13,13,4,0.3,8678,8.5,1,0,0,1,2025-04-11T13:22:00+05:30,Singjamei area (synthetic demo),daytime,clear,paved,collector,0
24.789,93.939,674,34.0,13,12,4,15.7,1987,8.5,1,0,0,1,2025-01-17T13:23:00+05:30,Singjamei area (synthetic demo),daytime,rain,paved,collector,0
24.789,93.939,940,17.3,13,13,4,21.3,608,8.5,1,0,0,1,2025-10-31T11:55:00+05:30,Singjamei area (synthetic demo),daytime,rain,paved,collector,1
24.789,93.939,872,60.3,13,13,4,26.3,1830,8.5,1,0,0,1,2025-10-24T13:09:00+05:30,Singjamei area (synthetic demo),daytime,rain,paved,collector,1
24.789,93.939,641,60.3,13,12,4,15.8,4692,8.5,1,0,0,1,2025-04-11T11:51:00+05:30,Singjamei area (synthetic demo),daytime,rain,paved,collector,0
24.789,93.939,689,33.8,13,12,4,1.3,645,8.5,1,0,0,1,2025-08-22T13:30:00+05:30,Singjamei area (synthetic demo),daytime,fog,paved,collector,0
24.789,93.939,869,63.8,13,13,4,1.2,624,8.5,1,0,0,1,2025-06-20T12:03:00+05:30,Singjamei area (synthetic demo),daytime,fog,paved,collector,1
24.789,93.939,945,64.5,13,12,4,0.8,1190,8.5,1,0,0,1,2025-10-24T12:56:00+05:30,Singjamei area (synthetic demo),daytime,fog,paved,collector,0
24.789,93.939,830,45.0,13,12,4,0.2,1099,8.5,1,0,0,1,2025-10-17T12:09:00+05:30,Singjamei area (synthetic demo),daytime,fog,paved,collector,0
24.789,93.939,1323,12.4,13,18,4,0.3,8769,8.5,1,0,0,1,2025-04-04T17:37:00+05:30,Singjamei area (synthetic demo),evening_peak,clear,paved,collector,0
24.789,93.939,1124,48.6,13,19,4,0.3,5267,8.5,1,0,0,1,2025-07-18T18:24:00+05:30,Singjamei area (synthetic demo),evening_peak,clear,paved,collector,0
24.789,93.939,1038,55.8,13,17,4,0.5,8531,8.5,1,0,0,1,2025-10-31T19:45:00+05:30,Singjamei area (synthetic demo),evening_peak,clear,paved,collector,0
24.789,93.939,995,32.0,13,17,4,0.4,7493,8.5,1,0,0,1,2025-03-07T17:12:00+05:30,Singjamei area (synthetic demo),evening_peak,clear,paved,collector,0
24.789,93.939,1106,41.6,13,19,4,4.9,5449,8.5,1,0,0,1,2025-10-24T17:54:00+05:30,Singjamei area (synthetic demo),evening_peak,rain,paved,collector,0
24.789,93.939,978,14.7,13,19,4,19.9,3006,8.5,1,0,0,1,2025-02-28T19:03:00+05:30,Singjamei area (synthetic demo),evening_peak,rain,paved,collector,1
24.789,93.939,1100,27.7,13,18,4,15.1,3974,8.5,1,0,0,1,2025-03-07T18:33:00+05:30,Singjamei area (synthetic demo),evening_peak,rain,paved,collector,0
24.789,93.939,1228,57.4,13,18,4,34.3,886,8.5,1,0,0,1,2025-08-15T18:39:00+05:30,Singjamei area (synthetic demo),evening_peak,rain,paved,collector,1
24.789,93.939,907,29.3,13,19,4,0.7,1751,8.5,1,0,0,1,2025-08-01T18:56:00+05:30,Singjamei area (synthetic demo),evening_peak,fog,paved,collector,0
24.789,93.939,1230,19.3,13,19,4,0.8,264,8.5,1,0,0,1,2025-06-27T18:57:00+05:30,Singjamei area (synthetic demo),evening_peak,fog,paved,collector,1
24.789,93.939,1308,48.6,13,19,4,0.7,1142,8.5,1,0,0,1,2025-10-10T19:46:00+05:30,Singjamei area (synthetic demo),evening_peak,fog,paved,collector,1
24.789,93.939,905,24.5,13,17,4,0.5,1100,8.5,1,0,0,1,2025-01-03T17:49:00+05:30,Singjamei area (synthetic demo),evening_peak,fog,paved,collector,1
24.789,93.939,332,20.5,13,0,4,0.1,8933,8.5,1,0,0,1,2025-07-18T00:44:00+05:30,Singjamei area (synthetic demo),night,clear,paved,collector,0
24.789,93.939,312,52.5,13,0,4,0.4,9377,8.5,1,1,0,1,2025-05-30T23:12:00+05:30,Singjamei area (synthetic demo),night,clear,paved,collector,1
24.789,93.939,310,37.2,13,22,4,0.4,8099,8.5,1,0,0,1,2025-11-07T22:42:00+05:30,Singjamei area (synthetic demo),night,clear,paved,collector,0
24.789,93.939,315,63.1,13,22,4,0.3,7615,8.5,1,0,0,1,2025-02-28T23:59:00+05:30,Singjamei area (synthetic demo),night,clear,paved,collector,0
24.789,93.939,283,13.7,13,22,4,23.2,3676,8.5,1,0,0,1,2025-12-19T23:36:00+05:30,Singjamei area (synthetic demo),night,rain,paved,collector,1
24.789,93.939,255,58.9,13,0,4,27.4,3776,8.5,1,0,0,1,2025-02-14T00:12:00+05:30,Singjamei area (synthetic demo),night,rain,paved,collector,1
24.789,93.939,362,56.1,13,22,4,13.8,5293,8.5,1,0,0,1,2025-05-23T22:47:00+05:30,Singjamei area (synthetic demo),night,rain,paved,collector,0
24.789,93.939,292,65.0,13,0,4,28.2,1433,8.5,1,1,0,1,2025-07-04T22:12:00+05:30,Singjamei area (synthetic demo),night,rain,paved,collector,1
24.789,93.939,360,46.8,13,23,4,0.1,606,8.5,1,0,0,1,2025-09-05T00:33:00+05:30,Singjamei area (synthetic demo),night,fog,paved,collector,1
24.789,93.939,337,39.6,13,0,4,0.6,1446,8.5,1,0,0,1,2025-03-07T00:58:00+05:30,Singjamei area (synthetic demo),night,fog,paved,collector,1
24.789,93.939,293,60.9,13,23,4,0.6,1620,8.5,1,1,0,1,2025-03-07T00:52:00+05:30,Singjamei area (synthetic demo),night,fog,paved,collector,1
24.789,93.939,341,54.2,13,23,4,1.0,1126,8.5,1,0,0,1,2025-06-20T00:31:00+05:30,Singjamei area (synthetic demo),night,fog,paved,collector,1
24.789,93.939,431,53.2,13,5,5,0.4,9806,8.5,1,0,0,1,2025-08-23T05:19:00+05:30,Singjamei area (synthetic demo),early_morning,clear,paved,collector,0
24.789,93.939,389,24.4,13,6,5,0.4,6721,8.5,1,0,0,1,2025-11-29T05:45:00+05:30,Singjamei area (synthetic demo),early_morning,clear,paved,collector,0
24.789,93.939,377,28.5,13,5,5,0.4,4593,8.5,1,0,0,1,2025-05-31T06:51:00+05:30,Singjamei area (synthetic demo),early_morning,clear,paved,collector,0
24.789,93.939,452,21.8,13,5,5,0.1,7961,8.5,1,0,0,1,2025-06-21T06:07:00+05:30,Singjamei area (synthetic demo),early_morning,clear,paved,collector,0
24.789,93.939,441,38.8,13,6,5,8.8,2780,8.5,1,0,0,1,2025-08-16T06:32:00+05:30,Singjamei area (synthetic demo),early_morning,rain,paved,collector,0
24.789,93.939,415,54.6,13,5,5,9.9,4334,8.5,1,0,0,1,2025-08-02T06:43:00+05:30,Singjamei area (synthetic demo),early_morning,rain,paved,collector,0
24.789,93.939,404,29.7,13,4,5,20.0,1766,8.5,1,0,0,1,2025-04-12T04:33:00+05:30,Singjamei area (synthetic demo),early_morning,rain,paved,collector,0
24.789,93.939,389,31.8,13,4,5,12.5,5223,8.5,1,0,0,1,2025-06-07T04:55:00+05:30,Singjamei area (synthetic demo),early_morning,rain,paved,collector,0
24.789,93.939,340,44.7,13,6,5,1.3,361,8.5,1,0,0,1,2025-09-20T06:58:00+05:30,Singjamei area (synthetic demo),early_morning,fog,paved,collector,0
24.789,93.939,433,43.1,13,5,5,0.8,583,8.5,1,0,0,1,2025-07-12T05:59:00+05:30,Singjamei area (synthetic demo),early_morning,fog,paved,collector,0
24.789,93.939,467,20.8,13,4,5,1.2,1488,8.5,1,0,0,1,2025-07-05T06:25:00+05:30,Singjamei area (synthetic demo),early_morning,fog,paved,collector,0
24.789,93.939,450,19.4,13,4,5,1.3,146,8.5,1,0,0,1,2025-05-31T05:45:00+05:30,Singjamei area (synthetic demo),early_morning,fog,paved,collector,1
24.789,93.939,663,20.0,13,13,5,0.5,7808,8.5,1,0,0,1,2025-07-26T12:03:00+05:30,Singjamei area (synthetic demo),daytime,clear,paved,collector,0
24.789,93.939,832,34.7,13,12,5,0.4,5532,8.5,1,0,0,1,2025-01-11T11:53:00+05:30,Singjamei area (synthetic demo),daytime,clear,paved,collector,0
24.789,93.939,904,61.9,13,11,5,0.4,6125,8.5,1,0,0,1,2025-01-11T12:03:00+05:30,Singjamei area (synthetic demo),daytime,clear,paved,collector,0
24.789,93.939,823,63.6,13,13,5,0.4,9810,8.5,1,0,0,1,2025-07-12T13:45:00+05:30,Singjamei area (synthetic demo),daytime,clear,paved,collector,0
24.789,93.939,910,42.8,13,11,5,27.5,1053,8.5,1,0,0,1,2025-01-04T13:01:00+05:30,Singjamei area (synthetic demo),daytime,rain,paved,collector,1
24.789,93.939,842,50.7,13,13,5,32.7,4196,8.5,1,0,0,1,2025-06-14T13:01:00+05:30,Singjamei area (synthetic demo),daytime,rain,paved,collector,0
24.789,93.939,740,17.9,13,12,5,23.8,2120,8.5,1,0,0,1,2025-09-20T11:30:00+05:30,Singjamei area (synthetic demo),daytime,rain,paved,collector,0
24.789,93.939,957,17.9,13,11,5,21.6,4737,8.5,1,0,0,1,2025-07-12T12:44:00+05:30,Singjamei area (synthetic demo),daytime,rain,paved,collector,0
24.789,93.939,711,64.5,13,12,5,0.7,1578,8.5,1,0,0,1,2025-05-24T12:13:00+05:30,Singjamei area (synthetic demo),daytime,fog,paved,collector,0
24.789,93.939,719,37.6,13,12,5,0.7,1324,8.5,1,0,0,1,2025-04-26T11:12:00+05:30,Singjamei area (synthetic demo),daytime,fog,paved,collector,0
24.789,93.939,915,47.4,13,13,5,1.3,1734,8.5,1,0,0,1,2025-08-09T11:51:00+05:30,Singjamei area (synthetic demo),daytime,fog,paved,collector,0
24.789,93.939,667,62.1,13,12,5,1.3,451,8.5,1,0,0,1,2025-10-04T11:56:00+05:30,Singjamei area (synthetic demo),daytime,fog,paved,collector,1
24.789,93.939,1093,23.4,13,18,5,0.2,4444,8.5,1,0,0,1,2025-08-02T19:41:00+05:30,Singjamei area (synthetic demo),evening_peak,clear,paved,collector,0
24.789,93.939,1307,57.0,13,17,5,0.4,5552,8.5,1,0,0,1,2025-06-07T18:46:00+05:30,Singjamei area (synthetic demo),evening_peak,clear,paved,collector,0
24.789,93.939,1330,39.2,13,18,5,0.3,7290,8.5,1,0,0,1,2025-11-22T17:51:00+05:30,Singjamei area (synthetic demo),evening_peak,clear,paved,collector,0
24.789,93.939,1169,28.7,13,18,5,0.5,8457,8.5,1,0,0,1,2025-01-18T17:05:00+05:30,Singjamei area (synthetic demo),evening_peak,clear,paved,collector,0
24.789,93.939,909,28.6,13,19,5,24.9,4327,8.5,1,0,0,1,2025-03-08T18:35:00+05:30,Singjamei area (synthetic demo),evening_peak,rain,paved,collector,0
24.789,93.939,1226,64.0,13,18,5,12.1,2536,8.5,1,0,0,1,2025-08-23T19:20:00+05:30,Singjamei area (synthetic demo),evening_peak,rain,paved,collector,1
24.789,93.939,1134,62.1,13,17,5,25.2,1180,8.5,1,0,0,1,2025-03-22T19:20:00+05:30,Singjamei area (synthetic demo),evening_peak,rain,paved,collector,1
24.789,93.939,1239,30.4,13,18,5,13.9,1552,8.5,1,0,0,1,2025-12-27T19:33:00+05:30,Singjamei area (synthetic demo),evening_peak,rain,paved,collector,1
24.789,93.939,1233,19.8,13,19,5,0.8,1375,8.5,1,0,0,1,2025-09-27T19:06:00+05:30,Singjamei area (synthetic demo),evening_peak,fog,paved,collector,1
24.789,93.939,943,33.4,13,18,5,1.3,1292,8.5,1,0,0,1,2025-08-02T18:30:00+05:30,Singjamei area (synthetic demo),evening_peak,fog,paved,collector,0
24.789,93.939,978,34.1,13,17,5,0.3,1163,8.5,1,0,0,1,2025-11-15T18:06:00+05:30,Singjamei area (synthetic demo),evening_peak,fog,paved,collector,0
24.789,93.939,1232,22.4,13,18,5,0.2,1501,8.5,1,0,0,1,2025-08-09T19:52:00+05:30,Singjamei area (synthetic demo),evening_peak,fog,paved,collector,1
24.789,93.939,299,38.2,13,0,5,0.4,8969,8.5,1,0,0,1,2025-06-28T23:48:00+05:30,Singjamei area (synthetic demo),night,clear,paved,collector,0
24.789,93.939,368,60.7,13,0,5,0.4,5753,8.5,1,0,0,1,2025-02-08T23:50:00+05:30,Singjamei area (synthetic demo),night,clear,paved,collector,1
24.789,93.939,335,53.9,13,22,5,0.3,6757,8.5,1,0,0,1,2025-11-01T00:17:00+05:30,Singjamei area (synthetic demo),night,clear,paved,collector,0
24.789,93.939,335,59.6,13,0,5,0.3,7687,8.5,1,0,0,1,2025-01-04T23:03:00+05:30,Singjamei area (synthetic demo),night,clear,paved,collector,0
24.789,93.939,262,44.0,13,0,5,26.3,1971,8.5,1,0,0,1,2025-09-27T22:42:00+05:30,Singjamei area (synthetic demo),night,rain,paved,collector,1
24.789,93.939,371,49.9,13,0,5,14.9,5838,8.5,1,1,0,1,2025-04-26T23:01:00+05:30,Singjamei area (synthetic demo),night,rain,paved,collector,1
24.789,93.939,261,32.3,13,23,5,28.0,5845,8.5,1,1,0,1,2025-02-22T22:02:00+05:30,Singjamei area (synthetic demo),night,rain,paved,collector,1
24.789,93.939,372,49.7,13,22,5,5.1,5408,8.5,1,0,0,1,2025-11-15T23:15:00+05:30,Singjamei area (synthetic demo),night,rain,paved,collector,0
24.789,93.939,283,49.4,13,22,5,1.1,303,8.5,1,0,0,1,2025-08-23T00:37:00+05:30,Singjamei area (synthetic demo),night,fog,paved,collector,1
24.789,93.939,281,24.5,13,22,5,1.1,1008,8.5,1,1,0,1,2025-11-08T22:05:00+05:30,Singjamei area (synthetic demo),night,fog,paved,collector,1
24.789,93.939,349,19.0,13,23,5,0.0,1463,8.5,1,0,0,1,2025-09-20T22:38:00+05:30,Singjamei area (synthetic demo),night,fog,paved,collector,1
24.789,93.939,256,29.8,13,23,5,1.3,1673,8.5,1,0,0,1,2025-02-15T00:14:00+05:30,Singjamei area (synthetic demo),night,fog,paved,collector,1
24.789,93.939,348,57.7,13,5,6,0.4,7753,8.5,1,0,0,1,2025-11-23T04:24:00+05:30,Singjamei area (synthetic demo),early_morning,clear,paved,collector,0
24.789,93.939,431,18.9,13,4,6,0.4,5868,8.5,1,0,0,1,2025-03-09T06:42:00+05:30,Singjamei area (synthetic demo),early_morning,clear,paved,collector,0
24.789,93.939,353,18.6,13,5,6,0.4,6654,8.5,1,0,0,1,2025-05-25T05:25:00+05:30,Singjamei area (synthetic demo),early_morning,clear,paved,collector,0
24.789,93.939,461,60.8,13,6,6,0.4,6341,8.5,1,0,0,1,2025-08-10T04:22:00+05:30,Singjamei area (synthetic demo),early_morning,clear,paved,collector,0
24.789,93.939,369,60.0,13,6,6,19.4,714,8.5,1,0,0,1,2025-10-26T06:24:00+05:30,Singjamei area (synthetic demo),early_morning,rain,paved,collector,1
24.789,93.939,466,61.3,13,4,6,9.2,2661,8.5,1,0,0,1,2025-01-19T04:16:00+05:30,Singjamei area (synthetic demo),early_morning,rain,paved,collector,0
24.789,93.939,413,36.5,13,4,6,7.7,1810,8.5,1,0,0,1,2025-11-30T06:07:00+05:30,Singjamei area (synthetic demo),early_morning,rain,paved,collector,0
24.789,93.939,438,23.3,13,6,6,12.6,2031,8.5,1,0,0,1,2025-01-12T05:28:00+05:30,Singjamei area (synthetic demo),early_morning,rain,paved,collector,0
24.789,93.939,375,57.5,13,4,6,1.2,253,8.5,1,0,0,1,2025-09-21T04:36:00+05:30,Singjamei area (synthetic demo),early_morning,fog,paved,collector,0
24.789,93.939,443,21.9,13,6,6,0.6,1025,8.5,1,0,0,1,2025-10-26T05:06:00+05:30,Singjamei area (synthetic demo),early_morning,fog,paved,collector,0
24.789,93.939,470,35.2,13,4,6,0.1,897,8.5,1,0,0,1,2025-03-16T05:12:00+05:30,Singjamei area (synthetic demo),early_morning,fog,paved,collector,0
24.789,93.939,423,15.2,13,4,6,0.7,290,8.5,1,0,0,1,2025-02-09T04:00:00+05:30,Singjamei area (synthetic demo),early_morning,fog,paved,collector,1
24.789,93.939,905,34.4,13,12,6,0.3,7888,8.5,1,0,0,1,2025-08-17T13:20:00+05:30,Singjamei area (synthetic demo),daytime,clear,paved,collector,0
24.789,93.939,831,41.4,13,12,6,0.4,7528,8.5,1,0,0,1,2025-12-14T12:16:00+05:30,Singjamei area (synthetic demo),daytime,clear,paved,collector,0
24.789,93.939,753,36.3,13,11,6,0.3,9769,8.5,1,0,0,1,2025-01-12T12:41:00+05:30,Singjamei area (synthetic demo),daytime,clear,paved,collector,0
24.789,93.939,742,17.0,13,12,6,0.4,5448,8.5,1,0,0,1,2025-11-02T11:25:00+05:30,Singjamei area (synthetic demo),daytime,clear,paved,collector,0
24.789,93.939,731,49.9,13,11,6,11.2,1536,8.5,1,0,0,1,2025-10-19T13:01:00+05:30,Singjamei area (synthetic demo),daytime,rain,paved,collector,1
24.789,93.939,934,31.3,13,11,6,17.7,2648,8.5,1,0,0,1,2025-01-19T11:36:00+05:30,Singjamei area (synthetic demo),daytime,rain,paved,collector,1
24.789,93.939,788,17.0,13,11,6,32.1,3477,8.5,1,0,0,1,2025-09-21T11:49:00+05:30,Singjamei area (synthetic demo),daytime,rain,paved,collector,1
24.789,93.939,746,42.3,13,11,6,5.6,2871,8.5,1,0,0,1,2025-02-23T13:22:00+05:30,Singjamei area (synthetic demo),daytime,rain,paved,collector,0
24.789,93.939,668,63.9,13,13,6,1.3,1065,8.5,1,0,0,1,2025-11-16T13:20:00+05:30,Singjamei area (synthetic demo),daytime,fog,paved,collector,1
24.789,93.939,917,59.5,13,12,6,0.3,1562,8.5,1,0,0,1,2025-11-09T13:11:00+05:30,Singjamei area (synthetic demo),daytime,fog,paved,collector,0
24.789,93.939,769,55.8,13,13,6,1.4,117,8.5,1,0,0,1,2025-08-24T11:25:00+05:30,Singjamei area (synthetic demo),daytime,fog,paved,collector,1
24.789,93.939,723,35.9,13,13,6,1.4,1365,8.5,1,0,0,1,2025-02-09T12:46:00+05:30,Singjamei area (synthetic demo),daytime,fog,paved,collector,0
24.789,93.939,1155,54.7,13,18,6,0.2,9731,8.5,1,0,0,1,2025-01-26T18:58:00+05:30,Singjamei area (synthetic demo),evening_peak,clear,paved,collector,0
24.789,93.939,993,39.8,13,19,6,0.2,6072,8.5,1,0,0,1,2025-11-02T19:40:00+05:30,Singjamei area (synthetic demo),evening_peak,clear,paved,collector,0
24.789,93.939,1160,38.1,13,18,6,0.2,5755,8.5,1,0,0,1,2025-11-23T17:01:00+05:30,Singjamei area (synthetic demo),evening_peak,clear,paved,collector,0
24.789,93.939,1046,58.1,13,17,6,0.2,7128,8.5,1,0,0,1,2025-08-17T17:25:00+05:30,Singjamei area (synthetic demo),evening_peak,clear,paved,collector,0
24.789,93.939,1074,55.4,13,17,6,13.8,4907,8.5,1,0,0,1,2025-11-02T17:35:00+05:30,Singjamei area (synthetic demo),evening_peak,rain,paved,collector,0
24.789,93.939,959,27.6,13,19,6,15.0,657,8.5,1,0,0,1,2025-09-28T19:30:00+05:30,Singjamei area (synthetic demo),evening_peak,rain,paved,collector,1
24.789,93.939,973,45.4,13,19,6,11.4,1859,8.5,1,0,0,1,2025-11-16T19:03:00+05:30,Singjamei area (synthetic demo),evening_peak,rain,paved,collector,0
24.789,93.939,1194,23.6,13,17,6,11.3,5818,8.5,1,0,0,1,2025-11-02T18:51:00+05:30,Singjamei area (synthetic demo),evening_peak,rain,paved,collector,0
24.789,93.939,987,64.2,13,17,6,0.2,331,8.5,1,0,0,1,2025-11-23T17:09:00+05:30,Singjamei area (synthetic demo),evening_peak,fog,paved,collector,1
24.789,93.939,1067,42.1,13,19,6,0.7,1097,8.5,1,0,0,1,2025-11-30T18:55:00+05:30,Singjamei area (synthetic demo),evening_peak,fog,paved,collector,0
24.789,93.939,1045,61.4,13,19,6,1.0,891,8.5,1,0,0,1,2025-04-20T17:02:00+05:30,Singjamei area (synthetic demo),evening_peak,fog,paved,collector,1
24.789,93.939,1169,36.3,13,17,6,1.2,1192,8.5,1,0,0,1,2025-01-12T19:06:00+05:30,Singjamei area (synthetic demo),evening_peak,fog,paved,collector,0
24.789,93.939,329,28.1,13,0,6,0.4,6265,8.5,1,1,0,1,2025-04-27T00:35:00+05:30,Singjamei area (synthetic demo),night,clear,paved,collector,0
24.789,93.939,293,12.8,13,23,6,0.3,8446,8.5,1,0,0,1,2025-06-22T00:51:00+05:30,Singjamei area (synthetic demo),night,clear,paved,collector,0
24.789,93.939,371,37.1,13,0,6,0.1,8509,8.5,1,0,0,1,2025-04-13T22:03:00+05:30,Singjamei area (synthetic demo),night,clear,paved,collector,0
24.789,93.939,325,60.7,13,0,6,0.3,9667,8.5,1,0,0,1,2025-03-30T00:36:00+05:30,Singjamei area (synthetic demo),night,clear,paved,collector,0
24.789,93.939,360,17.9,13,22,6,21.2,4329,8.5,1,0,0,1,2025-03-30T22:31:00+05:30,Singjamei area (synthetic demo),night,rain,paved,collector,1
24.789,93.939,372,12.2,13,0,6,8.1,4249,8.5,1,0,0,1,2025-08-24T00:28:00+05:30,Singjamei area (synthetic demo),night,rain,paved,collector,0
24.789,93.939,291,31.9,13,0,6,14.8,5024,8.5,1,1,0,1,2025-08-10T23:01:00+05:30,Singjamei area (synthetic demo),night,rain,paved,collector,1
24.789,93.939,291,55.9,13,0,6,16.7,2361,8.5,1,0,0,1,2025-06-08T00:53:00+05:30,Singjamei area (synthetic demo),night,rain,paved,collector,1
24.789,93.939,271,41.7,13,0,6,1.4,883,8.5,1,1,0,1,2025-06-01T00:04:00+05:30,Singjamei area (synthetic demo),night,fog,paved,collector,1
24.789,93.939,353,19.7,13,0,6,0.2,1357,8.5,1,1,0,1,2025-08-03T23:48:00+05:30,Singjamei area (synthetic demo),night,fog,paved,collector,1
24.789,93.939,325,26.4,13,0,6,0.3,1434,8.5,1,0,0,1,2025-07-27T22:53:00+05:30,Singjamei area (synthetic demo),night,fog,paved,collector,1
24.789,93.939,331,29.3,13,23,6,0.1,820,8.5,1,0,0,1,2025-03-16T23:11:00+05:30,Singjamei area (synthetic demo),night,fog,paved,collector,1
24.83,93.932,127,59.3,3,4,0,0.4,9937,7.5,0,0,0,2,2025-01-13T05:52:00+05:30,Khoyathong area (synthetic demo),early_morning,clear,paved,local,0
24.83,93.932,121,61.5,3,4,0,0.2,7708,7.5,0,0,0,2,2025-01-27T05:20:00+05:30,Khoyathong area (synthetic demo),early_morning,clear,paved,local,0
24.83,93.932,156,26.7,3,6,0,0.1,4383,7.5,0,0,0,2,2025-02-10T05:40:00+05:30,Khoyathong area (synthetic demo),early_morning,clear,paved,local,0
24.83,93.932,117,40.0,3,6,0,0.1,4511,7.5,0,0,0,2,2025-10-20T06:01:00+05:30,Khoyathong area (synthetic demo),early_morning,clear,paved,local,0
24.83,93.932,138,28.1,3,6,0,16.7,5767,7.5,0,0,0,2,2025-04-21T05:21:00+05:30,Khoyathong area (synthetic demo),early_morning,rain,paved,local,0
24.83,93.932,155,26.4,3,6,0,7.6,3434,7.5,0,0,0,2,2025-09-08T04:27:00+05:30,Khoyathong area (synthetic demo),early_morning,rain,paved,local,0
24.83,93.932,110,23.9,3,6,0,15.7,5114,7.5,0,0,0,2,2025-10-06T04:43:00+05:30,Khoyathong area (synthetic demo),early_morning,rain,paved,local,0
24.83,93.932,115,14.0,3,4,0,28.6,1827,7.5,0,0,0,2,2025-11-17T04:03:00+05:30,Khoyathong area (synthetic demo),early_morning,rain,paved,local,0
24.83,93.932,136,57.8,3,5,0,1.1,592,7.5,0,0,0,2,2025-08-18T04:49:00+05:30,Khoyathong area (synthetic demo),early_morning,fog,paved,local,0
24.83,93.932,128,45.9,3,5,0,1.2,155,7.5,0,0,0,2,2025-02-24T04:37:00+05:30,Khoyathong area (synthetic demo),early_morning,fog,paved,local,0
24.83,93.932,123,13.9,3,5,0,1.3,231,7.5,0,0,0,2,2025-10-20T04:44:00+05:30,Khoyathong area (synthetic demo),early_morning,fog,paved,local,0
24.83,93.932,137,31.8,3,6,0,0.3,968,7.5,0,0,0,2,2025-09-22T05:57:00+05:30,Khoyathong area (synthetic demo),early_morning,fog,paved,local,0
24.83,93.932,289,25.8,3,11,0,0.3,4489,7.5,0,0,0,2,2025-01-13T13:50:00+05:30,Khoyathong area (synthetic demo),daytime,clear,paved,local,0
24.83,93.932,280,61.4,3,11,0,0.2,8200,7.5,0,0,0,2,2025-06-30T12:48:00+05:30,Khoyathong area (synthetic demo),daytime,clear,paved,local,0
24.83,93.932,240,61.9,3,13,0,0.4,9861,7.5,0,0,0,2,2025-05-12T13:50:00+05:30,Khoyathong area (synthetic demo),daytime,clear,paved,local,0
24.83,93.932,282,34.4,3,11,0,0.4,6962,7.5,0,0,0,2,2025-08-18T13:52:00+05:30,Khoyathong area (synthetic demo),daytime,clear,paved,local,0
24.83,93.932,298,49.5,3,11,0,28.6,4838,7.5,0,0,0,2,2025-02-10T11:12:00+05:30,Khoyathong area (synthetic demo),daytime,rain,paved,local,0
24.83,93.932,216,59.2,3,12,0,11.0,3019,7.5,0,0,0,2,2025-08-04T12:37:00+05:30,Khoyathong area (synthetic demo),daytime,rain,paved,local,0
24.83,93.932,308,37.1,3,12,0,9.5,1626,7.5,0,0,0,2,2025-12-08T12:41:00+05:30,Khoyathong area (synthetic demo),daytime,rain,paved,local,0
24.83,93.932,222,25.0,3,11,0,24.2,1725,7.5,0,0,0,2,2025-01-20T11:21:00+05:30,Khoyathong area (synthetic demo),daytime,rain,paved,local,0
24.83,93.932,306,52.2,3,11,0,1.4,1469,7.5,0,0,0,2,2025-03-17T13:32:00+05:30,Khoyathong area (synthetic demo),daytime,fog,paved,local,0
24.83,93.932,277,59.8,3,11,0,1.0,1558,7.5,0,0,0,2,2025-06-30T11:11:00+05:30,Khoyathong area (synthetic demo),daytime,fog,paved,local,0
24.83,93.932,242,50.4,3,11,0,1.4,280,7.5,0,0,0,2,2025-09-22T13:28:00+05:30,Khoyathong area (synthetic demo),daytime,fog,paved,local,0
24.83,93.932,288,23.7,3,13,0,1.2,1254,7.5,0,0,0,2,2025-09-01T12:59:00+05:30,Khoyathong area (synthetic demo),daytime,fog,paved,local,0
24.83,93.932,371,33.2,3,18,0,0.2,5703,7.5,0,0,0,2,2025-05-12T18:11:00+05:30,Khoyathong area (synthetic demo),evening_peak,clear,paved,local,0
24.83,93.932,398,58.8,3,18,0,0.3,7159,7.5,0,0,0,2,2025-09-15T17:46:00+05:30,Khoyathong area (synthetic demo),evening_peak,clear,paved,local,0
24.83,93.932,387,60.2,3,17,0,0.2,9783,7.5,0,0,0,2,2025-01-13T18:43:00+05:30,Khoyathong area (synthetic demo),evening_peak,clear,paved,local,0
24.83,93.932,347,40.0,3,17,0,0.3,6162,7.5,0,0,0,2,2025-01-27T18:08:00+05:30,Khoyathong area (synthetic demo),evening_peak,clear,paved,local,0
24.83,93.932,404,20.2,3,17,0,19.3,780,7.5,0,0,0,2,2025-11-17T17:26:00+05:30,Khoyathong area (synthetic demo),evening_peak,rain,paved,local,0
24.83,93.932,445,37.6,3,18,0,21.4,4042,7.5,0,0,0,2,2025-12-01T18:52:00+05:30,Khoyathong area (synthetic demo),evening_peak,rain,paved,local,0
24.83,93.932,303,33.3,3,17,0,33.6,2456,7.5,0,0,0,2,2025-11-24T18:15:00+05:30,Khoyathong area (synthetic demo),evening_peak,rain,paved,local,0
24.83,93.932,386,38.7,3,17,0,5.2,4144,7.5,0,0,0,2,2025-04-28T17:02:00+05:30,Khoyathong area (synthetic demo),evening_peak,rain,paved,local,0
24.83,93.932,390,53.1,3,17,0,0.7,283,7.5,0,0,0,2,2025-09-01T18:49:00+05:30,Khoyathong area (synthetic demo),evening_peak,fog,paved,local,0
24.83,93.932,365,24.2,3,19,0,0.9,1024,7.5,0,0,0,2,2025-02-10T17:01:00+05:30,Khoyathong area (synthetic demo),evening_peak,fog,paved,local,0
24.83,93.932,394,42.3,3,18,0,0.1,1171,7.5,0,0,0,2,2025-06-02T19:33:00+05:30,Khoyathong area (synthetic demo),evening_peak,fog,paved,local,0
24.83,93.932,315,58.5,3,18,0,0.8,1704,7.5,0,0,0,2,2025-05-19T17:48:00+05:30,Khoyathong area (synthetic demo),evening_peak,fog,paved,local,0
24.83,93.932,110,55.8,3,0,0,0.1,9320,7.5,0,0,0,2,2025-08-25T00:38:00+05:30,Khoyathong area (synthetic demo),night,clear,paved,local,0
24.83,93.932,102,48.2,3,22,0,0.4,6584,7.5,0,0,0,2,2025-09-01T00:56:00+05:30,Khoyathong area (synthetic demo),night,clear,paved,local,0
24.83,93.932,96,49.3,3,22,0,0.2,7685,7.5,0,0,0,2,2025-11-17T23:56:00+05:30,Khoyathong area (synthetic demo),night,clear,paved,local,0
24.83,93.932,99,44.9,3,22,0,0.2,6800,7.5,0,1,0,2,2025-02-17T22:35:00+05:30,Khoyathong area (synthetic demo),night,clear,paved,local,0
24.83,93.932,109,16.6,3,22,0,10.4,1478,7.5,0,0,0,2,2025-04-14T23:57:00+05:30,Khoyathong area (synthetic demo),night,rain,paved,local,0
24.83,93.932,112,24.6,3,22,0,4.7,1609,7.5,0,0,0,2,2025-10-13T23:54:00+05:30,Khoyathong area (synthetic demo),night,rain,paved,local,0
24.83,93.932,107,22.3,3,23,0,10.4,2836,7.5,0,1,0,2,2025-09-01T23:36:00+05:30,Khoyathong area (synthetic demo),night,rain,paved,local,0
24.83,93.932,92,22.9,3,23,0,12.5,3055,7.5,0,0,0,2,2025-09-29T23:42:00+05:30,Khoyathong area (synthetic demo),night,rain,paved,local,0
24.83,93.932,124,62.2,3,0,0,1.1,1652,7.5,0,1,0,2,2025-10-20T23:56:00+05:30,Khoyathong area (synthetic demo),night,fog,paved,local,1
24.83,93.932,96,36.8,3,0,0,1.4,238,7.5,0,1,0,2,2025-08-18T00:00:00+05:30,Khoyathong area (synthetic demo),night,fog,paved,local,1
24.83,93.932,122,61.0,3,22,0,0.1,969,7.5,0,0,0,2,2025-09-08T23:47:00+05:30,Khoyathong area (synthetic demo),night,fog,paved,local,0
24.83,93.932,100,12.0,3,23,0,1.4,1798,7.5,0,1,0,2,2025-07-28T00:08:00+05:30,Khoyathong area (synthetic demo),night,fog,paved,local,1
24.83,93.932,115,51.6,3,5,1,0.1,6161,7.5,0,0,0,2,2025-01-07T04:51:00+05:30,Khoyathong area (synthetic demo),early_morning,clear,paved,local,0
24.83,93.932,160,63.2,3,6,1,0.4,9145,7.5,0,0,0,2,2025-04-22T06:48:00+05:30,Khoyathong area (synthetic demo),early_morning,clear,paved,local,0
24.83,93.932,141,20.3,3,6,1,0.3,5870,7.5,0,0,0,2,2025-12-16T05:02:00+05:30,Khoyathong area (synthetic demo),early_morning,clear,paved,local,0
24.83,93.932,149,57.2,3,5,1,0.0,5516,7.5,0,0,0,2,2025-01-28T06:18:00+05:30,Khoyathong area (synthetic demo),early_morning,clear,paved,local,0
24.83,93.932,118,52.6,3,6,1,10.1,5223,7.5,0,0,0,2,2025-05-06T04:26:00+05:30,Khoyathong area (synthetic demo),early_morning,rain,paved,local,0
24.83,93.932,133,19.5,3,6,1,19.6,4241,7.5,0,0,0,2,2025-05-13T06:45:00+05:30,Khoyathong area (synthetic demo),early_morning,rain,paved,local,0
24.83,93.932,135,44.4,3,5,1,12.1,1294,7.5,0,0,0,2,2025-04-22T05:41:00+05:30,Khoyathong area (synthetic demo),early_morning,rain,paved,local,0
24.83,93.932,135,52.2,3,6,1,25.5,1508,7.5,0,0,0,2,2025-09-30T04:09:00+05:30,Khoyathong area (synthetic demo),early_morning,rain,paved,local,0
24.83,93.932,111,36.4,3,4,1,1.3,144,7.5,0,0,0,2,2025-02-25T04:59:00+05:30,Khoyathong area (synthetic demo),early_morning,fog,paved,local,0
24.83,93.932,136,16.6,3,4,1,1.0,679,7.5,0,0,0,2,2025-04-22T06:25:00+05:30,Khoyathong area (synthetic demo),early_morning,fog,paved,local,0
24.83,93.932,160,17.2,3,6,1,0.5,1034,7.5,0,0,0,2,2025-05-13T06:16:00+05:30,Khoyathong area (synthetic demo),early_morning,fog,paved,local,0
24.83,93.932,138,61.1,3,5,1,0.1,1468,7.5,0,0,0,2,2025-10-07T04:08:00+05:30,Khoyathong area (synthetic demo),early_morning,fog,paved,local,0
24.83,93.932,235,49.6,3,13,1,0.3,9004,7.5,0,0,0,2,2025-04-29T13:06:00+05:30,Khoyathong area (synthetic demo),daytime,clear,paved,local,0
24.83,93.932,231,26.7,3,12,1,0.2,4856,7.5,0,0,0,2,2025-03-18T11:50:00+05:30,Khoyathong area (synthetic demo),daytime,clear,paved,local,0
24.83,93.932,313,50.6,3,12,1,0.5,7720,7.5,0,0,0,2,2025-06-24T13:04:00+05:30,Khoyathong area (synthetic demo),daytime,clear,paved,local,0
24.83,93.932,256,56.5,3,13,1,0.1,7567,7.5,0,0,0,2,2025-07-08T13:08:00+05:30,Khoyathong area (synthetic demo),daytime,clear,paved,local,0
24.83,93.932,322,19.3,3,12,1,33.8,3716,7.5,0,0,0,2,2025-06-03T13:16:00+05:30,Khoyathong area (synthetic demo),daytime,rain,paved,local,0
24.83,93.932,272,38.5,3,12,1,27.6,4784,7.5,0,0,0,2,2025-12-16T13:24:00+05:30,Khoyathong area (synthetic demo),daytime,rain,paved,local,0
24.83,93.932,233,14.9,3,11,1,32.5,5045,7.5,0,0,0,2,2025-05-06T13:10:00+05:30,Khoyathong area (synthetic demo),daytime,rain,paved,local,0
24.83,93.932,244,28.7,3,13,1,7.8,5218,7.5,0,0,0,2,2025-04-01T11:16:00+05:30,Khoyathong area (synthetic demo),daytime,rain,paved,local,0
24.83,93.932,304,30.1,3,13,1,0.3,410,7.5,0,0,0,2,2025-06-03T12:40:00+05:30,Khoyathong area (synthetic demo),daytime,fog,paved,local,0
24.83,93.932,296,13.9,3,11,1,1.4,1792,7.5,0,0,0,2,2025-04-29T13:31:00+05:30,Khoyathong area (synthetic demo),daytime,fog,paved,local,0
24.83,93.932,241,34.3,3,12,1,1.5,1783,7.5,0,0,0,2,2025-03-18T12:10:00+05:30,Khoyathong area (synthetic demo),daytime,fog,paved,local,0
24.83,93.932,272,55.2,3,12,1,0.9,350,7.5,0,0,0,2,2025-09-30T12:23:00+05:30,Khoyathong area (synthetic demo),daytime,fog,paved,local,0
24.83,93.932,388,42.8,3,18,1,0.2,9743,7.5,0,0,0,2,2025-08-19T19:32:00+05:30,Khoyathong area (synthetic demo),evening_peak,clear,paved,local,0
24.83,93.932,324,40.8,3,17,1,0.0,6225,7.5,0,0,0,2,2025-04-08T18:54:00+05:30,Khoyathong area (synthetic demo),evening_peak,clear,paved,local,0
24.83,93.932,383,55.4,3,17,1,0.5,7947,7.5,0,0,0,2,2025-07-01T17:18:00+05:30,Khoyathong area (synthetic demo),evening_peak,clear,paved,local,0
24.83,93.932,308,45.9,3,17,1,0.1,4132,7.5,0,0,0,2,2025-12-23T18:05:00+05:30,Khoyathong area (synthetic demo),evening_peak,clear,paved,local,0
24.83,93.932,316,42.4,3,17,1,33.7,811,7.5,0,0,0,2,2025-01-07T19:16:00+05:30,Khoyathong area (synthetic demo),evening_peak,rain,paved,local,0
24.83,93.932,371,18.4,3,19,1,26.4,4006,7.5,0,0,0,2,2025-09-02T18:04:00+05:30,Khoyathong area (synthetic demo),evening_peak,rain,paved,local,0
24.83,93.932,426,60.8,3,17,1,25.2,2851,7.5,0,0,0,2,2025-07-01T18:19:00+05:30,Khoyathong area (synthetic demo),evening_peak,rain,paved,local,0
24.83,93.932,311,30.9,3,17,1,13.3,2453,7.5,0,0,0,2,2025-12-16T18:15:00+05:30,Khoyathong area (synthetic demo),evening_peak,rain,paved,local,0
24.83,93.932,448,61.6,3,19,1,0.5,1060,7.5,0,0,0,2,2025-02-04T19:16:00+05:30,Khoyathong area (synthetic demo),evening_peak,fog,paved,local,0
24.83,93.932,435,16.5,3,17,1,1.1,1006,7.5,0,0,0,2,2025-09-16T18:11:00+05:30,Khoyathong area (synthetic demo),evening_peak,fog,paved,local,0
24.83,93.932,438,35.2,3,17,1,0.2,1619,7.5,0,0,0,2,2025-01-28T18:38:00+05:30,Khoyathong area (synthetic demo),evening_peak,fog,paved,local,0
24.83,93.932,339,54.3,3,17,1,0.3,314,7.5,0,0,0,2,2025-01-21T17:40:00+05:30,Khoyathong area (synthetic demo),evening_peak,fog,paved,local,0
24.83,93.932,122,52.4,3,23,1,0.0,7822,7.5,0,1,0,2,2025-12-16T00:20:00+05:30,Khoyathong area (synthetic demo),night,clear,paved,local,0
24.83,93.932,114,29.3,3,0,1,0.4,9809,7.5,0,0,0,2,2025-01-28T23:35:00+05:30,Khoyathong area (synthetic demo),night,clear,paved,local,0
24.83,93.932,85,50.6,3,23,1,0.1,4427,7.5,0,0,0,2,2025-04-15T22:55:00+05:30,Khoyathong area (synthetic demo),night,clear,paved,local,0
24.83,93.932,121,33.4,3,0,1,0.2,7828,7.5,0,0,0,2,2025-02-25T23:34:00+05:30,Khoyathong area (synthetic demo),night,clear,paved,local,0
24.83,93.932,110,61.6,3,23,1,26.2,2665,7.5,0,0,0,2,2025-05-27T22:17:00+05:30,Khoyathong area (synthetic demo),night,rain,paved,local,0
24.83,93.932,98,47.9,3,23,1,10.4,4883,7.5,0,0,0,2,2025-09-23T00:55:00+05:30,Khoyathong area (synthetic demo),night,rain,paved,local,0
24.83,93.932,99,14.0,3,23,1,10.1,663,7.5,0,0,0,2,2025-06-10T00:40:00+05:30,Khoyathong area (synthetic demo),night,rain,paved,local,0
24.83,93.932,87,28.2,3,22,1,8.5,5671,7.5,0,1,0,2,2025-09-23T22:57:00+05:30,Khoyathong area (synthetic demo),night,rain,paved,local,0
24.83,93.932,119,56.7,3,23,1,0.3,814,7.5,0,0,0,2,2025-03-04T00:34:00+05:30,Khoyathong area (synthetic demo),night,fog,paved,local,1
24.83,93.932,88,14.1,3,22,1,0.3,1736,7.5,0,1,0,2,2025-12-09T00:13:00+05:30,Khoyathong area (synthetic demo),night,fog,paved,local,1
24.83,93.932,107,13.5,3,22,1,1.4,481,7.5,0,0,0,2,2025-08-19T22:31:00+05:30,Khoyathong area (synthetic demo),night,fog,paved,local,1
24.83,93.932,87,22.8,3,23,1,1.1,1287,7.5,0,0,0,2,2025-02-04T22:02:00+05:30,Khoyathong area (synthetic demo),night,fog,paved,local,0
24.83,93.932,135,58.0,3,6,2,0.5,9068,7.5,0,0,0,2,2025-05-07T05:23:00+05:30,Khoyathong area (synthetic demo),early_morning,clear,paved,local,0
24.83,93.932,119,62.8,3,5,2,0.1,8086,7.5,0,0,0,2,2025-09-03T05:54:00+05:30,Khoyathong area (synthetic demo),early_morning,clear,paved,local,0
24.83,93.932,160,12.0,3,6,2,0.4,6828,7.5,0,0,0,2,2025-11-19T04:27:00+05:30,Khoyathong area (synthetic demo),early_morning,clear,paved,local,0
24.83,93.932,117,60.2,3,5,2,0.1,4469,7.5,0,0,0,2,2025-12-17T06:07:00+05:30,Khoyathong area (synthetic demo),early_morning,clear,paved,local,0
24.83,93.932,129,16.0,3,6,2,5.7,1972,7.5,0,0,0,2,2025-05-07T06:52:00+05:30,Khoyathong area (synthetic demo),early_morning,rain,paved,local,0
24.83,93.932,153,41.6,3,4,2,11.2,554,7.5,0,0,0,2,2025-01-15T04:16:00+05:30,Khoyathong area (synthetic demo),early_morning,rain,paved,local,0
24.83,93.932,130,32.0,3,6,2,21.7,3013,7.5,0,0,0,2,2025-06-25T06:17:00+05:30,Khoyathong area (synthetic demo),early_morning,rain,paved,local,0
24.83,93.932,119,22.3,3,4,2,31.9,3406,7.5,0,0,0,2,2025-10-15T06:40:00+05:30,Khoyathong area (synthetic demo),early_morning,rain,paved,local,0
24.83,93.932,146,46.2,3,5,2,1.0,881,7.5,0,0,0,2,2025-12-10T04:27:00+05:30,Khoyathong area (synthetic demo),early_morning,fog,paved,local,0
24.83,93.932,147,36.6,3,6,2,0.1,364,7.5,0,0,0,2,2025-12-24T05:51:00+05:30,Khoyathong area (synthetic demo),early_morning,fog,paved,local,0
24.83,93.932,145,34.3,3,6,2,1.2,1638,7.5,0,0,0,2,2025-06-11T06:29:00+05:30,Khoyathong area (synthetic demo),early_morning,fog,paved,local,0
24.83,93.932,139,38.3,3,6,2,0.1,878,7.5,0,0,0,2,2025-08-20T05:41:00+05:30,Khoyathong area (synthetic demo),early_morning,fog,paved,local,0
24.83,93.932,230,26.9,3,13,2,0.4,4154,7.5,0,0,0,2,2025-01-29T11:02:00+05:30,Khoyathong area (synthetic demo),daytime,clear,paved,local,0
24.83,93.932,246,14.1,3,11,2,0.2,6616,7.5,0,0,0,2,2025-12-31T11:17:00+05:30,Khoyathong area (synthetic demo),daytime,clear,paved,local,0
24.83,93.932,286,16.1,3,12,2,0.0,5708,7.5,0,0,0,2,2025-10-08T11:07:00+05:30,Khoyathong area (synthetic demo),daytime,clear,paved,local,0
24.83,93.932,285,45.4,3,11,2,0.4,8765,7.5,0,0,0,2,2025-08-06T12:59:00+05:30,Khoyathong area (synthetic demo),daytime,clear,paved,local,0
24.83,93.932,248,21.2,3,11,2,14.1,3892,7.5,0,0,0,2,2025-10-22T12:58:00+05:30,Khoyathong area (synthetic demo),daytime,rain,paved,local,0
24.83,93.932,256,19.6,3,11,2,32.7,2827,7.5,0,0,0,2,2025-02-19T13:29:00+05:30,Khoyathong area (synthetic demo),daytime,rain,paved,local,0
24.83,93.932,259,64.1,3,13,2,24.9,2341,7.5,0,0,0,2,2025-10-15T11:17:00+05:30,Khoyathong area (synthetic demo),daytime,rain,paved,local,0
24.83,93.932,232,62.7,3,13,2,18.9,1233,7.5,0,0,0,2,2025-10-29T13:08:00+05:30,Khoyathong area (synthetic demo),daytime,rain,paved,local,0
24.83,93.932,218,44.9,3,11,2,1.3,501,7.5,0,0,0,2,2025-02-26T12:10:00+05:30,Khoyathong area (synthetic demo),daytime,fog,paved,local,0
24.83,93.932,270,23.0,3,11,2,0.7,124,7.5,0,0,0,2,2025-04-23T12:10:00+05:30,Khoyathong area (synthetic demo),daytime,fog,paved,local,0
24.83,93.932,266,51.4,3,12,2,0.5,1048,7.5,0,0,0,2,2025-01-15T11:04:00+05:30,Khoyathong area (synthetic demo),daytime,fog,paved,local,0
24.83,93.932,250,30.9,3,12,2,1.2,857,7.5,0,0,0,2,2025-07-23T11:38:00+05:30,Khoyathong area (synthetic demo),daytime,fog,paved,local,0
24.83,93.932,361,20.3,3,19,2,0.5,8875,7.5,0,0,0,2,2025-10-29T19:09:00+05:30,Khoyathong area (synthetic demo),evening_peak,clear,paved,local,0
24.83,93.932,385,14.3,3,18,2,0.4,6764,7.5,0,0,0,2,2025-10-08T18:40:00+05:30,Khoyathong area (synthetic demo),evening_peak,clear,paved,local,0
24.83,93.932,430,18.0,3,18,2,0.5,8313,7.5,0,0,0,2,2025-01-01T19:44:00+05:30,Khoyathong area (synthetic demo),evening_peak,clear,paved,local,0
24.83,93.932,436,35.1,3,17,2,0.1,5220,7.5,0,0,0,2,2025-04-16T17:43:00+05:30,Khoyathong area (synthetic demo),evening_peak,clear,paved,local,0
24.83,93.932,302,28.3,3,19,2,23.9,5224,7.5,0,0,0,2,2025-12-31T19:07:00+05:30,Khoyathong area (synthetic demo),evening_peak,rain,paved,local,0
24.83,93.932,352,43.9,3,17,2,33.0,1887,7.5,0,0,0,2,2025-12-31T19:59:00+05:30,Khoyathong area (synthetic demo),evening_peak,rain,paved,local,0
24.83,93.932,397,16.1,3,18,2,29.5,3854,7.5,0,0,0,2,2025-01-29T18:06:00+05:30,Khoyathong area (synthetic demo),evening_peak,rain,paved,local,0
24.83,93.932,372,56.9,3,18,2,22.6,4593,7.5,0,0,0,2,2025-08-06T18:35:00+05:30,Khoyathong area (synthetic demo),evening_peak,rain,paved,local,0
24.83,93.932,349,31.1,3,17,2,0.0,165,7.5,0,0,0,2,2025-08-06T17:19:00+05:30,Khoyathong area (synthetic demo),evening_peak,fog,paved,local,0
24.83,93.932,419,50.6,3,18,2,1.2,412,7.5,0,0,0,2,2025-09-03T18:28:00+05:30,Khoyathong area (synthetic demo),evening_peak,fog,paved,local,0
24.83,93.932,368,42.1,3,18,2,0.3,269,7.5,0,0,0,2,2025-01-22T18:32:00+05:30,Khoyathong area (synthetic demo),evening_peak,fog,paved,local,0
24.83,93.932,318,14.3,3,19,2,1.4,361,7.5,0,0,0,2,2025-10-15T19:37:00+05:30,Khoyathong area (synthetic demo),evening_peak,fog,paved,local,0
24.83,93.932,107,55.6,3,22,2,0.0,7488,7.5,0,0,0,2,2025-06-25T00:18:00+05:30,Khoyathong area (synthetic demo),night,clear,paved,local,0
24.83,93.932,118,49.3,3,23,2,0.2,8404,7.5,0,0,0,2,2025-02-19T22:34:00+05:30,Khoyathong area (synthetic demo),night,clear,paved,local,0
24.83,93.932,118,47.7,3,0,2,0.4,9667,7.5,0,0,0,2,2025-03-05T22:46:00+05:30,Khoyathong area (synthetic demo),night,clear,paved,local,0
24.83,93.932,123,24.0,3,22,2,0.2,7809,7.5,0,0,0,2,2025-08-06T22:02:00+05:30,Khoyathong area (synthetic demo),night,clear,paved,local,0
24.83,93.932,122,60.0,3,0,2,29.8,3236,7.5,0,0,0,2,2025-01-29T23:45:00+05:30,Khoyathong area (synthetic demo),night,rain,paved,local,0
24.83,93.932,111,63.5,3,23,2,31.9,5896,7.5,0,0,0,2,2025-03-26T00:39:00+05:30,Khoyathong area (synthetic demo),night,rain,paved,local,1
24.83,93.932,122,15.9,3,23,2,4.9,963,7.5,0,0,0,2,2025-10-15T23:03:00+05:30,Khoyathong area (synthetic demo),night,rain,paved,local,0
24.83,93.932,92,22.5,3,0,2,17.7,2738,7.5,0,0,0,2,2025-07-02T22:17:00+05:30,Khoyathong area (synthetic demo),night,rain,paved,local,0
24.83,93.932,118,63.9,3,23,2,0.7,1428,7.5,0,0,0,2,2025-12-24T23:11:00+05:30,Khoyathong area (synthetic demo),night,fog,paved,local,0
24.83,93.932,124,57.7,3,22,2,0.3,250,7.5,0,0,0,2,2025-04-16T23:34:00+05:30,Khoyathong area (synthetic demo),night,fog,paved,local,1
24.83,93.932,89,14.1,3,23,2,0.5,1313,7.5,0,1,0,2,2025-07-09T00:05:00+05:30,Khoyathong area (synthetic demo),night,fog,paved,local,1
24.83,93.932,111,18.5,3,22,2,1.2,573,7.5,0,0,0,2,2025-06-18T23:57:00+05:30,Khoyathong area (synthetic demo),night,fog,paved,local,0
24.83,93.932,123,28.9,3,4,3,0.5,4648,7.5,0,0,0,2,2025-09-04T05:45:00+05:30,Khoyathong area (synthetic demo),early_morning,clear,paved,local,0
24.83,93.932,162,12.6,3,4,3,0.2,8271,7.5,0,0,0,2,2025-11-06T04:37:00+05:30,Khoyathong area (synthetic demo),early_morning,clear,paved,local,0
24.83,93.932,120,50.1,3,5,3,0.3,7197,7.5,0,0,0,2,2025-11-06T06:19:00+05:30,Khoyathong area (synthetic demo),early_morning,clear,paved,local,0
24.83,93.932,125,18.3,3,5,3,0.3,4889,7.5,0,0,0,2,2025-05-15T06:35:00+05:30,Khoyathong area (synthetic demo),early_morning,clear,paved,local,0
24.83,93.932,147,38.7,3,4,3,28.8,4286,7.5,0,0,0,2,2025-01-02T04:08:00+05:30,Khoyathong area (synthetic demo),early_morning,rain,paved,local,0
24.83,93.932,151,17.4,3,5,3,33.8,2139,7.5,0,0,0,2,2025-04-17T04:48:00+05:30,Khoyathong area (synthetic demo),early_morning,rain,paved,local,0
24.83,93.932,157,44.7,3,6,3,17.7,2075,7.5,0,0,0,2,2025-07-31T05:40:00+05:30,Khoyathong area (synthetic demo),early_morning,rain,paved,local,0
24.83,93.932,116,46.0,3,5,3,20.1,2653,7.5,0,0,0,2,2025-11-27T04:27:00+05:30,Khoyathong area (synthetic demo),early_morning,rain,paved,local,0
24.83,93.932,149,54.7,3,4,3,0.8,1743,7.5,0,0,0,2,2025-07-03T05:40:00+05:30,Khoyathong area (synthetic demo),early_morning,fog,paved,local,0
24.83,93.932,155,56.6,3,4,3,0.9,1365,7.5,0,0,0,2,2025-04-03T06:56:00+05:30,Khoyathong area (synthetic demo),early_morning,fog,paved,local,0
24.83,93.932,109,61.3,3,5,3,1.0,1250,7.5,0,0,0,2,2025-04-03T05:34:00+05:30,Khoyathong area (synthetic demo),early_morning,fog,paved,local,0
24.83,93.932,144,22.8,3,6,3,1.1,1126,7.5,0,0,0,2,2025-10-16T04:01:00+05:30,Khoyathong area (synthetic demo),early_morning,fog,paved,local,0
24.83,93.932,268,32.5,3,12,3,0.5,4542,7.5,0,0,0,2,2025-06-19T11:34:00+05:30,Khoyathong area (synthetic demo),daytime,clear,paved,local,0
24.83,93.932,250,51.7,3,11,3,0.3,8892,7.5,0,0,0,2,2025-05-22T13:39:00+05:30,Khoyathong area (synthetic demo),daytime,clear,paved,local,0
24.83,93.932,296,12.5,3,13,3,0.1,9889,7.5,0,0,0,2,2025-11-06T12:25:00+05:30,Khoyathong area (synthetic demo),daytime,clear,paved,local,0
24.83,93.932,230,17.5,3,13,3,0.1,9901,7.5,0,0,0,2,2025-08-28T11:32:00+05:30,Khoyathong area (synthetic demo),daytime,clear,paved,local,0
24.83,93.932,229,48.7,3,11,3,34.6,3917,7.5,0,0,0,2,2025-10-02T13:52:00+05:30,Khoyathong area (synthetic demo),daytime,rain,paved,local,0
24.83,93.932,253,23.9,3,11,3,15.5,2754,7.5,0,0,0,2,2025-09-18T13:49:00+05:30,Khoyathong area (synthetic demo),daytime,rain,paved,local,0
24.83,93.932,245,24.3,3,13,3,8.0,4243,7.5,0,0,0,2,2025-12-18T13:43:00+05:30,Khoyathong area (synthetic demo),daytime,rain,paved,local,0
24.83,93.932,222,28.8,3,11,3,19.8,1192,7.5,0,0,0,2,2025-05-15T13:54:00+05:30,Khoyathong area (synthetic demo),daytime,rain,paved,local,0
24.83,93.932,253,13.2,3,12,3,1.0,130,7.5,0,0,0,2,2025-12-25T11:06:00+05:30,Khoyathong area (synthetic demo),daytime,fog,paved,local,0
24.83,93.932,306,40.7,3,11,3,0.9,917,7.5,0,0,0,2,2025-04-24T12:24:00+05:30,Khoyathong area (synthetic demo),daytime,fog,paved,local,0
24.83,93.932,261,12.4,3,11,3,1.3,845,7.5,0,0,0,2,2025-01-30T13:56:00+05:30,Khoyathong area (synthetic demo),daytime,fog,paved,local,0
24.83,93.932,283,19.9,3,12,3,1.3,406,7.5,0,0,0,2,2025-09-18T13:20:00+05:30,Khoyathong area (synthetic demo),daytime,fog,paved,local,0
24.83,93.932,310,35.1,3,17,3,0.2,9745,7.5,0,0,0,2,2025-06-19T19:33:00+05:30,Khoyathong area (synthetic demo),evening_peak,clear,paved,local,0
24.83,93.932,324,29.8,3,19,3,0.4,4928,7.5,0,0,0,2,2025-05-29T17:20:00+05:30,Khoyathong area (synthetic demo),evening_peak,clear,paved,local,0
24.83,93.932,309,34.7,3,17,3,0.4,8880,7.5,0,0,0,2,2025-09-11T19:43:00+05:30,Khoyathong area (synthetic demo),evening_peak,clear,paved,local,0
24.83,93.932,388,41.3,3,17,3,0.3,7800,7.5,0,0,0,2,2025-08-14T18:03:00+05:30,Khoyathong area (synthetic demo),evening_peak,clear,paved,local,0
24.83,93.932,450,59.5,3,18,3,12.0,5945,7.5,0,0,0,2,2025-11-06T17:33:00+05:30,Khoyathong area (synthetic demo),evening_peak,rain,paved,local,0
24.83,93.932,444,12.3,3,18,3,15.2,1440,7.5,0,0,0,2,2025-03-13T19:07:00+05:30,Khoyathong area (synthetic demo),evening_peak,rain,paved,local,0
24.83,93.932,312,28.4,3,19,3,21.8,2660,7.5,0,0,0,2,2025-11-20T19:33:00+05:30,Khoyathong area (synthetic demo),evening_peak,rain,paved,local,0
24.83,93.932,336,31.7,3,18,3,26.1,5818,7.5,0,0,0,2,2025-02-20T17:14:00+05:30,Khoyathong area (synthetic demo),evening_peak,rain,paved,local,0
24.83,93.932,420,58.0,3,19,3,0.5,1381,7.5,0,0,0,2,2025-01-30T19:46:00+05:30,Khoyathong area (synthetic demo),evening_peak,fog,paved,local,0
24.83,93.932,308,53.3,3,17,3,1.0,543,7.5,0,0,0,2,2025-07-24T19:11:00+05:30,Khoyathong area (synthetic demo),evening_peak,fog,paved,local,0
24.83,93.932,388,41.7,3,19,3,0.8,729,7.5,0,0,0,2,2025-10-16T17:12:00+05:30,Khoyathong area (synthetic demo),evening_peak,fog,paved,local,0
24.83,93.932,337,28.6,3,18,3,0.6,1141,7.5,0,0,0,2,2025-07-24T18:34:00+05:30,Khoyathong area (synthetic demo),evening_peak,fog,paved,local,0
24.83,93.932,94,26.6,3,0,3,0.1,9197,7.5,0,1,0,2,2025-07-24T22:06:00+05:30,Khoyathong area (synthetic demo),night,clear,paved,local,0
24.83,93.932,115,49.2,3,23,3,0.1,8848,7.5,0,0,0,2,2025-07-10T00:55:00+05:30,Khoyathong area (synthetic demo),night,clear,paved,local,0
24.83,93.932,85,22.5,3,23,3,0.1,5570,7.5,0,1,0,2,2025-11-20T22:35:00+05:30,Khoyathong area (synthetic demo),night,clear,paved,local,0
24.83,93.932,104,27.9,3,23,3,0.2,5390,7.5,0,0,0,2,2025-07-17T23:43:00+05:30,Khoyathong area (synthetic demo),night,clear,paved,local,0
24.83,93.932,86,37.1,3,23,3,33.7,899,7.5,0,0,0,2,2025-01-30T23:56:00+05:30,Khoyathong area (synthetic demo),night,rain,paved,local,1
24.83,93.932,105,52.4,3,0,3,10.5,1667,7.5,0,0,0,2,2025-11-13T22:56:00+05:30,Khoyathong area (synthetic demo),night,rain,paved,local,0
24.83,93.932,92,52.2,3,0,3,7.7,623,7.5,0,0,0,2,2025-05-15T00:35:00+05:30,Khoyathong area (synthetic demo),night,rain,paved,local,0
24.83,93.932,102,32.9,3,22,3,26.8,3373,7.5,0,1,0,2,2025-07-17T22:10:00+05:30,Khoyathong area (synthetic demo),night,rain,paved,local,1
24.83,93.932,110,33.0,3,22,3,0.2,1389,7.5,0,1,0,2,2025-03-06T23:22:00+05:30,Khoyathong area (synthetic demo),night,fog,paved,local,1
24.83,93.932,91,16.4,3,23,3,0.7,946,7.5,0,0,0,2,2025-09-04T23:41:00+05:30,Khoyathong area (synthetic demo),night,fog,paved,local,0
24.83,93.932,100,38.0,3,23,3,0.9,367,7.5,0,0,0,2,2025-05-08T22:28:00+05:30,Khoyathong area (synthetic demo),night,fog,paved,local,0
24.83,93.932,120,43.0,3,22,3,0.1,1593,7.5,0,1,0,2,2025-11-20T22:32:00+05:30,Khoyathong area (synthetic demo),night,fog,paved,local,0
24.83,93.932,126,59.8,3,6,4,0.3,9069,7.5,0,0,0,2,2025-04-04T05:42:00+05:30,Khoyathong area (synthetic demo),early_morning,clear,paved,local,0
24.83,93.932,115,57.9,3,4,4,0.3,7437,7.5,0,0,0,2,2025-05-16T04:34:00+05:30,Khoyathong area (synthetic demo),early_morning,clear,paved,local,0
24.83,93.932,137,46.3,3,4,4,0.2,5655,7.5,0,0,0,2,2025-01-17T05:03:00+05:30,Khoyathong area (synthetic demo),early_morning,clear,paved,local,0
24.83,93.932,117,31.6,3,6,4,0.2,9392,7.5,0,0,0,2,2025-06-27T04:33:00+05:30,Khoyathong area (synthetic demo),early_morning,clear,paved,local,0
24.83,93.932,154,59.8,3,5,4,29.6,914,7.5,0,0,0,2,2025-03-21T06:06:00+05:30,Khoyathong area (synthetic demo),early_morning,rain,paved,local,0
24.83,93.932,131,57.3,3,4,4,25.9,5615,7.5,0,0,0,2,2025-08-22T06:24:00+05:30,Khoyathong area (synthetic demo),early_morning,rain,paved,local,0
24.83,93.932,149,49.1,3,4,4,19.1,3372,7.5,0,0,0,2,2025-02-14T06:05:00+05:30,Khoyathong area (synthetic demo),early_morning,rain,paved,local,0
24.83,93.932,133,39.4,3,6,4,12.0,699,7.5,0,0,0,2,2025-02-14T05:04:00+05:30,Khoyathong area (synthetic demo),early_morning,rain,paved,local,0
24.83,93.932,128,42.2,3,6,4,1.3,671,7.5,0,0,0,2,2025-08-01T04:00:00+05:30,Khoyathong area (synthetic demo),early_morning,fog,paved,local,0
24.83,93.932,112,41.8,3,6,4,1.4,295,7.5,0,0,0,2,2025-11-07T04:33:00+05:30,Khoyathong area (synthetic demo),early_morning,fog,paved,local,0
24.83,93.932,148,25.3,3,5,4,1.0,1009,7.5,0,0,0,2,2025-05-30T04:19:00+05:30,Khoyathong area (synthetic demo),early_morning,fog,paved,local,0
24.83,93.932,157,21.1,3,6,4,0.3,1000,7.5,0,0,0,2,2025-11-21T06:38:00+05:30,Khoyathong area (synthetic demo),early_morning,fog,paved,local,0
24.83,93.932,290,24.2,3,12,4,0.0,7326,7.5,0,0,0,2,2025-11-14T11:40:00+05:30,Khoyathong area (synthetic demo),daytime,clear,paved,local,0
24.83,93.932,238,35.6,3,12,4,0.2,7901,7.5,0,0,0,2,2025-08-15T13:56:00+05:30,Khoyathong area (synthetic demo),daytime,clear,paved,local,0
24.83,93.932,315,47.0,3,11,4,0.3,9173,7.5,0,0,0,2,2025-06-20T13:32:00+05:30,Khoyathong area (synthetic demo),daytime,clear,paved,local,0
24.83,93.932,322,41.6,3,13,4,0.1,8408,7.5,0,0,0,2,2025-01-31T13:44:00+05:30,Khoyathong area (synthetic demo),daytime,clear,paved,local,0
24.83,93.932,233,25.0,3,11,4,32.2,1749,7.5,0,0,0,2,2025-12-05T13:38:00+05:30,Khoyathong area (synthetic demo),daytime,rain,paved,local,0
24.83,93.932,233,62.5,3,11,4,26.1,4995,7.5,0,0,0,2,2025-10-31T12:15:00+05:30,Khoyathong area (synthetic demo),daytime,rain,paved,local,0
24.83,93.932,247,25.2,3,12,4,14.9,2207,7.5,0,0,0,2,2025-10-17T11:54:00+05:30,Khoyathong area (synthetic demo),daytime,rain,paved,local,0
24.83,93.932,321,58.6,3,13,4,26.9,4489,7.5,0,0,0,2,2025-08-29T13:01:00+05:30,Khoyathong area (synthetic demo),daytime,rain,paved,local,0
24.83,93.932,320,15.6,3,12,4,1.1,1549,7.5,0,0,0,2,2025-02-21T13:45:00+05:30,Khoyathong area (synthetic demo),daytime,fog,paved,local,0
24.83,93.932,293,33.6,3,11,4,0.9,366,7.5,0,0,0,2,2025-07-04T12:11:00+05:30,Khoyathong area (synthetic demo),daytime,fog,paved,local,0
24.83,93.932,274,34.1,3,13,4,1.5,135,7.5,0,0,0,2,2025-02-14T11:02:00+05:30,Khoyathong area (synthetic demo),daytime,fog,paved,local,0
24.83,93.932,261,24.7,3,13,4,0.4,969,7.5,0,0,0,2,2025-03-28T11:56:00+05:30,Khoyathong area (synthetic demo),daytime,fog,paved,local,0
24.83,93.932,346,43.5,3,19,4,0.2,6774,7.5,0,0,0,2,2025-05-02T17:58:00+05:30,Khoyathong area (synthetic demo),evening_peak,clear,paved,local,0
24.83,93.932,344,25.8,3,18,4,0.4,5852,7.5,0,0,0,2,2025-07-04T17:50:00+05:30,Khoyathong area (synthetic demo),evening_peak,clear,paved,local,0
24.83,93.932,419,16.7,3,19,4,0.5,8547,7.5,0,0,0,2,2025-05-09T18:26:00+05:30,Khoyathong area (synthetic demo),evening_peak,clear,paved,local,0
24.83,93.932,370,21.7,3,19,4,0.3,5939,7.5,0,0,0,2,2025-02-21T19:27:00+05:30,Khoyathong area (synthetic demo),evening_peak,clear,paved,local,0
24.83,93.932,336,56.3,3,19,4,32.1,5881,7.5,0,0,0,2,2025-06-13T19:18:00+05:30,Khoyathong area (synthetic demo),evening_peak,rain,paved,local,0
24.83,93.932,431,12.3,3,19,4,24.4,4545,7.5,0,0,0,2,2025-10-10T17:56:00+05:30,Khoyathong area (synthetic demo),evening_peak,rain,paved,local,0
24.83,93.932,352,24.9,3,17,4,4.7,3598,7.5,0,0,0,2,2025-06-20T17:06:00+05:30,Khoyathong area (synthetic demo),evening_peak,rain,paved,local,0
24.83,93.932,325,20.0,3,19,4,16.1,2203,7.5,0,0,0,2,2025-07-11T17:16:00+05:30,Khoyathong area (synthetic demo),evening_peak,rain,paved,local,0
24.83,93.932,412,43.6,3,17,4,0.5,386,7.5,0,0,0,2,2025-03-07T18:02:00+05:30,Khoyathong area (synthetic demo),evening_peak,fog,paved,local,0
24.83,93.932,384,54.5,3,17,4,1.0,699,7.5,0,0,0,2,2025-11-07T17:01:00+05:30,Khoyathong area (synthetic demo),evening_peak,fog,paved,local,0
24.83,93.932,374,35.4,3,19,4,0.7,254,7.5,0,0,0,2,2025-02-14T18:00:00+05:30,Khoyathong area (synthetic demo),evening_peak,fog,paved,local,0
24.83,93.932,321,38.1,3,19,4,0.3,719,7.5,0,0,0,2,2025-08-01T17:49:00+05:30,Khoyathong area (synthetic demo),evening_peak,fog,paved,local,0
24.83,93.932,100,43.2,3,22,4,0.1,8425,7.5,0,1,0,2,2025-08-15T22:20:00+05:30,Khoyathong area (synthetic demo),night,clear,paved,local,0
24.83,93.932,110,24.4,3,0,4,0.3,5130,7.5,0,0,0,2,2025-04-04T22:43:00+05:30,Khoyathong area (synthetic demo),night,clear,paved,local,0
24.83,93.932,116,23.4,3,0,4,0.0,6747,7.5,0,0,0,2,2025-05-30T22:44:00+05:30,Khoyathong area (synthetic demo),night,clear,paved,local,0
24.83,93.932,118,22.8,3,0,4,0.4,5626,7.5,0,1,0,2,2025-10-03T23:27:00+05:30,Khoyathong area (synthetic demo),night,clear,paved,local,0
24.83,93.932,126,63.6,3,23,4,34.4,2039,7.5,0,1,0,2,2025-09-05T22:48:00+05:30,Khoyathong area (synthetic demo),night,rain,paved,local,1
24.83,93.932,99,36.8,3,0,4,28.1,4982,7.5,0,1,0,2,2025-07-18T23:13:00+05:30,Khoyathong area (synthetic demo),night,rain,paved,local,1
24.83,93.932,125,58.2,3,23,4,12.7,4524,7.5,0,0,0,2,2025-01-17T23:43:00+05:30,Khoyathong area (synthetic demo),night,rain,paved,local,0
24.83,93.932,98,14.2,3,23,4,16.0,1199,7.5,0,0,0,2,2025-05-30T00:46:00+05:30,Khoyathong area (synthetic demo),night,rain,paved,local,0
24.83,93.932,101,21.6,3,23,4,1.3,1728,7.5,0,1,0,2,2025-09-05T22:23:00+05:30,Khoyathong area (synthetic demo),night,fog,paved,local,1
24.83,93.932,86,46.8,3,23,4,1.2,203,7.5,0,0,0,2,2025-09-05T23:31:00+05:30,Khoyathong area (synthetic demo),night,fog,paved,local,1
24.83,93.932,126,33.9,3,22,4,0.8,543,7.5,0,0,0,2,2025-08-15T22:56:00+05:30,Khoyathong area (synthetic demo),night,fog,paved,local,0
24.83,93.932,120,29.6,3,22,4,0.1,1561,7.5,0,0,0,2,2025-12-12T22:13:00+05:30,Khoyathong area (synthetic demo),night,fog,paved,local,0
24.83,93.932,154,47.7,3,5,5,0.2,5805,7.5,0,0,0,2,2025-11-22T06:18:00+05:30,Khoyathong area (synthetic demo),early_morning,clear,paved,local,0
24.83,93.932,153,42.2,3,4,5,0.5,8177,7.5,0,0,0,2,2025-02-22T04:36:00+05:30,Khoyathong area (synthetic demo),early_morning,clear,paved,local,0
24.83,93.932,133,59.9,3,5,5,0.4,5635,7.5,0,0,0,2,2025-02-01T06:54:00+05:30,Khoyathong area (synthetic demo),early_morning,clear,paved,local,0
24.83,93.932,161,22.6,3,5,5,0.4,6006,7.5,0,0,0,2,2025-01-18T06:34:00+05:30,Khoyathong area (synthetic demo),early_morning,clear,paved,local,0
24.83,93.932,151,19.4,3,5,5,15.5,1915,7.5,0,0,0,2,2025-11-29T04:02:00+05:30,Khoyathong area (synthetic demo),early_morning,rain,paved,local,0
24.83,93.932,110,49.2,3,5,5,14.0,2081,7.5,0,0,0,2,2025-01-04T06:14:00+05:30,Khoyathong area (synthetic demo),early_morning,rain,paved,local,0
24.83,93.932,159,12.7,3,6,5,21.6,3948,7.5,0,0,0,2,2025-08-16T05:46:00+05:30,Khoyathong area (synthetic demo),early_morning,rain,paved,local,0
24.83,93.932,156,18.7,3,5,5,12.1,4278,7.5,0,0,0,2,2025-07-26T05:05:00+05:30,Khoyathong area (synthetic demo),early_morning,rain,paved,local,0
24.83,93.932,152,41.2,3,4,5,0.7,354,7.5,0,0,0,2,2025-12-13T04:52:00+05:30,Khoyathong area (synthetic demo),early_morning,fog,paved,local,0
24.83,93.932,138,42.3,3,4,5,0.8,1724,7.5,0,0,0,2,2025-12-06T05:33:00+05:30,Khoyathong area (synthetic demo),early_morning,fog,paved,local,0
24.83,93.932,127,19.5,3,4,5,1.1,514,7.5,0,0,0,2,2025-10-25T06:49:00+05:30,Khoyathong area (synthetic demo),early_morning,fog,paved,local,0
24.83,93.932,129,51.1,3,5,5,0.8,941,7.5,0,0,0,2,2025-10-11T04:39:00+05:30,Khoyathong area (synthetic demo),early_morning,fog,paved,local,0
24.83,93.932,304,45.8,3,11,5,0.3,5515,7.5,0,0,0,2,2025-10-18T12:14:00+05:30,Khoyathong area (synthetic demo),daytime,clear,paved,local,0
24.83,93.932,310,42.6,3,12,5,0.5,4895,7.5,0,0,0,2,2025-05-03T11:04:00+05:30,Khoyathong area (synthetic demo),daytime,clear,paved,local,0
24.83,93.932,270,52.4,3,12,5,0.3,7620,7.5,0,0,0,2,2025-01-18T12:15:00+05:30,Khoyathong area (synthetic demo),daytime,clear,paved,local,0
24.83,93.932,232,49.9,3,13,5,0.0,5848,7.5,0,0,0,2,2025-08-09T11:45:00+05:30,Khoyathong area (synthetic demo),daytime,clear,paved,local,0
24.83,93.932,223,28.4,3,11,5,20.5,926,7.5,0,0,0,2,2025-03-29T11:51:00+05:30,Khoyathong area (synthetic demo),daytime,rain,paved,local,0
24.83,93.932,324,12.3,3,11,5,8.0,3352,7.5,0,0,0,2,2025-11-22T13:56:00+05:30,Khoyathong area (synthetic demo),daytime,rain,paved,local,0
24.83,93.932,309,41.5,3,11,5,29.6,1376,7.5,0,0,0,2,2025-03-01T13:12:00+05:30,Khoyathong area (synthetic demo),daytime,rain,paved,local,0
24.83,93.932,317,19.4,3,12,5,18.2,4964,7.5,0,0,0,2,2025-11-29T12:57:00+05:30,Khoyathong area (synthetic demo),daytime,rain,paved,local,0
24.83,93.932,272,51.1,3,13,5,0.4,1243,7.5,0,0,0,2,2025-03-08T11:33:00+05:30,Khoyathong area (synthetic demo),daytime,fog,paved,local,0
24.83,93.932,245,19.6,3,13,5,0.1,587,7.5,0,0,0,2,2025-12-06T13:00:00+05:30,Khoyathong area (synthetic demo),daytime,fog,paved,local,0
24.83,93.932,229,19.0,3,11,5,0.3,503,7.5,0,0,0,2,2025-04-26T11:36:00+05:30,Khoyathong area (synthetic demo),daytime,fog,paved,local,0
24.83,93.932,298,42.5,3,12,5,0.5,1760,7.5,0,0,0,2,2025-08-16T11:52:00+05:30,Khoyathong area (synthetic demo),daytime,fog,paved,local,0
24.83,93.932,376,21.5,3,19,5,0.2,4459,7.5,0,0,0,2,2025-01-18T18:57:00+05:30,Khoyathong area (synthetic demo),evening_peak,clear,paved,local,0
24.83,93.932,302,29.6,3,17,5,0.1,4795,7.5,0,0,0,2,2025-02-15T19:30:00+05:30,Khoyathong area (synthetic demo),evening_peak,clear,paved,local,0
24.83,93.932,448,56.2,3,17,5,0.1,9385,7.5,0,0,0,2,2025-04-19T19:44:00+05:30,Khoyathong area (synthetic demo),evening_peak,clear,paved,local,0
24.83,93.932,329,43.4,3,19,5,0.2,6797,7.5,0,0,0,2,2025-07-26T17:48:00+05:30,Khoyathong area (synthetic demo),evening_peak,clear,paved,local,0
24.83,93.932,347,58.8,3,17,5,3.0,2389,7.5,0,0,0,2,2025-03-22T19:09:00+05:30,Khoyathong area (synthetic demo),evening_peak,rain,paved,local,0
24.83,93.932,374,31.3,3,18,5,28.5,5887,7.5,0,0,0,2,2025-10-04T17:51:00+05:30,Khoyathong area (synthetic demo),evening_peak,rain,paved,local,0
24.83,93.932,331,14.9,3,19,5,12.8,1014,7.5,0,0,0,2,2025-05-03T18:15:00+05:30,Khoyathong area (synthetic demo),evening_peak,rain,paved,local,0
24.83,93.932,388,55.4,3,18,5,34.9,5593,7.5,0,0,0,2,2025-12-06T19:58:00+05:30,Khoyathong area (synthetic demo),evening_peak,rain,paved,local,0
24.83,93.932,307,62.9,3,19,5,0.6,1052,7.5,0,0,0,2,2025-05-03T18:28:00+05:30,Khoyathong area (synthetic demo),evening_peak,fog,paved,local,0
24.83,93.932,441,47.3,3,18,5,0.5,1123,7.5,0,0,0,2,2025-06-28T18:10:00+05:30,Khoyathong area (synthetic demo),evening_peak,fog,paved,local,0
24.83,93.932,352,62.3,3,19,5,1.0,414,7.5,0,0,0,2,2025-11-01T17:48:00+05:30,Khoyathong area (synthetic demo),evening_peak,fog,paved,local,0
24.83,93.932,373,54.0,3,18,5,0.0,795,7.5,0,0,0,2,2025-09-27T17:17:00+05:30,Khoyathong area (synthetic demo),evening_peak,fog,paved,local,0
24.83,93.932,107,49.8,3,22,5,0.0,4701,7.5,0,0,0,2,2025-04-12T22:38:00+05:30,Khoyathong area (synthetic demo),night,clear,paved,local,0
24.83,93.932,103,59.1,3,22,5,0.5,6805,7.5,0,0,0,2,2025-08-30T22:57:00+05:30,Khoyathong area (synthetic demo),night,clear,paved,local,0
24.83,93.932,87,27.7,3,23,5,0.2,8256,7.5,0,0,0,2,2025-11-01T23:16:00+05:30,Khoyathong area (synthetic demo),night,clear,paved,local,0
24.83,93.932,92,13.4,3,23,5,0.1,6847,7.5,0,0,0,2,2025-01-18T23:33:00+05:30,Khoyathong area (synthetic demo),night,clear,paved,local,0
24.83,93.932,109,38.9,3,22,5,26.4,5368,7.5,0,0,0,2,2025-10-18T23:58:00+05:30,Khoyathong area (synthetic demo),night,rain,paved,local,0
24.83,93.932,90,42.7,3,0,5,33.6,3575,7.5,0,1,0,2,2025-04-12T23:24:00+05:30,Khoyathong area (synthetic demo),night,rain,paved,local,0
24.83,93.932,120,47.0,3,22,5,13.8,2648,7.5,0,0,0,2,2025-01-11T23:44:00+05:30,Khoyathong area (synthetic demo),night,rain,paved,local,0
24.83,93.932,114,25.4,3,0,5,6.6,5081,7.5,0,0,0,2,2025-05-03T23:02:00+05:30,Khoyathong area (synthetic demo),night,rain,paved,local,0
24.83,93.932,90,50.4,3,23,5,0.6,842,7.5,0,0,0,2,2025-03-15T23:37:00+05:30,Khoyathong area (synthetic demo),night,fog,paved,local,0
24.83,93.932,121,22.6,3,22,5,0.5,1285,7.5,0,0,0,2,2025-09-13T00:35:00+05:30,Khoyathong area (synthetic demo),night,fog,paved,local,0
24.83,93.932,117,17.2,3,23,5,0.5,347,7.5,0,0,0,2,2025-03-29T22:37:00+05:30,Khoyathong area (synthetic demo),night,fog,paved,local,0
24.83,93.932,125,63.8,3,22,5,0.0,1501,7.5,0,0,0,2,2025-10-04T00:08:00+05:30,Khoyathong area (synthetic demo),night,fog,paved,local,0
24.83,93.932,154,28.7,3,6,6,0.1,4647,7.5,0,0,0,2,2025-11-16T05:56:00+05:30,Khoyathong area (synthetic demo),early_morning,clear,paved,local,0
24.83,93.932,141,49.4,3,5,6,0.5,7531,7.5,0,0,0,2,2025-05-25T04:56:00+05:30,Khoyathong area (synthetic demo),early_morning,clear,paved,local,0
24.83,93.932,126,60.5,3,5,6,0.1,7451,7.5,0,0,0,2,2025-02-09T06:14:00+05:30,Khoyathong area (synthetic demo),early_morning,clear,paved,local,0
24.83,93.932,128,21.4,3,5,6,0.4,7906,7.5,0,0,0,2,2025-05-11T05:52:00+05:30,Khoyathong area (synthetic demo),early_morning,clear,paved,local,0
24.83,93.932,150,62.1,3,5,6,14.0,1590,7.5,0,0,0,2,2025-03-02T06:17:00+05:30,Khoyathong area (synthetic demo),early_morning,rain,paved,local,0
24.83,93.932,131,42.3,3,5,6,22.0,5459,7.5,0,0,0,2,2025-08-24T04:52:00+05:30,Khoyathong area (synthetic demo),early_morning,rain,paved,local,0
24.83,93.932,130,30.6,3,4,6,8.6,2836,7.5,0,0,0,2,2025-08-03T04:51:00+05:30,Khoyathong area (synthetic demo),early_morning,rain,paved,local,0
24.83,93.932,143,18.4,3,6,6,27.2,1015,7.5,0,0,0,2,2025-11-23T05:29:00+05:30,Khoyathong area (synthetic demo),early_morning,rain,paved,local,0
24.83,93.932,133,13.6,3,5,6,0.7,1463,7.5,0,0,0,2,2025-07-13T04:39:00+05:30,Khoyathong area (synthetic demo),early_morning,fog,paved,local,0
24.83,93.932,110,26.7,3,6,6,0.8,689,7.5,0,0,0,2,2025-08-03T04:37:00+05:30,Khoyathong area (synthetic demo),early_morning,fog,paved,local,0
24.83,93.932,112,57.9,3,5,6,1.4,803,7.5,0,0,0,2,2025-08-31T06:28:00+05:30,Khoyathong area (synthetic demo),early_morning,fog,paved,local,0
24.83,93.932,140,12.2,3,6,6,1.3,338,7.5,0,0,0,2,2025-11-02T05:13:00+05:30,Khoyathong area (synthetic demo),early_morning,fog,paved,local,0
24.83,93.932,311,49.3,3,13,6,0.0,8300,7.5,0,0,0,2,2025-05-04T13:08:00+05:30,Khoyathong area (synthetic demo),daytime,clear,paved,local,0
24.83,93.932,220,48.2,3,11,6,0.2,7112,7.5,0,0,0,2,2025-09-07T12:59:00+05:30,Khoyathong area (synthetic demo),daytime,clear,paved,local,0
24.83,93.932,239,48.8,3,12,6,0.0,7971,7.5,0,0,0,2,2025-03-02T11:34:00+05:30,Khoyathong area (synthetic demo),daytime,clear,paved,local,0
24.83,93.932,316,55.0,3,11,6,0.2,9373,7.5,0,0,0,2,2025-08-03T13:15:00+05:30,Khoyathong area (synthetic demo),daytime,clear,paved,local,0
24.83,93.932,273,48.4,3,12,6,33.1,813,7.5,0,0,0,2,2025-08-17T13:55:00+05:30,Khoyathong area (synthetic demo),daytime,rain,paved,local,0
24.83,93.932,240,62.9,3,13,6,15.2,4900,7.5,0,0,0,2,2025-04-27T13:03:00+05:30,Khoyathong area (synthetic demo),daytime,rain,paved,local,0
24.83,93.932,290,39.7,3,11,6,32.8,2269,7.5,0,0,0,2,2025-04-13T11:25:00+05:30,Khoyathong area (synthetic demo),daytime,rain,paved,local,0
24.83,93.932,219,50.7,3,13,6,11.5,4434,7.5,0,0,0,2,2025-02-16T12:11:00+05:30,Khoyathong area (synthetic demo),daytime,rain,paved,local,0
24.83,93.932,244,62.2,3,12,6,0.3,1706,7.5,0,0,0,2,2025-11-30T12:38:00+05:30,Khoyathong area (synthetic demo),daytime,fog,paved,local,0
24.83,93.932,322,28.3,3,11,6,0.5,1265,7.5,0,0,0,2,2025-11-23T11:54:00+05:30,Khoyathong area (synthetic demo),daytime,fog,paved,local,0
24.83,93.932,298,20.7,3,12,6,1.5,942,7.5,0,0,0,2,2025-08-17T11:06:00+05:30,Khoyathong area (synthetic demo),daytime,fog,paved,local,0
24.83,93.932,261,17.7,3,13,6,1.0,628,7.5,0,0,0,2,2025-11-02T11:31:00+05:30,Khoyathong area (synthetic demo),daytime,fog,paved,local,0
24.83,93.932,366,41.5,3,17,6,0.4,4041,7.5,0,0,0,2,2025-01-26T18:08:00+05:30,Khoyathong area (synthetic demo),evening_peak,clear,paved,local,0
24.83,93.932,436,34.8,3,17,6,0.1,5797,7.5,0,0,0,2,2025-03-23T17:44:00+05:30,Khoyathong area (synthetic demo),evening_peak,clear,paved,local,0
24.83,93.932,388,28.8,3,17,6,0.4,7959,7.5,0,0,0,2,2025-07-27T18:07:00+05:30,Khoyathong area (synthetic demo),evening_peak,clear,paved,local,0
24.83,93.932,436,31.1,3,19,6,0.1,5091,7.5,0,0,0,2,2025-02-23T18:29:00+05:30,Khoyathong area (synthetic demo),evening_peak,clear,paved,local,0
24.83,93.932,317,23.8,3,18,6,24.6,3124,7.5,0,0,0,2,2025-03-23T18:20:00+05:30,Khoyathong area (synthetic demo),evening_peak,rain,paved,local,0
24.83,93.932,371,53.8,3,19,6,20.1,3520,7.5,0,0,0,2,2025-04-27T17:43:00+05:30,Khoyathong area (synthetic demo),evening_peak,rain,paved,local,0
24.83,93.932,312,54.5,3,19,6,25.2,2377,7.5,0,0,0,2,2025-01-26T18:39:00+05:30,Khoyathong area (synthetic demo),evening_peak,rain,paved,local,0
24.83,93.932,372,30.4,3,17,6,23.7,1526,7.5,0,0,0,2,2025-04-27T17:52:00+05:30,Khoyathong area (synthetic demo),evening_peak,rain,paved,local,0
24.83,93.932,402,40.0,3,18,6,0.3,1044,7.5,0,0,0,2,2025-09-28T19:49:00+05:30,Khoyathong area (synthetic demo),evening_peak,fog,paved,local,0
24.83,93.932,322,49.1,3,17,6,0.9,231,7.5,0,0,0,2,2025-07-13T17:16:00+05:30,Khoyathong area (synthetic demo),evening_peak,fog,paved,local,0
24.83,93.932,424,15.6,3,19,6,0.6,1480,7.5,0,0,0,2,2025-03-09T17:08:00+05:30,Khoyathong area (synthetic demo),evening_peak,fog,paved,local,0
24.83,93.932,418,19.4,3,19,6,0.7,217,7.5,0,0,0,2,2025-08-10T17:11:00+05:30,Khoyathong area (synthetic demo),evening_peak,fog,paved,local,0
24.83,93.932,124,51.3,3,22,6,0.2,8458,7.5,0,0,0,2,2025-04-27T22:56:00+05:30,Khoyathong area (synthetic demo),night,clear,paved,local,0
24.83,93.932,88,28.3,3,23,6,0.4,5107,7.5,0,0,0,2,2025-03-02T00:55:00+05:30,Khoyathong area (synthetic demo),night,clear,paved,local,0
24.83,93.932,88,50.9,3,22,6,0.3,7016,7.5,0,0,0,2,2025-09-28T23:00:00+05:30,Khoyathong area (synthetic demo),night,clear,paved,local,0
24.83,93.932,87,54.2,3,23,6,0.3,7486,7.5,0,0,0,2,2025-04-27T23:19:00+05:30,Khoyathong area (synthetic demo),night,clear,paved,local,0
24.83,93.932,113,27.3,3,22,6,22.5,1096,7.5,0,0,0,2,2025-08-31T00:26:00+05:30,Khoyathong area (synthetic demo),night,rain,paved,local,1
24.83,93.932,106,63.0,3,22,6,23.5,3346,7.5,0,0,0,2,2025-06-15T22:42:00+05:30,Khoyathong area (synthetic demo),night,rain,paved,local,0
24.83,93.932,89,46.1,3,23,6,28.1,1780,7.5,0,0,0,2,2025-02-16T00:54:00+05:30,Khoyathong area (synthetic demo),night,rain,paved,local,1
24.83,93.932,107,32.8,3,22,6,13.8,4160,7.5,0,0,0,2,2025-05-11T00:20:00+05:30,Khoyathong area (synthetic demo),night,rain,paved,local,0
24.83,93.932,89,28.3,3,23,6,1.3,332,7.5,0,1,0,2,2025-05-11T00:00:00+05:30,Khoyathong area (synthetic demo),night,fog,paved,local,1
24.83,93.932,88,22.2,3,0,6,0.8,176,7.5,0,0,0,2,2025-12-14T22:24:00+05:30,Khoyathong area (synthetic demo),night,fog,paved,local,0
24.83,93.932,126,36.4,3,23,6,1.2,1402,7.5,0,1,0,2,2025-07-13T00:05:00+05:30,Khoyathong area (synthetic demo),night,fog,paved,local,0
24.83,93.932,126,34.2,3,23,6,0.6,254,7.5,0,1,0,2,2025-01-05T23:47:00+05:30,Khoyathong area (synthetic demo),night,fog,paved,local,1
